sku,2025-01,2025-02,2025-03,2025-04,2025-05,2025-06,2025-07,2025-08,2025-09,2025-10,2025-11,2025-12,2026-01,2026-02,2026-03
 CF-A-008-S0-1360,0.0,0.0,0.0,0.0,0.0,0.0,8.0,0.0,0.0,0.0,3.0,0.0,0.0,0.0,0.0
 CF-H-045-O0-A,0.0,0.0,0.0,0.0,0.0,0.0,0.0,0.0,1.0,0.0,0.0,0.0,0.0,0.0,0.0
101-06-11G 24V R12DIN A12DIN,0.0,1.0,0.0,0.0,0.0,2.0,0.0,0.0,0.0,0.0,0.0,0.0,0.0,0.0,0.0
101-06-11G 24V R15DIN A15DIN,0.0,0.0,0.0,0.0,0.0,0.0,1.0,0.0,0.0,0.0,0.0,0.0,0.0,0.0,0.0
101-06-11N 24V R15DIN A15DIN,0.0,0.0,0.0,1.0,0.0,0.0,0.0,0.0,0.0,0.0,0.0,0.0,1.0,0.0,0.0
101-06-11N 24V R15JIS A15JIS,0.0,0.0,0.0,0.0,0.0,0.0,0.0,0.0,0.0,0.0,0.0,3.0,0.0,0.0,0.0
101-06-13-A-110G,0.0,0.0,0.0,0.0,0.0,0.0,1.0,0.0,0.0,0.0,0.0,0.0,0.0,0.0,0.0
101-06-13G 24V 15DIN,0.0,0.0,0.0,0.0,0.0,0.0,0.0,3.0,0.0,0.0,0.0,0.0,0.0,0.0,0.0
101-06-13G 24V 15JIS,0.0,0.0,0.0,0.0,0.0,0.0,0.0,0.0,0.0,0.0,0.0,0.0,0.0,0.0,1.0
101-06-13N 24V 12DIN,0.0,0.0,0.0,0.0,0.0,0.0,0.0,0.0,0.0,0.0,0.0,0.0,0.0,5.0,15.0
101-06-13N 24V 12JIS,0.0,0.0,0.0,0.0,0.0,0.0,1.0,0.0,0.0,0.0,0.0,0.0,0.0,0.0,0.0
101-06-13N 24V 15DIN,0.0,0.0,0.0,0.0,0.0,0.0,0.0,2.0,0.0,10.0,0.0,0.0,0.0,1.0,9.0
101-06-13N 24V 15JIS,0.0,0.0,0.0,0.0,4.0,0.0,5.0,3.0,0.0,0.0,0.0,0.0,0.0,0.0,5.0
101-06-15G 24V R12DIN A12DIN,0.0,0.0,1.0,0.0,0.0,0.0,0.0,0.0,0.0,0.0,0.0,0.0,0.0,0.0,0.0
101-06-15N 24V R12DIN A12DIN,0.0,0.0,0.0,0.0,0.0,2.0,0.0,0.0,0.0,0.0,0.0,0.0,0.0,0.0,0.0
101-06-15N 24V R12JIS A12JIS,0.0,1.0,0.0,0.0,0.0,0.0,0.0,0.0,0.0,0.0,0.0,0.0,0.0,0.0,0.0
101-08-11G 24V R20DIN A20DIN,0.0,0.0,0.0,12.0,0.0,0.0,0.0,0.0,0.0,0.0,0.0,0.0,0.0,0.0,0.0
101-08-11N 24V R15JIS A15JIS,0.0,0.0,0.0,0.0,0.0,0.0,0.0,0.0,3.0,0.0,0.0,0.0,0.0,0.0,0.0
101-08-11N 24V R20JIS A15JIS,0.0,0.0,0.0,1.0,0.0,0.0,0.0,0.0,0.0,0.0,0.0,0.0,0.0,0.0,0.0
101-08-13G 24V 15DIN,20.0,0.0,30.0,21.0,1.0,0.0,0.0,0.0,1.0,0.0,0.0,0.0,10.0,0.0,2.0
101-08-13G 24V 15JIS,0.0,0.0,10.0,0.0,0.0,10.0,0.0,0.0,0.0,0.0,0.0,10.0,0.0,0.0,0.0
101-08-13G 24V 20DIN,0.0,0.0,0.0,80.0,0.0,0.0,0.0,0.0,2.0,0.0,0.0,0.0,0.0,0.0,1.0
101-08-13N 24V 15DIN,0.0,10.0,12.0,10.0,20.0,0.0,10.0,2.0,20.0,0.0,10.0,30.0,60.0,60.0,0.0
101-08-13N 24V 15JIS,61.0,27.0,100.0,75.0,0.0,0.0,0.0,60.0,0.0,0.0,30.0,110.0,5.0,50.0,0.0
101-08-13N 24V 17JIS,0.0,0.0,0.0,0.0,8.0,0.0,0.0,0.0,0.0,20.0,0.0,0.0,0.0,0.0,0.0
101-08-13N 24V 20DIN,0.0,0.0,0.0,0.0,0.0,0.0,0.0,0.0,0.0,0.0,0.0,0.0,17.0,0.0,0.0
101-08-13N 24V 20JIS,20.0,0.0,0.0,0.0,0.0,20.0,0.0,10.0,0.0,0.0,0.0,0.0,0.0,0.0,0.0
101-08-15G 24V R15DIN A15DIN,0.0,2.0,0.0,0.0,0.0,0.0,0.0,0.0,0.0,0.0,0.0,0.0,0.0,0.0,0.0
101-08-15G 24V R15DIN A15JIS,0.0,0.0,0.0,0.0,1.0,0.0,0.0,0.0,0.0,0.0,0.0,0.0,0.0,0.0,0.0
101-08-15G 24V R15JIS A15JIS,1.0,0.0,0.0,0.0,0.0,0.0,0.0,0.0,0.0,0.0,0.0,0.0,2.0,0.0,0.0
101-08-15N 24V R15JIS A15JIS,5.0,0.0,0.0,0.0,0.0,0.0,0.0,1.0,0.0,0.0,0.0,0.0,0.0,0.0,0.0
101-08定子盒 HJC-2M,5.0,0.0,0.0,0.0,0.0,0.0,0.0,0.0,0.0,0.0,0.0,0.0,0.0,0.0,0.0
101-10-11G 24V R19DIN A25JIS,0.0,0.0,0.0,0.0,0.0,0.0,0.0,0.0,0.0,0.0,0.0,1.0,0.0,0.0,0.0
101-10-11G 24V R20DIN A20DIN,0.0,0.0,0.0,0.0,0.0,0.0,0.0,0.0,0.0,0.0,0.0,0.0,0.0,0.0,2.0
101-10-11G 24V R25DIN A25DIN,0.0,10.0,0.0,0.0,0.0,0.0,0.0,3.0,2.0,0.0,0.0,0.0,0.0,0.0,0.0
101-10-11N 24V R20JIS A20JIS,0.0,0.0,0.0,6.0,0.0,3.0,3.0,0.0,3.0,0.0,3.0,0.0,3.0,5.0,0.0
101-10-11N 24V R25DIN A25DIN,0.0,0.0,0.0,0.0,0.0,0.0,5.0,0.0,0.0,0.0,0.0,4.0,0.0,7.0,0.0
101-10-13G 24V 20JIS,0.0,0.0,0.0,0.0,0.0,0.0,0.0,1.0,3.0,0.0,3.0,0.0,3.0,0.0,0.0
101-10-13G 24V 25DIN,0.0,0.0,0.0,0.0,0.0,0.0,0.0,0.0,0.0,1.0,0.0,0.0,2.0,0.0,0.0
101-10-13G 24V 25JIS,0.0,0.0,0.0,1.0,0.0,2.0,6.0,3.0,0.0,0.0,0.0,5.0,0.0,0.0,1.0
101-10-13N 24V 20JIS,0.0,0.0,6.0,0.0,0.0,10.0,0.0,0.0,0.0,1.0,0.0,0.0,0.0,0.0,0.0
101-10-13N 24V 25DIN,0.0,0.0,0.0,0.0,0.0,0.0,0.0,0.0,0.0,0.0,0.0,1.0,1.0,0.0,5.0
101-10-13N 24V 25JIS,6.0,0.0,0.0,0.0,3.0,0.0,25.0,5.0,1.0,0.0,11.0,0.0,3.0,20.0,20.0
101-10-15G 24V R20DIN A20DIN,0.0,0.0,0.0,3.0,0.0,0.0,2.0,0.0,5.0,0.0,0.0,0.0,0.0,0.0,0.0
101-10-15N 24V R20DIN A20DIN,0.0,0.0,0.0,0.0,0.0,8.0,0.0,4.0,0.0,0.0,0.0,8.0,0.0,0.0,0.0
101-10-15N 24V R20DIN A20JIS,0.0,0.0,0.0,0.0,0.0,0.0,0.0,0.0,0.0,1.0,0.0,0.0,0.0,0.0,0.0
101-10-15N 24V R20JIS A20JIS,3.0,2.0,0.0,0.0,0.0,0.0,0.0,0.0,0.0,0.0,0.0,0.0,0.0,0.0,0.0
101-12-11G 24V R22DIN A30DIN,0.0,10.0,0.0,0.0,0.0,0.0,0.0,0.0,0.0,0.0,0.0,0.0,0.0,0.0,0.0
101-12-11G 24V R24DIN A30JIS,0.0,0.0,0.0,0.0,1.0,0.0,0.0,0.0,0.0,0.0,0.0,0.0,0.0,0.0,0.0
101-12-11G 24V R25DIN A25DIN,0.0,1.0,0.0,0.0,0.0,4.0,0.0,0.0,0.0,0.0,5.0,0.0,0.0,2.0,0.0
101-12-11G 24V R30JIS A30JIS,0.0,0.0,0.0,0.0,0.0,15.0,0.0,0.0,0.0,0.0,0.0,0.0,0.0,0.0,0.0
101-12-11N 24V R25DIN A25DIN,0.0,0.0,0.0,0.0,0.0,0.0,1.0,0.0,0.0,0.0,0.0,0.0,0.0,0.0,0.0
101-12-11N 24V R30DIN A30DIN,0.0,0.0,0.0,2.0,0.0,0.0,1.0,0.0,0.0,0.0,1.0,2.0,0.0,3.0,0.0
101-12-11N 24V R30JIS A30JIS,0.0,0.0,0.0,0.0,0.0,0.0,0.0,0.0,0.0,2.0,0.0,0.0,0.0,0.0,0.0
101-12-13G 24V 25JIS,0.0,0.0,0.0,0.0,0.0,0.0,0.0,0.0,3.0,0.0,3.0,0.0,3.0,0.0,0.0
101-12-13N 24V 25DIN,0.0,0.0,0.0,0.0,0.0,1.0,0.0,0.0,0.0,0.0,0.0,0.0,0.0,0.0,0.0
101-12-13N 24V 25JIS,4.0,4.0,2.0,0.0,0.0,5.0,0.0,0.0,5.0,0.0,11.0,0.0,0.0,5.0,0.0
101-12-13N 24V 30DIN,0.0,0.0,0.0,0.0,2.0,0.0,0.0,0.0,0.0,0.0,3.0,2.0,2.0,0.0,15.0
101-12-13N 24V 30JIS,0.0,0.0,0.0,0.0,0.0,0.0,0.0,0.0,0.0,0.0,0.0,1.0,0.0,0.0,0.0
101-12-15N 24V R25JIS A25JIS,0.0,0.0,1.0,0.0,0.0,0.0,0.0,0.0,0.0,0.0,0.0,0.0,0.0,0.0,0.0
101-16-11G 24V R28DIN A40DIN,0.0,0.0,0.0,0.0,0.0,0.0,0.0,0.0,0.0,0.0,0.0,0.0,0.0,0.0,1.0
101-16-11G 24V R28DIN A40JIS,0.0,2.0,0.0,0.0,0.0,0.0,0.0,0.0,0.0,0.0,0.0,0.0,0.0,0.0,0.0
101-16-13G 24V 30JIS,0.0,0.0,1.0,0.0,0.0,0.0,0.0,0.0,1.0,0.0,0.0,0.0,0.0,0.0,0.0
101-16-13G 24V 40JIS,0.0,0.0,0.0,0.0,0.0,0.0,0.0,0.0,0.0,0.0,2.0,0.0,0.0,0.0,0.0
101-16-15G 24V R30DIN A30DIN,0.0,0.0,0.0,1.0,1.0,1.0,0.0,0.0,0.0,0.0,0.0,0.0,0.0,0.0,4.0
101-20-13G 24V 40JIS,0.0,0.0,0.0,0.0,0.0,1.0,0.0,0.0,0.0,0.0,0.0,0.0,0.0,0.0,0.0
101-20-15G 24V R40JIS A40JIS,0.0,0.0,0.0,0.0,0.0,0.0,1.0,0.0,0.0,0.0,0.0,1.0,0.0,0.0,0.0
101-25-13G 24V 40JIS,0.0,0.0,0.0,2.0,0.0,0.0,0.0,0.0,0.0,0.0,0.0,0.0,0.0,0.0,0.0
101-25-13G 24V 50DIN,0.0,0.0,0.0,1.0,0.0,0.0,0.0,0.0,0.0,0.0,0.0,0.0,0.0,0.0,0.0
101-25-15G 24V R50JIS A50JIS,0.0,0.0,0.0,0.0,0.0,0.0,0.0,0.0,0.0,0.0,0.0,0.0,1.0,0.0,0.0
102-03-11 24V R6DIN A6DIN,0.0,0.0,0.0,0.0,0.0,0.0,0.0,0.0,0.0,0.0,0.0,0.0,0.0,1.0,0.0
102-03-33 24V 6MM,0.0,0.0,0.0,0.0,0.0,0.0,20.0,0.0,0.0,2.0,0.0,0.0,0.0,0.0,0.0
102-04-11 24V R8DIN A8DIN,0.0,2.0,0.0,0.0,0.0,0.0,0.0,0.0,0.0,0.0,0.0,0.0,0.0,0.0,0.0
102-04-13 24V 10DIN,10.0,0.0,0.0,0.0,0.0,0.0,0.0,0.0,13.0,0.0,15.0,2.0,0.0,0.0,143.0
102-04-13 24V 10JIS,0.0,2.0,0.0,0.0,0.0,0.0,0.0,0.0,0.0,0.0,0.0,0.0,0.0,0.0,0.0
102-04-31 24V R8MM A10DIN,0.0,0.0,0.0,2.0,0.0,0.0,5.0,0.0,0.0,0.0,0.0,0.0,0.0,0.0,0.0
102-04-31 24V R8MM A8DIN,0.0,60.0,162.0,6.0,3.0,163.0,35.0,30.0,52.0,55.0,55.0,40.0,0.0,100.0,38.0
102-04-33 24V 8MM,0.0,0.0,0.0,0.0,0.0,0.0,0.0,0.0,0.0,5.0,0.0,0.0,0.0,0.0,0.0
102-04-35 24V R10MM A10MM,0.0,0.0,1.0,0.0,0.0,0.0,0.0,0.0,0.0,0.0,0.0,0.0,0.0,0.0,0.0
102-05-13 24V 10DIN,152.0,10.0,0.0,5.0,0.0,50.0,0.0,0.0,550.0,50.0,60.0,0.0,50.0,50.0,2.0
102-05-13 24V 10JIS,0.0,0.0,2.0,0.0,0.0,2.0,0.0,0.0,0.0,0.0,0.0,5.0,0.0,0.0,0.0
102-05-13 24V 15DIN,0.0,0.0,0.0,0.0,13.0,43.0,0.0,0.0,5.0,0.0,0.0,0.0,0.0,9.0,0.0
102-05-31 24V R10MM A10DIN,0.0,0.0,0.0,0.0,0.0,5.0,0.0,5.0,0.0,0.0,5.0,0.0,0.0,0.0,0.0
102-05-33 24V 10MM,0.0,0.0,0.0,0.0,0.0,2.0,0.0,0.0,0.0,1.0,0.0,0.0,0.0,2.0,0.0
102-05-35 24V R10MM A10MM,0.0,3.0,4.0,0.0,0.0,0.0,5.0,0.0,0.0,6.0,0.0,0.0,0.0,0.0,20.0
102-05-35 24V R15MM A15MM,0.0,0.0,2.0,0.0,0.0,0.0,0.0,0.0,0.0,1.0,0.0,0.0,0.0,0.0,1.0
111-06-11G 24V 12DIN,0.0,0.0,0.0,0.0,0.0,2.0,0.0,0.0,0.0,0.0,0.0,0.0,0.0,0.0,0.0
111-06-11G 24V 12JIS,0.0,0.0,1.0,0.0,0.0,0.0,0.0,0.0,0.0,0.0,0.0,0.0,0.0,0.0,0.0
111-06-11G 24V 15JIS,0.0,0.0,0.0,0.0,0.0,0.0,0.0,0.0,0.0,0.0,0.0,0.0,0.0,2.0,0.0
111-06-11N 24V 12DIN,0.0,0.0,0.0,0.0,0.0,0.0,1.0,0.0,0.0,0.0,0.0,0.0,0.0,0.0,0.0
111-06-11N 24V 12JIS,0.0,0.0,10.0,0.0,20.0,0.0,0.0,0.0,50.0,0.0,0.0,0.0,0.0,0.0,50.0
111-06-11N 24V 15DIN,10.0,0.0,20.0,1.0,0.0,0.0,10.0,0.0,0.0,10.0,0.0,0.0,25.0,0.0,0.0
111-06-12N 24V 12DIN,0.0,0.0,0.0,7.0,0.0,0.0,0.0,0.0,5.0,0.0,11.0,8.0,0.0,0.0,0.0
111-06-12N 24V 15DIN,0.0,0.0,0.0,0.0,0.0,20.0,50.0,0.0,0.0,0.0,0.0,20.0,80.0,0.0,0.0
111-06-12N 24V 15JIS,0.0,0.0,0.0,0.0,0.0,0.0,0.0,0.0,0.0,0.0,0.0,0.0,0.0,2.0,0.0
111-06-13N 24V,0.0,0.0,0.0,0.0,0.0,0.0,0.0,10.0,10.0,0.0,0.0,14.0,0.0,0.0,0.0
111-08-11G 24V 15DIN,0.0,0.0,0.0,8.0,0.0,0.0,0.0,0.0,10.0,0.0,0.0,0.0,14.0,0.0,0.0
111-08-11G 24V 15JIS,0.0,5.0,0.0,6.0,0.0,9.0,0.0,0.0,6.0,6.0,7.0,0.0,10.0,5.0,10.0
111-08-11G 24V 20DIN,0.0,0.0,0.0,100.0,0.0,0.0,0.0,0.0,2.0,0.0,0.0,0.0,0.0,0.0,0.0
111-08-11N 24V 15JIS,11.0,5.0,10.0,20.0,6.0,30.0,0.0,30.0,20.0,0.0,0.0,10.0,20.0,22.0,35.0
111-08-11N 24V 17JIS,0.0,0.0,0.0,0.0,0.0,0.0,0.0,0.0,0.0,0.0,1.0,0.0,0.0,20.0,0.0
111-08-11N 24V 20DIN,2.0,0.0,0.0,1.0,0.0,0.0,0.0,0.0,0.0,0.0,0.0,0.0,1.0,0.0,0.0
111-08-12G 24V 15DIN,2.0,0.0,0.0,0.0,0.0,0.0,0.0,5.0,0.0,0.0,0.0,0.0,0.0,0.0,0.0
111-08-12G 24V 15JIS,0.0,0.0,0.0,0.0,5.0,0.0,0.0,0.0,0.0,0.0,12.0,0.0,0.0,0.0,25.0
111-08-12G 24V 15JIS N14,0.0,0.0,0.0,0.0,0.0,0.0,0.0,0.0,10.0,0.0,0.0,0.0,0.0,0.0,0.0
111-08-12N 24V 14JIS,0.0,0.0,0.0,30.0,1.0,0.0,1.0,0.0,0.0,0.0,0.0,0.0,0.0,0.0,0.0
111-08-12N 24V 15JIS,0.0,0.0,0.0,0.0,0.0,0.0,0.0,0.0,0.0,0.0,0.0,0.0,0.0,3.0,0.0
111-08-12N 24V 20DIN,0.0,0.0,10.0,0.0,10.0,0.0,10.0,0.0,10.0,0.0,0.0,0.0,0.0,0.0,0.0
111-08-13G 24V,0.0,6.0,10.0,4.0,2.0,0.0,3.0,12.0,5.0,5.0,2.0,6.0,6.0,0.0,0.0
111-08-13N 24V,0.0,222.0,340.0,65.0,12.0,0.0,70.0,60.0,0.0,0.0,127.0,210.0,0.0,290.0,0.0
111-10-11G 24V 25DIN,0.0,0.0,0.0,0.0,0.0,0.0,0.0,0.0,0.0,1.0,0.0,0.0,0.0,0.0,0.0
111-10-11N 24V 20DIN,3.0,0.0,5.0,0.0,0.0,5.0,0.0,0.0,0.0,3.0,4.0,3.0,0.0,0.0,0.0
111-10-11N 24V 20JIS,5.0,0.0,0.0,6.0,0.0,3.0,3.0,0.0,4.0,0.0,0.0,2.0,2.0,2.0,0.0
111-10-11N 24V 25DIN,25.0,0.0,20.0,0.0,20.0,10.0,20.0,30.0,0.0,0.0,16.0,1.0,0.0,16.0,0.0
111-10-11N 24V 25JIS,0.0,0.0,0.0,10.0,3.0,0.0,0.0,2.0,5.0,0.0,0.0,10.0,0.0,0.0,0.0
111-10-12G 24V 20DIN,0.0,0.0,0.0,0.0,0.0,0.0,0.0,0.0,0.0,0.0,0.0,0.0,0.0,0.0,6.0
111-10-12G 24V 20JIS,0.0,0.0,0.0,0.0,0.0,0.0,0.0,0.0,0.0,0.0,0.0,0.0,0.0,4.0,0.0
111-10-12G 24V 25DIN,0.0,0.0,0.0,0.0,0.0,0.0,0.0,0.0,0.0,0.0,0.0,0.0,0.0,0.0,1.0
111-10-12N 24V 20JIS,6.0,0.0,0.0,0.0,0.0,0.0,0.0,0.0,0.0,0.0,8.0,0.0,0.0,0.0,0.0
111-10-12N 24V 25DIN,18.0,0.0,0.0,0.0,0.0,0.0,0.0,0.0,0.0,0.0,0.0,0.0,0.0,0.0,0.0
111-10-12N 24V 25JIS,0.0,2.0,1.0,1.0,0.0,0.0,20.0,0.0,1.0,2.0,10.0,0.0,0.0,20.0,20.0
111-10-13G 24V,0.0,5.0,0.0,0.0,0.0,3.0,0.0,0.0,1.0,0.0,0.0,2.0,0.0,1.0,0.0
111-10-13N 24V,0.0,16.0,4.0,0.0,0.0,10.0,16.0,20.0,10.0,11.0,0.0,0.0,23.0,0.0,0.0
111-12-11G 24V 25JIS,1.0,1.0,0.0,3.0,3.0,13.0,6.0,0.0,6.0,6.0,11.0,0.0,11.0,5.0,10.0
111-12-11G 24V 30DIN,0.0,0.0,2.0,3.0,0.0,0.0,0.0,0.0,0.0,0.0,0.0,0.0,0.0,0.0,0.0
111-12-11G 24V 30JIS,0.0,0.0,6.0,3.0,0.0,0.0,0.0,0.0,0.0,0.0,0.0,0.0,0.0,0.0,0.0
111-12-11N 24V 25DIN,0.0,20.0,20.0,20.0,20.0,0.0,0.0,2.0,0.0,0.0,0.0,0.0,0.0,0.0,0.0
111-12-11N 24V 25JIS,21.0,5.0,22.0,67.0,0.0,50.0,40.0,25.0,40.0,0.0,20.0,6.0,64.0,52.0,38.0
111-12-11N 24V 30JIS,0.0,0.0,0.0,10.0,0.0,8.0,10.0,0.0,10.0,10.0,6.0,20.0,0.0,25.0,0.0
111-12-12G 24V 25DIN,0.0,0.0,0.0,0.0,0.0,0.0,0.0,0.0,0.0,0.0,3.0,0.0,0.0,0.0,0.0
111-12-12G 24V 30DIN,0.0,1.0,0.0,0.0,0.0,0.0,12.0,0.0,0.0,1.0,0.0,0.0,0.0,0.0,0.0
111-12-12G 24V 30JIS,0.0,0.0,0.0,0.0,2.0,15.0,0.0,0.0,0.0,0.0,0.0,0.0,0.0,0.0,0.0
111-12-12N 24V 25DIN,0.0,0.0,0.0,0.0,0.0,50.0,0.0,0.0,0.0,0.0,0.0,0.0,1.0,2.0,50.0
111-12-12N 24V 25JIS,0.0,0.0,0.0,0.0,0.0,5.0,0.0,0.0,0.0,0.0,0.0,0.0,0.0,0.0,0.0
111-12-12N 24V 30JIS,0.0,0.0,0.0,0.0,0.0,0.0,0.0,0.0,0.0,2.0,0.0,0.0,0.0,0.0,0.0
111-12-13G 24V,1.0,1.0,10.0,0.0,2.0,0.0,4.0,2.0,0.0,0.0,10.0,0.0,2.0,0.0,3.0
111-12-13N 24V,10.0,0.0,26.0,5.0,4.0,22.0,10.0,50.0,0.0,21.0,15.0,25.0,2.0,2.0,70.0
111-16-11G 24V 30JIS,0.0,0.0,0.0,0.0,0.0,0.0,0.0,0.0,0.0,0.0,0.0,0.0,0.0,5.0,0.0
111-16-11G 24V 40DIN,0.0,0.0,0.0,1.0,0.0,0.0,0.0,0.0,0.0,0.0,0.0,0.0,0.0,0.0,0.0
111-16-11G 24V 40JIS,0.0,0.0,1.0,10.0,1.0,0.0,0.0,0.0,0.0,0.0,2.0,0.0,0.0,0.0,0.0
111-16-12G 24V 30DIN,0.0,0.0,0.0,0.0,0.0,2.0,0.0,0.0,0.0,0.0,0.0,0.0,0.0,0.0,0.0
111-16-12G 24V 30JIS,0.0,0.0,0.0,14.0,0.0,0.0,0.0,0.0,0.0,0.0,0.0,0.0,0.0,0.0,0.0
111-16-12G 24V 40JIS,0.0,0.0,0.0,6.0,1.0,1.0,0.0,0.0,0.0,0.0,0.0,0.0,0.0,0.0,1.0
111-16-13G 24V,6.0,0.0,1.0,0.0,0.0,0.0,0.0,0.0,0.0,0.0,0.0,0.0,0.0,0.0,0.0
111-20-11G 24V 40JIS,0.0,0.0,0.0,0.0,0.0,0.0,2.0,0.0,0.0,0.0,0.0,0.0,0.0,0.0,0.0
111-20-11G 24V 50JIS,0.0,0.0,0.0,2.0,0.0,0.0,0.0,0.0,0.0,0.0,0.0,0.0,0.0,0.0,0.0
111-20-12G 24V 40JIS,0.0,2.0,0.0,0.0,0.0,0.0,0.0,0.0,0.0,0.0,0.0,0.0,0.0,0.0,0.0
111-20-12G 24V 50DIN,0.0,0.0,0.0,0.0,0.0,0.0,0.0,0.0,0.0,0.0,0.0,6.0,0.0,0.0,0.0
111-20-13G 24V,0.0,0.0,0.0,0.0,0.0,0.0,0.0,0.0,0.0,0.0,0.0,1.0,0.0,0.0,0.0
111-25-12G 24V 60DIN,0.0,0.0,0.0,3.0,0.0,1.0,0.0,0.0,0.0,0.0,0.0,0.0,0.0,0.0,0.0
111-25-12G 24V 60JIS,0.0,0.0,0.0,0.0,0.0,1.0,0.0,1.0,0.0,0.0,0.0,0.0,0.0,0.0,0.0
111-25-13G 24V,0.0,0.0,2.0,0.0,0.0,0.0,0.0,0.0,0.0,0.0,0.0,0.0,0.0,0.0,0.0
112-02-13 24V,0.0,0.0,0.0,0.0,0.0,0.0,0.0,0.0,0.0,1.0,0.0,0.0,0.0,0.0,0.0
112-03-11 24V 6DIN,0.0,0.0,0.0,0.0,0.0,0.0,0.0,2.0,0.0,0.0,0.0,0.0,0.0,0.0,0.0
112-03-13 24V,0.0,0.0,0.0,0.0,0.0,0.0,0.0,0.0,0.0,10.0,0.0,0.0,0.0,0.0,0.0
112-04-11 24V 10DIN,0.0,0.0,0.0,0.0,0.0,0.0,0.0,30.0,0.0,0.0,0.0,30.0,0.0,0.0,0.0
112-04-13 24V,4.0,0.0,0.0,0.0,0.0,0.0,0.0,0.0,0.0,0.0,0.0,0.0,0.0,0.0,0.0
112-05-12 24V 10DIN,0.0,0.0,2.0,0.0,0.0,3.0,0.0,0.0,0.0,0.0,10.0,0.0,0.0,0.0,0.0
112-05-13 24V,30.0,1.0,0.0,0.0,0.0,0.0,0.0,0.0,0.0,0.0,0.0,0.0,0.0,0.0,0.0
113ZYT90-1/3-1750,0.0,0.0,0.0,2.0,0.0,0.0,0.0,0.0,0.0,0.0,0.0,0.0,2.0,0.0,0.0
121-08-10G,0.0,0.0,0.0,0.0,0.0,1.0,2.0,0.0,0.0,1.0,0.0,0.0,0.0,0.0,0.0
121-08-20G,0.0,0.0,0.0,0.0,0.0,0.0,1.0,0.0,0.0,0.0,0.0,0.0,0.0,0.0,0.0
121-10-10G,0.0,0.0,0.0,0.0,0.0,2.0,0.0,0.0,0.0,2.0,0.0,2.0,0.0,1.0,1.0
121-10-20G,0.0,0.0,0.0,0.0,0.0,5.0,0.0,0.0,0.0,8.0,0.0,0.0,0.0,8.0,0.0
121-12-20G,0.0,0.0,0.0,0.0,0.0,0.0,0.0,0.0,0.0,0.0,0.0,0.0,0.0,1.0,0.0
121-25-20G,0.0,5.0,0.0,0.0,0.0,0.0,0.0,0.0,0.0,1.0,0.0,6.0,1.0,0.0,0.0
122-06-20G,0.0,0.0,1.0,0.0,0.0,0.0,0.0,1.0,0.0,0.0,0.0,0.0,0.0,0.0,0.0
122-08-20G,0.0,0.0,0.0,2.0,0.0,3.0,0.0,0.0,0.0,0.0,0.0,0.0,0.0,0.0,2.0
125-05-12G,0.0,0.0,0.0,0.0,0.0,0.0,0.0,0.0,0.0,0.0,0.0,0.0,0.0,0.0,4.0
125-06-12G,0.0,0.0,10.0,0.0,0.0,5.0,0.0,0.0,5.0,10.0,0.0,0.0,0.0,1.0,9.0
125-08-12E,0.0,0.0,0.0,0.0,0.0,0.0,3.0,1.0,3.0,1.0,0.0,1.0,0.0,0.0,0.0
125-08-12G,0.0,0.0,0.0,1.0,0.0,0.0,0.0,0.0,2.0,0.0,0.0,0.0,0.0,0.0,0.0
125-08-12N,15.0,20.0,30.0,28.0,25.0,6.0,10.0,20.0,30.0,32.0,30.0,15.0,20.0,19.0,20.0
125-10-12E,0.0,0.0,25.0,2.0,0.0,3.0,1.0,0.0,0.0,2.0,0.0,10.0,4.0,0.0,1.0
125-10-12EG,0.0,0.0,0.0,0.0,0.0,0.0,1.0,0.0,0.0,0.0,0.0,0.0,0.0,0.0,0.0
125-10-12G,0.0,0.0,0.0,0.0,0.0,1.0,0.0,0.0,0.0,0.0,0.0,0.0,0.0,0.0,0.0
125-10-12N,35.0,0.0,20.0,44.0,0.0,25.0,45.0,0.0,25.0,15.0,20.0,15.0,10.0,50.0,10.0
125-12-12E,0.0,0.0,0.0,0.0,0.0,0.0,0.0,1.0,0.0,0.0,0.0,0.0,2.0,0.0,0.0
125-12-12N,0.0,0.0,1.0,0.0,0.0,0.0,0.0,0.0,0.0,0.0,3.0,0.0,0.0,0.0,1.0
125-16-12G,0.0,0.0,0.0,0.0,0.0,0.0,0.0,2.0,0.0,0.0,0.0,0.0,0.0,0.0,0.0
1422V236S,0.0,0.0,0.0,0.0,0.0,2.0,0.0,0.0,0.0,1.0,0.0,1.0,0.0,0.0,0.0
180-10-011 80,0.0,0.0,0.0,0.0,0.0,2.0,0.0,0.0,0.0,0.0,0.0,0.0,0.0,0.0,0.0
1922V443S,0.0,0.0,25.0,0.0,0.0,0.0,0.0,0.0,0.0,0.0,0.0,0.0,0.0,0.0,0.0
2322V441K,0.0,0.0,0.0,20.0,0.0,20.0,20.0,0.0,40.0,0.0,20.0,0.0,0.0,12.0,0.0
2322V521,0.0,0.0,25.0,25.0,0.0,0.0,50.0,0.0,25.0,25.0,0.0,0.0,0.0,6.0,0.0
3015M 12-12,0.0,0.0,0.0,0.0,0.0,0.0,0.0,4.0,2.0,0.0,0.0,0.0,0.0,0.0,0.0
4*0.5,5.0,0.0,0.0,0.0,0.0,0.0,0.0,0.0,0.0,0.0,0.0,0.0,0.0,0.0,0.0
50VZ-02 ,0.0,0.0,0.0,0.0,1.0,0.0,0.0,0.0,0.0,0.0,0.0,0.0,0.0,0.0,0.0
6*0.2,5.0,0.0,0.0,0.0,0.0,0.0,0.0,0.0,0.0,0.0,0.0,0.0,0.0,0.0,0.0
830-M3-LM(DLX4.66M),0.0,0.0,0.0,0.0,0.0,0.0,0.0,0.0,0.0,0.0,0.0,210.0,100.0,0.0,5.0
8GBK25BMH,0.0,0.0,0.0,0.0,0.0,0.0,0.0,0.0,1.0,0.0,0.0,6.0,0.0,0.0,0.0
8GBK360BH,0.0,50.0,0.0,0.0,20.0,0.0,0.0,0.0,0.0,0.0,0.0,50.0,0.0,0.0,0.0
8IDGC-25G-T,0.0,50.0,0.0,0.0,0.0,0.0,0.0,0.0,0.0,0.0,0.0,0.0,0.0,0.0,0.0
8IDGE-25G-T,0.0,0.0,0.0,0.0,20.0,0.0,0.0,0.0,1.0,0.0,0.0,56.0,0.0,0.0,0.0
8Z-F ,0.0,0.0,0.0,0.0,1.0,0.0,0.0,0.0,0.0,0.0,0.0,0.0,0.0,0.0,0.0
9GBK50BMH,0.0,0.0,0.0,0.0,0.0,0.0,0.0,0.0,0.0,0.0,0.0,0.0,1.0,0.0,0.0
9IDGG-40G-T,0.0,0.0,0.0,0.0,0.0,0.0,0.0,0.0,0.0,0.0,0.0,0.0,1.0,0.0,0.0
9IDGK-90FP-T,0.0,0.0,0.0,24.0,0.0,0.0,0.0,0.0,0.0,0.0,0.0,0.0,0.0,0.0,0.0
9PBK18BH,0.0,0.0,0.0,24.0,0.0,0.0,0.0,0.0,0.0,0.0,0.0,0.0,0.0,0.0,0.0
ACRM-075 4-3,0.0,4.0,0.0,3.0,0.0,0.0,0.0,0.0,0.0,0.0,0.0,0.0,0.0,0.0,0.0
ACRM-075 4-4,0.0,0.0,0.0,0.0,0.0,0.0,0.0,0.0,0.0,0.0,0.0,0.0,0.0,0.0,4.0
ACRM-075 5-3,0.0,0.0,0.0,3.0,0.0,0.0,0.0,0.0,0.0,0.0,0.0,0.0,0.0,0.0,0.0
ACRM-075 6.35-5,0.0,5.0,0.0,0.0,0.0,0.0,0.0,0.0,0.0,0.0,0.0,0.0,0.0,0.0,0.0
ACRM-100 10-6,0.0,0.0,1.0,0.0,0.0,0.0,0.0,0.0,0.0,0.0,0.0,0.0,0.0,0.0,0.0
ACRM-100 10-8,0.0,0.0,0.0,0.0,0.0,0.0,0.0,0.0,0.0,0.0,0.0,2.0,0.0,0.0,4.0
ACRM-100 8-6,0.0,5.0,3.0,0.0,0.0,0.0,10.0,0.0,0.0,0.0,0.0,0.0,0.0,2.0,0.0
ACRM-100 8-8,0.0,0.0,0.0,0.0,0.0,0.0,0.0,0.0,0.0,0.0,0.0,0.0,0.0,0.0,6.0
ACRM-112 10-10,0.0,0.0,0.0,0.0,0.0,0.0,2.0,0.0,0.0,0.0,0.0,0.0,0.0,0.0,0.0
ACRM-112 12-10,0.0,0.0,0.0,0.0,0.0,0.0,0.0,0.0,2.0,0.0,0.0,0.0,0.0,0.0,0.0
AK-106-AN-14N,0.0,1.0,1.0,0.0,0.0,0.0,0.0,0.0,2.0,0.0,0.0,0.0,0.0,0.0,0.0
AK-124-MAT-14K,0.0,0.0,0.0,0.0,0.0,0.0,0.0,0.0,0.0,0.0,0.0,0.0,0.0,3.0,5.0
AK-124-MAT-14N,0.0,0.0,2.0,0.0,0.0,0.0,0.0,0.0,0.0,2.0,0.0,2.0,0.0,0.0,0.0
AK-124-MAT-16N,0.0,0.0,0.0,2.0,0.0,2.0,0.0,0.0,0.0,0.0,0.0,0.0,0.0,0.0,0.0
AK-124-MAT-16N(5)不带手轮,2.0,0.0,0.0,7.0,0.0,0.0,0.0,4.0,0.0,0.0,7.0,0.0,0.0,0.0,0.0
AK-140-MA-19N,0.0,0.0,0.0,0.0,0.0,0.0,0.0,0.0,0.0,0.0,2.0,0.0,0.0,0.0,0.0
AK-140-MAT-19N,3.0,0.0,4.0,9.0,4.0,18.0,0.0,1.0,0.0,3.0,7.0,0.0,2.0,0.0,7.0
AK-155-MA-24N,0.0,0.0,0.0,0.0,0.0,1.0,0.0,4.0,0.0,0.0,0.0,0.0,0.0,0.0,0.0
AK-155-MAB-28N,20.0,5.0,0.0,20.0,0.0,3.0,20.0,0.0,40.0,20.0,0.0,1.0,20.0,3.0,0.0
AK-155-MAT-24N,24.0,0.0,0.0,0.0,0.0,0.0,20.0,0.0,0.0,2.0,5.0,21.0,0.0,7.0,0.0
AK-160-AN 28N,0.0,0.0,1.0,0.0,0.0,0.0,0.0,0.0,0.0,0.0,0.0,0.0,0.0,0.0,0.0
AK-180-AN-28N,0.0,0.0,0.0,0.0,0.0,1.0,0.0,0.0,1.0,1.0,0.0,0.0,0.0,0.0,0.0
AK-185-AM,0.0,0.0,0.0,0.0,0.0,0.0,0.0,0.0,0.0,0.0,0.0,0.0,3.0,0.0,0.0
AK-185-AV,0.0,0.0,15.0,15.0,0.0,15.0,0.0,0.0,15.0,0.0,15.0,0.0,0.0,0.0,0.0
AK-185-MAT-28N,2.0,3.0,0.0,1.0,0.0,0.0,2.0,2.0,10.0,3.0,2.0,0.0,0.0,2.0,1.0
AK-90-MAT-11,0.0,0.0,0.0,0.0,0.0,1.0,0.0,0.0,0.0,0.0,0.0,0.0,0.0,0.0,0.0
AL-035,0.0,0.0,0.0,0.0,0.0,6.0,0.0,0.0,0.0,0.0,0.0,0.0,0.0,0.0,0.0
AL-050,0.0,0.0,0.0,0.0,200.0,1.0,0.0,0.0,0.0,0.0,0.0,0.0,0.0,20.0,10.0
AL-070,0.0,0.0,0.0,80.0,10.0,500.0,10.0,610.0,62.0,10.0,0.0,2.0,0.0,160.0,1.0
AL-070 15H-15H,0.0,0.0,0.0,0.0,0.0,0.0,0.0,0.0,0.0,3.0,0.0,0.0,0.0,0.0,0.0
AL-075,60.0,5.0,65.0,0.0,100.0,0.0,0.0,100.0,0.0,150.0,0.0,60.0,0.0,200.0,0.0
AL-075 14N-14N,0.0,0.0,0.0,0.0,0.0,0.0,0.0,0.0,0.0,0.0,0.0,0.0,0.0,0.0,3.0
AL-090,0.0,0.0,0.0,0.0,0.0,20.0,0.0,0.0,0.0,30.0,0.0,0.0,0.0,10.0,0.0
AL-090 14H-18H,0.0,0.0,0.0,0.0,0.0,0.0,0.0,0.0,0.0,0.0,0.0,0.0,0.0,0.0,38.0
AL-090 19N-19N,0.0,0.0,0.0,0.0,0.0,0.0,0.0,4.0,0.0,0.0,0.0,0.0,0.0,0.0,0.0
AL-095,0.0,4.0,20.0,12.0,5.0,34.0,0.0,20.0,40.0,0.0,1.0,61.0,0.0,30.0,0.0
AL-095 19H-25H,0.0,0.0,0.0,0.0,0.0,2.0,0.0,0.0,0.0,0.0,0.0,0.0,0.0,0.0,0.0
AL-100,0.0,4.0,2.0,0.0,0.0,0.0,6.0,0.0,0.0,2.0,4.0,5.0,0.0,25.0,0.0
AL-100 20H-24N,0.0,0.0,0.0,0.0,1.0,0.0,0.0,0.0,0.0,0.0,0.0,0.0,0.0,0.0,0.0
AL-100 24H-28H,0.0,0.0,0.0,0.0,0.0,0.0,0.0,0.0,0.0,2.0,0.0,0.0,0.0,0.0,0.0
AL-100 28H-32H,0.0,0.0,0.0,0.0,0.0,0.0,0.0,2.0,0.0,0.0,0.0,0.0,0.0,0.0,0.0
AL-110,4.0,0.0,8.0,0.0,0.0,0.0,6.0,0.0,0.0,0.0,0.0,0.0,6.0,22.0,6.0
ALS-014-Y-EL,0.0,0.0,0.0,0.0,0.0,0.0,0.0,0.0,0.0,0.0,0.0,0.0,0.0,0.0,20.0
ALS-014ARN-5BHA-5BHA,0.0,0.0,0.0,10.0,10.0,0.0,15.0,0.0,0.0,0.0,0.0,0.0,0.0,0.0,0.0
ALS-014ARN-6BHA-6.35BHA,0.0,0.0,0.0,0.0,0.0,0.0,0.0,0.0,0.0,0.0,2.0,0.0,0.0,0.0,0.0
ALS-014ARN-7BHA-7BHA,0.0,0.0,3.0,0.0,0.0,0.0,0.0,0.0,0.0,0.0,0.0,0.0,0.0,0.0,0.0
ALS-020-R,0.0,0.0,0.0,0.0,0.0,0.0,0.0,0.0,0.0,0.0,0.0,0.0,5.0,0.0,0.0
ALS-020-R-6B-8B,0.0,0.0,0.0,0.0,3.0,0.0,1.0,0.0,0.0,0.0,1.0,0.0,0.0,0.0,3.0
ALS-020-Y,2.0,0.0,0.0,0.0,0.0,0.0,0.0,0.0,0.0,0.0,0.0,0.0,3.0,0.0,0.0
ALS-020ARN-10BHA-10BHA,0.0,0.0,3.0,0.0,0.0,0.0,0.0,0.0,0.0,1.0,0.0,0.0,0.0,0.0,0.0
ALS-020ARN-5BHA-8BHA,0.0,0.0,0.0,50.0,0.0,57.0,0.0,50.0,50.0,50.0,50.0,0.0,4.0,60.0,4.0
ALS-020ARN-6.35BHA-10BHA,0.0,0.0,0.0,0.0,20.0,0.0,0.0,0.0,0.0,12.0,0.0,0.0,0.0,0.0,2.0
ALS-020ARN-6.35BHA-8BHA,0.0,0.0,0.0,0.0,0.0,0.0,0.0,0.0,0.0,33.0,0.0,47.0,41.0,26.0,0.0
ALS-020ARN-6BHA-6.35BHA,0.0,31.0,0.0,18.0,0.0,0.0,10.0,1.0,4.0,0.0,23.0,48.0,202.0,22.0,2.0
ALS-020ARN-6BHA-6BHA,80.0,0.0,0.0,0.0,0.0,112.0,40.0,0.0,0.0,0.0,0.0,0.0,0.0,26.0,352.0
ALS-020ARN-6BHA-7BHA,0.0,0.0,0.0,0.0,0.0,0.0,0.0,0.0,4.0,0.0,0.0,0.0,0.0,0.0,0.0
ALS-020ARN-6BHA-8BHA,0.0,161.0,100.0,232.0,523.0,204.0,130.0,3.0,216.0,0.0,152.0,280.0,397.0,87.0,780.0
ALS-020ARN-7BHA-10BHA,0.0,0.0,0.0,0.0,0.0,0.0,0.0,0.0,0.0,0.0,1.0,0.0,0.0,0.0,0.0
ALS-020ARN-7BHA-8BHA,0.0,0.0,0.0,8.0,10.0,13.0,6.0,17.0,0.0,10.0,0.0,6.0,20.0,0.0,0.0
ALS-020ARN-8BHA-10BHA,40.0,90.0,220.0,300.0,0.0,1.0,0.0,0.0,0.0,0.0,14.0,128.0,24.0,316.0,0.0
ALS-020ARN-8BHA-8BHA,0.0,51.0,100.0,162.0,192.0,0.0,0.0,0.0,96.0,16.0,39.0,77.0,269.0,48.0,85.0
ALS-030-R-8B-11B,0.0,0.0,0.0,0.0,0.0,0.0,0.0,0.0,0.0,0.0,0.0,0.0,0.0,0.0,3.0
ALS-030-R-EL,0.0,0.0,0.0,0.0,0.0,0.0,0.0,0.0,0.0,0.0,0.0,0.0,0.0,0.0,5.0
ALS-030ABN-10BHA-14BHA,0.0,64.0,0.0,150.0,190.0,0.0,230.0,0.0,80.0,0.0,300.0,220.0,208.0,294.0,150.0
ALS-030ABN-8BHA-10BHA,0.0,0.0,0.0,0.0,0.0,0.0,0.0,0.0,6.0,0.0,0.0,0.0,0.0,0.0,4.0
ALS-030ARN-10BHA-10BHA,0.0,5.0,0.0,5.0,0.0,0.0,0.0,0.0,0.0,0.0,0.0,0.0,15.0,0.0,0.0
ALS-030ARN-10BHA-11BHA,0.0,0.0,0.0,0.0,0.0,0.0,2.0,0.0,0.0,0.0,0.0,0.0,0.0,20.0,0.0
ALS-030ARN-10BHA-12BHA,0.0,3.0,0.0,0.0,0.0,0.0,0.0,32.0,0.0,0.0,0.0,0.0,0.0,0.0,0.0
ALS-030ARN-10BHA-14BHA,1120.0,4288.0,2138.0,801.0,1160.0,6.0,415.0,1064.0,560.0,2776.0,371.0,326.0,1717.0,1427.0,636.0
ALS-030ARN-10BHA-16BHA,0.0,0.0,0.0,0.0,0.0,4.0,0.0,0.0,0.0,0.0,0.0,0.0,0.0,0.0,0.0
ALS-030ARN-12.7BHA-16BHA,0.0,0.0,3.0,0.0,0.0,0.0,0.0,0.0,0.0,1.0,0.0,0.0,0.0,0.0,0.0
ALS-030ARN-12BHA-12BHA,0.0,0.0,0.0,0.0,0.0,0.0,0.0,0.0,0.0,0.0,1.0,0.0,0.0,0.0,0.0
ALS-030ARN-12BHA-13BHA,0.0,0.0,15.0,0.0,0.0,0.0,13.0,0.0,1.0,5.0,0.0,0.0,0.0,0.0,4.0
ALS-030ARN-12BHA-14BHA,0.0,0.0,50.0,0.0,0.0,0.0,52.0,10.0,153.0,22.0,10.0,0.0,0.0,60.0,50.0
ALS-030ARN-12BHA-16BHA,63.0,0.0,0.0,142.0,0.0,20.0,142.0,0.0,0.0,0.0,0.0,0.0,0.0,0.0,0.0
ALS-030ARN-15BHA-15BHA,0.0,0.0,0.0,0.0,0.0,0.0,0.0,2.0,0.0,0.0,0.0,0.0,0.0,0.0,0.0
ALS-030ARN-16BHA-16BHA,0.0,0.0,3.0,0.0,0.0,0.0,0.0,0.0,0.0,0.0,0.0,0.0,0.0,0.0,0.0
ALS-030ARN-6BHA-16BHA,0.0,0.0,3.0,0.0,0.0,0.0,0.0,0.0,0.0,0.0,0.0,0.0,0.0,2.0,0.0
ALS-030ARN-6BHA-6BHA,0.0,0.0,0.0,0.0,0.0,0.0,0.0,1.0,0.0,0.0,0.0,0.0,0.0,0.0,0.0
ALS-030ARN-8BHA-10BHA,0.0,26.0,1.0,0.0,0.0,0.0,2.0,21.0,20.0,0.0,1.0,0.0,0.0,0.0,0.0
ALS-030ARN-8BHA-12BHA,14.0,0.0,0.0,0.0,0.0,0.0,16.0,0.0,0.0,0.0,0.0,0.0,0.0,20.0,2.0
ALS-030ARN-8BHA-14BHA,29.0,0.0,215.0,142.0,386.0,57.0,69.0,141.0,299.0,193.0,46.0,112.0,0.0,51.0,251.0
ALS-030ARN-8BHA-15BHA,0.0,0.0,0.0,0.0,0.0,0.0,0.0,0.0,0.0,0.0,0.0,3.0,0.0,0.0,0.0
ALS-030ARN-8BHA-16BHA,0.0,0.0,0.0,2.0,0.0,0.0,0.0,0.0,0.0,0.0,0.0,0.0,0.0,0.0,0.0
ALS-030ARN-8BHA-8BHA,4.0,0.0,0.0,37.0,0.0,0.0,0.0,0.0,0.0,0.0,0.0,5.0,15.0,0.0,0.0
ALS-030AYN-14BHA-14BHA,0.0,3.0,0.0,0.0,0.0,0.0,0.0,0.0,6.0,0.0,0.0,6.0,0.0,0.0,0.0
ALS-030AYN-14BHA-16BHA,0.0,0.0,0.0,0.0,0.0,0.0,0.0,0.0,0.0,1.0,0.0,0.0,0.0,0.0,0.0
ALS-030AYN-8BHA-14BHA,0.0,0.0,0.0,0.0,0.0,0.0,0.0,0.0,4.0,0.0,0.0,0.0,0.0,0.0,0.0
ALS-040-B,3.0,0.0,0.0,0.0,0.0,0.0,0.0,0.0,0.0,0.0,0.0,0.0,0.0,0.0,0.0
ALS-040-B-EL,1.0,0.0,1.0,2.0,2.0,0.0,1.0,7.0,2.0,40.0,0.0,5.0,39.0,13.0,0.0
ALS-040-R,0.0,199.0,366.0,0.0,0.0,0.0,250.0,0.0,0.0,0.0,0.0,0.0,500.0,0.0,0.0
ALS-040-R-12B-14B,0.0,0.0,0.0,0.0,0.0,2.0,0.0,0.0,0.0,0.0,0.0,0.0,0.0,0.0,0.0
ALS-040-R-EL,0.0,4.0,0.0,0.0,0.0,0.0,80.0,0.0,0.0,30.0,1.0,0.0,23.0,10.0,0.0
ALS-040ABN-12BHA-14BHA,12.0,0.0,0.0,0.0,0.0,0.0,0.0,0.0,0.0,0.0,0.0,0.0,0.0,0.0,0.0
ALS-040ABN-12BHA-19BHA,0.0,0.0,0.0,0.0,0.0,0.0,0.0,0.0,3.0,0.0,0.0,2.0,0.0,0.0,0.0
ALS-040ABN-14BHA-14BHA,2.0,0.0,0.0,0.0,0.0,0.0,0.0,0.0,0.0,0.0,0.0,0.0,0.0,0.0,0.0
ALS-040ABN-16BHA-16BHA,0.0,0.0,0.0,0.0,0.0,1.0,0.0,0.0,0.0,0.0,0.0,0.0,0.0,0.0,0.0
ALS-040ABN-19BHA-20BHA,0.0,0.0,0.0,0.0,2.0,4.0,2.0,0.0,0.0,0.0,0.0,0.0,0.0,0.0,0.0
ALS-040ABN-20BHA-22BHA,0.0,0.0,0.0,0.0,0.0,0.0,2.0,0.0,0.0,0.0,0.0,0.0,0.0,0.0,0.0
ALS-040ARN-10BHA-16BHA,0.0,0.0,0.0,0.0,0.0,0.0,0.0,0.0,0.0,0.0,20.0,0.0,0.0,0.0,0.0
ALS-040ARN-10BHA-19BHA,0.0,1.0,3.0,40.0,5.0,10.0,26.0,1.0,25.0,0.0,0.0,5.0,160.0,21.0,0.0
ALS-040ARN-10BHA-19BKA,0.0,0.0,0.0,0.0,0.0,0.0,0.0,0.0,0.0,0.0,0.0,0.0,0.0,0.0,4.0
ALS-040ARN-10BHA-20BHA,0.0,0.0,0.0,0.0,0.0,0.0,0.0,0.0,0.0,0.0,0.0,0.0,0.0,0.0,2.0
ALS-040ARN-11BHA-20BHA,0.0,50.0,0.0,0.0,0.0,0.0,50.0,0.0,0.0,0.0,0.0,0.0,0.0,0.0,0.0
ALS-040ARN-12BHA-12BHA,1.0,1.0,0.0,0.0,0.0,0.0,0.0,0.0,0.0,0.0,0.0,0.0,0.0,0.0,0.0
ALS-040ARN-12BHA-14BHA,0.0,2.0,0.0,0.0,0.0,0.0,0.0,0.0,0.0,5.0,0.0,0.0,0.0,0.0,0.0
ALS-040ARN-12BHA-14BKA,0.0,0.0,0.0,0.0,0.0,0.0,0.0,0.0,0.0,0.0,0.0,1.0,0.0,0.0,0.0
ALS-040ARN-12BHA-16BHA,0.0,0.0,0.0,0.0,256.0,0.0,0.0,0.0,0.0,0.0,0.0,0.0,0.0,0.0,0.0
ALS-040ARN-12BHA-19BHA,0.0,0.0,2.0,13.0,10.0,113.0,22.0,253.0,87.0,6.0,169.0,74.0,42.0,4.0,4.0
ALS-040ARN-12BHA-19BKA,0.0,0.0,0.0,0.0,0.0,0.0,0.0,0.0,0.0,0.0,0.0,10.0,0.0,0.0,0.0
ALS-040ARN-12BHA-20BHA,0.0,0.0,10.0,0.0,0.0,10.0,0.0,0.0,0.0,0.0,0.0,0.0,0.0,0.0,0.0
ALS-040ARN-13.5BHA-19BHA,1.0,0.0,0.0,0.0,0.0,0.0,0.0,0.0,0.0,0.0,0.0,0.0,0.0,0.0,0.0
ALS-040ARN-13BHA-14BHA,0.0,0.0,0.0,0.0,0.0,10.0,2.0,0.0,0.0,10.0,0.0,0.0,10.0,0.0,20.0
ALS-040ARN-13BHA-20BHA,0.0,0.0,0.0,0.0,0.0,0.0,4.0,0.0,0.0,0.0,0.0,0.0,0.0,0.0,0.0
ALS-040ARN-14BHA-14BHA,10.0,0.0,15.0,10.0,0.0,0.0,10.0,0.0,0.0,0.0,10.0,0.0,20.0,0.0,10.0
ALS-040ARN-14BHA-15BHA,0.0,31.0,0.0,40.0,0.0,120.0,0.0,0.0,0.0,100.0,0.0,40.0,1.0,0.0,80.0
ALS-040ARN-14BHA-16BHA,20.0,0.0,0.0,48.0,5.0,0.0,141.0,0.0,0.0,0.0,2.0,0.0,0.0,0.0,0.0
ALS-040ARN-14BHA-18BHA,0.0,5.0,0.0,0.0,14.0,0.0,0.0,0.0,0.0,0.0,0.0,0.0,0.0,0.0,0.0
ALS-040ARN-14BHA-19BHA,2.0,1.0,3.0,5.0,21.0,4.0,2.0,31.0,10.0,2.0,28.0,195.0,0.0,0.0,0.0
ALS-040ARN-14BHA-20BHA,2.0,0.0,0.0,0.0,1.0,1.0,2.0,0.0,0.0,1.0,0.0,3.0,0.0,0.0,1.0
ALS-040ARN-14BHH-14BHH,0.0,2.0,0.0,0.0,2.0,5.0,1.0,0.0,4.0,0.0,0.0,0.0,7.0,0.0,0.0
ALS-040ARN-14BHH-18BHH,0.0,0.0,0.0,0.0,0.0,5.0,0.0,0.0,0.0,0.0,0.0,0.0,5.0,0.0,0.0
ALS-040ARN-15BHA-15BHA,100.0,0.0,51.0,106.0,0.0,150.0,100.0,1.0,0.0,0.0,0.0,0.0,0.0,0.0,210.0
ALS-040ARN-15BHA-16BHA,170.0,117.0,186.0,0.0,210.0,139.0,208.0,170.0,84.0,135.0,82.0,218.0,231.0,88.0,160.0
ALS-040ARN-15BHA-19BHA,300.0,302.0,160.0,144.0,764.0,650.0,418.0,22.0,1046.0,284.0,686.0,0.0,363.0,276.0,2095.0
ALS-040ARN-15BHA-22BHA,30.0,0.0,0.0,0.0,0.0,30.0,0.0,0.0,0.0,0.0,0.0,2.0,0.0,0.0,0.0
ALS-040ARN-15BHA-24BHA,0.0,0.0,0.0,0.0,0.0,0.0,0.0,0.0,0.0,0.0,0.0,0.0,0.0,0.0,20.0
ALS-040ARN-16BHA-16BHA,0.0,0.0,0.0,0.0,0.0,4.0,0.0,0.0,0.0,0.0,0.0,0.0,0.0,0.0,0.0
ALS-040ARN-16BHA-17BHA,0.0,0.0,0.0,0.0,0.0,0.0,0.0,0.0,0.0,0.0,0.0,0.0,10.0,0.0,0.0
ALS-040ARN-16BHA-19BHA,83.0,90.0,0.0,294.0,1.0,60.0,0.0,90.0,60.0,4.0,19.0,93.0,66.0,140.0,5.0
ALS-040ARN-16BHA-19BHH,0.0,0.0,0.0,0.0,0.0,0.0,0.0,0.0,0.0,0.0,0.0,0.0,6.0,0.0,5.0
ALS-040ARN-16BHA-20BHA,0.0,1.0,0.0,28.0,0.0,0.0,70.0,2.0,0.0,1.0,33.0,44.0,113.0,10.0,90.0
ALS-040ARN-16BHA-22BHA,0.0,10.0,0.0,0.0,0.0,0.0,0.0,0.0,0.0,0.0,0.0,0.0,0.0,1.0,0.0
ALS-040ARN-16BHH-16BHH,0.0,0.0,0.0,0.0,0.0,5.0,0.0,0.0,0.0,0.0,0.0,0.0,0.0,0.0,0.0
ALS-040ARN-17BHA-17BHA,0.0,0.0,0.0,3.0,0.0,0.0,0.0,0.0,0.0,0.0,0.0,0.0,0.0,0.0,0.0
ALS-040ARN-17BHA-19BHA,0.0,0.0,0.0,24.0,0.0,0.0,32.0,0.0,0.0,0.0,1.0,4.0,10.0,20.0,346.0
ALS-040ARN-18BHA-19BHA,0.0,5.0,2.0,208.0,16.0,200.0,200.0,18.0,0.0,0.0,0.0,200.0,200.0,0.0,0.0
ALS-040ARN-18BHA-20BHA,0.0,30.0,0.0,0.0,0.0,0.0,0.0,0.0,30.0,0.0,0.0,0.0,0.0,0.0,40.0
ALS-040ARN-19BHA-19BHA,18.0,0.0,9.0,0.0,0.0,0.0,20.0,21.0,4.0,0.0,0.0,0.0,0.0,1.0,2.0
ALS-040ARN-19BHA-20BHA,6.0,0.0,5.0,20.0,0.0,0.0,2.0,0.0,0.0,0.0,0.0,6.0,30.0,0.0,0.0
ALS-040ARN-19BHA-22BHA,0.0,0.0,30.0,0.0,0.0,56.0,0.0,0.0,30.0,0.0,0.0,0.0,20.0,0.0,0.0
ALS-040ARN-19BHA-24BHA,0.0,0.0,2.0,0.0,5.0,0.0,0.0,0.0,0.0,0.0,2.0,0.0,0.0,0.0,0.0
ALS-040ARN-20BHA-20BHA,5.0,0.0,0.0,0.0,0.0,0.0,2.0,0.0,0.0,0.0,0.0,0.0,0.0,0.0,1.0
ALS-040ARN-20BHA-22BHA,0.0,1.0,1.0,40.0,0.0,2.0,4.0,0.0,20.0,0.0,2.0,0.0,31.0,60.0,7.0
ALS-040ARN-20BHA-24BHA,0.0,0.0,10.0,20.0,0.0,0.0,0.0,0.0,0.0,3.0,11.0,2.0,30.0,0.0,0.0
ALS-040ARN-20BHH-22BHH,2.0,0.0,0.0,0.0,0.0,0.0,0.0,0.0,0.0,0.0,0.0,0.0,0.0,0.0,0.0
ALS-040ARN-22BHA-24BHA,0.0,0.0,1.0,0.0,0.0,0.0,0.0,0.0,0.0,0.0,0.0,0.0,0.0,0.0,0.0
ALS-040ARN-22BHA-24BKA,0.0,0.0,12.0,0.0,0.0,12.0,0.0,2.0,2.0,3.0,4.0,0.0,4.0,0.0,0.0
ALS-040ARN-24BHA-24BHA,0.0,0.0,3.0,0.0,0.0,0.0,0.0,0.0,0.0,0.0,0.0,0.0,0.0,0.0,0.0
ALS-040ARN-24BKA-24BHA,0.0,0.0,0.0,0.0,3.0,0.0,5.0,0.0,0.0,0.0,2.0,0.0,0.0,0.0,0.0
ALS-040ARN-8BHA-14BHA,0.0,0.0,0.0,0.0,0.0,0.0,0.0,0.0,0.0,0.0,1.0,0.0,0.0,0.0,0.0
ALS-040ARN-8BHA-19BHA,0.0,0.0,0.0,0.0,0.0,0.0,0.0,0.0,0.0,0.0,0.0,1.0,0.0,0.0,0.0
ALS-040ARN-9.525BHA-15BHA,0.0,0.0,0.0,0.0,0.0,5.0,0.0,0.0,0.0,5.0,0.0,0.0,0.0,0.0,0.0
ALS-040ARN-T004,0.0,0.0,0.0,0.0,0.0,1.0,0.0,0.0,0.0,0.0,0.0,30.0,0.0,0.0,0.0
ALS-040ARN-T006,0.0,0.0,0.0,0.0,0.0,6.0,0.0,0.0,0.0,0.0,0.0,120.0,0.0,0.0,0.0
ALS-040ARN-T013,0.0,30.0,0.0,22.0,0.0,1.0,0.0,0.0,0.0,0.0,3.0,8.0,93.0,10.0,0.0
ALS-040ARN-T014,100.0,0.0,60.0,120.0,468.0,0.0,4.0,34.0,178.0,116.0,94.0,105.0,355.0,440.0,600.0
ALS-040ARN-T018,0.0,0.0,0.0,0.0,5.0,0.0,0.0,0.0,3.0,0.0,0.0,5.0,0.0,0.0,0.0
ALS-040ARN-T019,0.0,0.0,0.0,0.0,4.0,0.0,0.0,0.0,0.0,0.0,0.0,0.0,0.0,0.0,0.0
ALS-040ARN-T020,0.0,0.0,0.0,0.0,0.0,0.0,0.0,0.0,0.0,0.0,10.0,0.0,0.0,0.0,0.0
ALS-040AYN-11BHA-20BHA,0.0,0.0,0.0,0.0,0.0,0.0,0.0,0.0,0.0,0.0,0.0,0.0,0.0,4.0,0.0
ALS-040AYN-14BHA-16BHA,0.0,0.0,0.0,0.0,0.0,0.0,0.0,0.0,0.0,0.0,0.0,2.0,0.0,0.0,0.0
ALS-040AYN-14BHH-19BHH,7.0,6.0,0.0,0.0,0.0,0.0,0.0,0.0,0.0,0.0,0.0,0.0,0.0,0.0,0.0
ALS-040AYN-15BHA-19BHA,0.0,0.0,2.0,0.0,0.0,0.0,0.0,0.0,0.0,0.0,0.0,1.0,0.0,0.0,0.0
ALS-040AYN-16BHA-19BHA,0.0,0.0,50.0,0.0,0.0,0.0,0.0,0.0,0.0,0.0,0.0,0.0,0.0,0.0,0.0
ALS-040AYN-19BHA-19BHA,0.0,0.0,100.0,0.0,0.0,0.0,0.0,0.0,0.0,0.0,0.0,0.0,0.0,0.0,0.0
ALS-055-B,0.0,0.0,0.0,50.0,100.0,100.0,0.0,0.0,0.0,0.0,0.0,0.0,0.0,100.0,0.0
ALS-055-R,0.0,0.0,9.0,0.0,0.0,0.0,0.0,0.0,0.0,0.0,0.0,0.0,0.0,0.0,0.0
ALS-055-R-16B-24B,0.0,0.0,0.0,0.0,0.0,0.0,0.0,0.0,0.0,0.0,0.0,0.0,0.0,1.0,0.0
ALS-055-R-19B-20B,0.0,0.0,0.0,0.0,0.0,0.0,0.0,0.0,0.0,0.0,1.0,0.0,0.0,0.0,0.0
ALS-055-R-22B-24B,0.0,0.0,0.0,0.0,0.0,0.0,0.0,5.0,0.0,0.0,0.0,0.0,0.0,0.0,0.0
ALS-055-R-24B-24B,0.0,0.0,6.0,0.0,0.0,0.0,0.0,0.0,0.0,0.0,0.0,0.0,0.0,0.0,0.0
ALS-055-R-EL,0.0,0.0,0.0,0.0,0.0,0.0,0.0,57.0,0.0,0.0,0.0,0.0,31.0,0.0,0.0
ALS-055-Y,0.0,0.0,4.0,0.0,0.0,0.0,0.0,0.0,0.0,0.0,0.0,0.0,0.0,0.0,0.0
ALS-055-Y-EL,0.0,0.0,0.0,0.0,0.0,0.0,0.0,0.0,0.0,50.0,0.0,0.0,0.0,0.0,0.0
ALS-055ABN-12BHA-22BHA,0.0,0.0,0.0,0.0,0.0,0.0,0.0,1.0,0.0,0.0,0.0,0.0,0.0,0.0,0.0
ALS-055ABN-24BHA-25BHA,0.0,0.0,40.0,0.0,1.0,0.0,0.0,0.0,0.0,0.0,0.0,0.0,0.0,0.0,0.0
ALS-055ARN-13.5BHA-24BHA,1.0,0.0,0.0,0.0,0.0,0.0,0.0,0.0,0.0,0.0,0.0,0.0,0.0,0.0,0.0
ALS-055ARN-14BHA-16BHA,1.0,0.0,0.0,0.0,0.0,1.0,2.0,0.0,0.0,0.0,0.0,0.0,0.0,0.0,0.0
ALS-055ARN-14BHA-20BHA,5.0,0.0,15.0,6.0,20.0,0.0,0.0,1.0,20.0,0.0,0.0,20.0,20.0,0.0,30.0
ALS-055ARN-15BHA-15BHA,0.0,0.0,0.0,0.0,0.0,1.0,0.0,0.0,0.0,0.0,0.0,0.0,0.0,0.0,0.0
ALS-055ARN-15BHA-18BHA,5.0,0.0,15.0,20.0,0.0,20.0,0.0,0.0,20.0,0.0,0.0,0.0,0.0,0.0,40.0
ALS-055ARN-15BHA-19BHA,0.0,0.0,0.0,0.0,0.0,0.0,0.0,0.0,21.0,0.0,0.0,0.0,480.0,1.0,0.0
ALS-055ARN-15BHA-22BHA,0.0,0.0,5.0,0.0,0.0,0.0,1.0,11.0,11.0,0.0,12.0,0.0,1.0,3.0,1.0
ALS-055ARN-15BHA-24BKA,0.0,0.0,0.0,0.0,0.0,0.0,5.0,0.0,0.0,0.0,0.0,0.0,0.0,0.0,0.0
ALS-055ARN-15BHA-25BHA,0.0,0.0,0.0,0.0,0.0,0.0,30.0,0.0,0.0,0.0,0.0,0.0,0.0,0.0,0.0
ALS-055ARN-15BHA-28BHA,0.0,0.0,0.0,0.0,0.0,0.0,0.0,6.0,0.0,0.0,0.0,0.0,0.0,0.0,0.0
ALS-055ARN-16BHA-18BHA,0.0,0.0,0.0,0.0,0.0,14.0,0.0,0.0,0.0,0.0,0.0,0.0,0.0,0.0,0.0
ALS-055ARN-16BHA-19BHA,6.0,0.0,0.0,0.0,2.0,0.0,0.0,0.0,0.0,18.0,29.0,10.0,0.0,4.0,0.0
ALS-055ARN-16BHA-20BHA,0.0,0.0,0.0,0.0,1.0,0.0,0.0,0.0,0.0,0.0,0.0,0.0,0.0,0.0,0.0
ALS-055ARN-16BHA-22BHA,0.0,0.0,0.0,0.0,5.0,0.0,0.0,0.0,0.0,0.0,0.0,0.0,0.0,0.0,0.0
ALS-055ARN-16BHA-24BHA,46.0,0.0,0.0,0.0,30.0,20.0,0.0,2.0,0.0,0.0,60.0,0.0,0.0,50.0,0.0
ALS-055ARN-16BHA-24BKA,0.0,0.0,0.0,0.0,0.0,0.0,0.0,0.0,0.0,0.0,0.0,0.0,33.0,0.0,0.0
ALS-055ARN-16BHH-16BHH,0.0,0.0,0.0,0.0,0.0,10.0,0.0,0.0,0.0,0.0,0.0,0.0,0.0,0.0,0.0
ALS-055ARN-17BHA-19BHA,0.0,0.0,0.0,2.0,0.0,0.0,0.0,0.0,1.0,0.0,2.0,0.0,2.0,0.0,0.0
ALS-055ARN-17BHA-22BHA,0.0,0.0,2.0,0.0,0.0,0.0,0.0,0.0,0.0,0.0,0.0,0.0,0.0,1.0,0.0
ALS-055ARN-17BHA-24BHA,0.0,0.0,20.0,0.0,0.0,0.0,0.0,0.0,0.0,0.0,1.0,0.0,0.0,0.0,1.0
ALS-055ARN-18BHA-18BHA,0.0,0.0,0.0,0.0,0.0,6.0,0.0,0.0,0.0,0.0,0.0,0.0,0.0,0.0,0.0
ALS-055ARN-18BHA-19BHA,60.0,6.0,0.0,21.0,0.0,0.0,70.0,0.0,6.0,70.0,1.0,63.0,1.0,0.0,8.0
ALS-055ARN-18BHA-20BHA,0.0,0.0,15.0,20.0,0.0,20.0,0.0,0.0,0.0,0.0,0.0,40.0,0.0,0.0,0.0
ALS-055ARN-18BHA-22BHA,0.0,0.0,0.0,0.0,0.0,0.0,20.0,120.0,100.0,60.0,161.0,200.0,301.0,653.0,400.0
ALS-055ARN-18BHA-24BHA,34.0,1.0,14.0,20.0,30.0,0.0,25.0,0.0,23.0,30.0,20.0,22.0,0.0,0.0,40.0
ALS-055ARN-18BHA-24BHH,0.0,0.0,0.0,0.0,0.0,0.0,0.0,0.0,0.0,0.0,0.0,0.0,1.0,3.0,0.0
ALS-055ARN-18BHA-25BHA,2.0,0.0,0.0,0.0,0.0,0.0,0.0,0.0,0.0,0.0,0.0,0.0,0.0,0.0,0.0
ALS-055ARN-18BHH-18BHH,0.0,0.0,0.0,0.0,10.0,0.0,20.0,0.0,0.0,0.0,0.0,0.0,0.0,0.0,0.0
ALS-055ARN-18BHH-22BHH,0.0,0.0,0.0,0.0,0.0,0.0,0.0,0.0,10.0,0.0,0.0,0.0,0.0,0.0,0.0
ALS-055ARN-19BHA-19BHA,20.0,0.0,30.0,10.0,20.0,20.0,20.0,0.0,20.0,0.0,20.0,20.0,0.0,0.0,70.0
ALS-055ARN-19BHA-20BHA,0.0,0.0,0.0,20.0,4.0,0.0,2.0,0.0,4.0,0.0,0.0,0.0,0.0,2.0,0.0
ALS-055ARN-19BHA-22BHA,4.0,0.0,10.0,0.0,30.0,10.0,0.0,0.0,0.0,20.0,0.0,0.0,0.0,0.0,10.0
ALS-055ARN-19BHA-24BHA,0.0,0.0,16.0,5.0,20.0,0.0,0.0,0.0,20.0,0.0,0.0,20.0,0.0,0.0,10.0
ALS-055ARN-19BHA-25BHA,12.0,0.0,0.0,0.0,1.0,0.0,0.0,0.0,0.0,0.0,0.0,0.0,0.0,0.0,24.0
ALS-055ARN-19BHA-28BHA,1.0,0.0,0.0,0.0,0.0,0.0,0.0,0.0,0.0,0.0,0.0,0.0,2.0,0.0,0.0
ALS-055ARN-19BHH-19BHH,0.0,0.0,0.0,0.0,0.0,0.0,0.0,0.0,4.0,0.0,0.0,0.0,0.0,0.0,0.0
ALS-055ARN-20BHA-22BHA,10.0,0.0,310.0,10.0,172.0,5.0,87.0,214.0,230.0,282.0,20.0,20.0,454.0,0.0,44.0
ALS-055ARN-20BHA-24BHA,4.0,144.0,154.0,0.0,0.0,0.0,50.0,3.0,3.0,200.0,51.0,0.0,100.0,0.0,40.0
ALS-055ARN-20BHA-24BKA,0.0,0.0,0.0,0.0,0.0,0.0,10.0,0.0,0.0,0.0,0.0,0.0,0.0,0.0,0.0
ALS-055ARN-20BHA-25BHA,0.0,0.0,1.0,0.0,0.0,300.0,0.0,1.0,0.0,0.0,0.0,500.0,150.0,0.0,0.0
ALS-055ARN-20BHA-28BHA,0.0,0.0,0.0,0.0,0.0,0.0,0.0,12.0,0.0,0.0,0.0,0.0,0.0,0.0,0.0
ALS-055ARN-20BHA-29BHA,0.0,0.0,0.0,0.0,0.0,0.0,0.0,0.0,0.0,0.0,6.0,2.0,6.0,16.0,0.0
ALS-055ARN-20BHH-25BHH,0.0,0.0,0.0,1.0,0.0,0.0,0.0,2.0,0.0,0.0,0.0,0.0,1.0,0.0,0.0
ALS-055ARN-20BHH-28BHH,0.0,0.0,0.0,0.0,1.0,0.0,0.0,0.0,0.0,2.0,1.0,39.0,0.0,0.0,0.0
ALS-055ARN-22BHA-22BHA,50.0,10.0,30.0,30.0,50.0,60.0,30.0,16.0,0.0,0.0,53.0,32.0,2.0,91.0,4.0
ALS-055ARN-22BHA-24BHA,14.0,10.0,198.0,91.0,226.0,55.0,0.0,57.0,343.0,33.0,40.0,21.0,335.0,0.0,34.0
ALS-055ARN-22BHA-25BHA,40.0,0.0,0.0,0.0,0.0,0.0,1.0,32.0,0.0,0.0,0.0,0.0,5.0,0.0,0.0
ALS-055ARN-22BHA-28BHA,1.0,0.0,0.0,8.0,0.0,6.0,0.0,8.0,5.0,0.0,1.0,4.0,0.0,0.0,2.0
ALS-055ARN-22BHH-24BHH,0.0,0.0,0.0,0.0,20.0,0.0,0.0,0.0,0.0,20.0,0.0,0.0,0.0,20.0,0.0
ALS-055ARN-22BKA-22BKA,1.0,0.0,0.0,0.0,0.0,0.0,0.0,0.0,0.0,0.0,1.0,0.0,0.0,0.0,4.0
ALS-055ARN-24BHA-24BHA,34.0,20.0,36.0,20.0,0.0,20.0,20.0,0.0,40.0,0.0,20.0,45.0,0.0,0.0,60.0
ALS-055ARN-24BHA-25BHA,0.0,0.0,32.0,2.0,0.0,0.0,26.0,0.0,0.0,0.0,0.0,0.0,43.0,0.0,0.0
ALS-055ARN-24BHA-28BHA,0.0,2.0,5.0,2.0,0.0,0.0,10.0,0.0,8.0,7.0,4.0,20.0,0.0,0.0,10.0
ALS-055ARN-24BKA-25BHA,0.0,0.0,0.0,0.0,0.0,0.0,4.0,0.0,0.0,0.0,0.0,0.0,0.0,0.0,0.0
ALS-055ARN-28BHA-28BHA,0.0,0.0,0.0,2.0,0.0,0.0,0.0,0.0,2.0,0.0,0.0,0.0,0.0,0.0,0.0
ALS-055ARN-28BHH-30BHA,0.0,0.0,0.0,0.0,0.0,15.0,0.0,0.0,0.0,0.0,0.0,0.0,0.0,0.0,0.0
ALS-055ARN-30BHA-30BHA,0.0,0.0,3.0,0.0,0.0,0.0,0.0,0.0,0.0,0.0,0.0,0.0,0.0,0.0,0.0
ALS-055ARN-T004,0.0,0.0,0.0,0.0,0.0,0.0,0.0,0.0,0.0,0.0,0.0,0.0,60.0,0.0,0.0
ALS-055AYN-12BHA-19BHA,0.0,0.0,0.0,0.0,0.0,0.0,0.0,0.0,0.0,0.0,0.0,2.0,0.0,0.0,0.0
ALS-055AYN-15BHA-24BHA,0.0,0.0,0.0,0.0,0.0,1.0,0.0,0.0,0.0,0.0,0.0,0.0,0.0,0.0,0.0
ALS-055AYN-16BKA-24BKA,0.0,0.0,0.0,0.0,2.0,0.0,0.0,0.0,2.0,4.0,0.0,0.0,0.0,0.0,0.0
ALS-055AYN-18BHA-24BHA,0.0,0.0,0.0,0.0,0.0,0.0,0.0,1.0,0.0,0.0,0.0,1.0,0.0,0.0,0.0
ALS-055AYN-19BKA-24BKA,0.0,0.0,0.0,0.0,1.0,0.0,0.0,1.0,0.0,0.0,0.0,0.0,0.0,0.0,0.0
ALS-055AYN-22BHA-24BHA,1.0,0.0,0.0,0.0,0.0,0.0,0.0,0.0,0.0,0.0,0.0,0.0,0.0,0.0,0.0
ALS-055AYN-28BHH-28BHH,0.0,0.0,0.0,0.0,0.0,0.0,0.0,0.0,0.0,3.0,0.0,0.0,0.0,0.0,0.0
ALS-065-B,0.0,0.0,2.0,0.0,0.0,0.0,0.0,0.0,0.0,0.0,0.0,0.0,0.0,0.0,0.0
ALS-065-B-EL,0.0,0.0,0.0,0.0,0.0,0.0,0.0,0.0,0.0,0.0,0.0,0.0,0.0,0.0,4.0
ALS-065-R,0.0,0.0,10.0,0.0,0.0,0.0,0.0,0.0,2.0,0.0,5.0,0.0,0.0,0.0,0.0
ALS-065-R-17B-28B,0.0,0.0,2.0,0.0,0.0,0.0,0.0,0.0,0.0,0.0,0.0,0.0,0.0,0.0,0.0
ALS-065-R-25H-25H,0.0,0.0,0.0,0.0,0.0,0.0,0.0,0.0,0.0,0.0,0.0,0.0,0.0,2.0,2.0
ALS-065-R-25H-38H,0.0,0.0,0.0,0.0,0.0,0.0,0.0,0.0,0.0,0.0,0.0,0.0,0.0,1.0,1.0
ALS-065-R-EL,0.0,0.0,3.0,8.0,2.0,3.0,15.0,5.0,4.0,10.0,0.0,0.0,2.0,0.0,0.0
ALS-065-Y,0.0,0.0,0.0,0.0,0.0,0.0,0.0,0.0,0.0,0.0,2.0,0.0,0.0,0.0,0.0
ALS-065-Y-28H-38H,0.0,0.0,0.0,2.0,0.0,0.0,0.0,0.0,0.0,0.0,0.0,0.0,0.0,0.0,0.0
ALS-065ABN-18BHA-18BHA,20.0,60.0,0.0,0.0,20.0,0.0,0.0,0.0,25.0,0.0,0.0,0.0,0.0,0.0,0.0
ALS-065ABN-20BHA-32BHA,0.0,0.0,0.0,0.0,0.0,2.0,0.0,0.0,0.0,0.0,0.0,0.0,0.0,0.0,0.0
ALS-065ABN-24BHA-24BHA,0.0,0.0,0.0,0.0,0.0,4.0,0.0,0.0,0.0,0.0,0.0,0.0,0.0,0.0,0.0
ALS-065ABN-24BHA-28BHA,0.0,0.0,100.0,0.0,0.0,0.0,0.0,0.0,0.0,0.0,0.0,0.0,0.0,0.0,0.0
ALS-065ABN-24BHA-35BHA,85.0,0.0,100.0,0.0,50.0,0.0,50.0,0.0,50.0,0.0,0.0,0.0,0.0,0.0,0.0
ALS-065ABN-28BHA-35BHA,0.0,0.0,190.0,0.0,0.0,0.0,0.0,0.0,1.0,0.0,0.0,0.0,0.0,0.0,0.0
ALS-065ABN-32BHA-32BHA,0.0,0.0,0.0,0.0,0.0,0.0,2.0,0.0,0.0,0.0,0.0,0.0,0.0,0.0,0.0
ALS-065ABN-35BHA-38BHA,3.0,6.0,0.0,0.0,0.0,0.0,0.0,0.0,0.0,0.0,0.0,0.0,0.0,0.0,0.0
ALS-065ARN-14BHA-17BHA,0.0,0.0,0.0,0.0,0.0,0.0,0.0,0.0,0.0,0.0,0.0,0.0,0.0,10.0,0.0
ALS-065ARN-16BHA-24BHA,0.0,0.0,0.0,11.0,0.0,0.0,0.0,0.0,0.0,0.0,0.0,0.0,0.0,0.0,0.0
ALS-065ARN-16BHA-25BHA,0.0,0.0,3.0,0.0,0.0,0.0,0.0,0.0,0.0,0.0,0.0,0.0,0.0,0.0,0.0
ALS-065ARN-17BHA-19BHA,0.0,0.0,0.0,0.0,0.0,0.0,0.0,0.0,0.0,0.0,0.0,0.0,2.0,20.0,0.0
ALS-065ARN-17BHA-24BHA,0.0,0.0,0.0,0.0,0.0,0.0,0.0,0.0,0.0,0.0,0.0,0.0,0.0,6.0,0.0
ALS-065ARN-17BHA-28BHA,0.0,0.0,0.0,0.0,0.0,0.0,0.0,0.0,0.0,0.0,0.0,0.0,2.0,0.0,0.0
ALS-065ARN-18BHA-18BHA,0.0,0.0,0.0,0.0,0.0,0.0,0.0,0.0,0.0,0.0,6.0,14.0,0.0,0.0,0.0
ALS-065ARN-18BHA-24BHA,0.0,0.0,0.0,0.0,30.0,10.0,10.0,60.0,165.0,0.0,0.0,110.0,350.0,550.0,100.0
ALS-065ARN-18BHA-32BHA,0.0,0.0,0.0,0.0,0.0,0.0,0.0,0.0,0.0,1.0,0.0,0.0,0.0,0.0,0.0
ALS-065ARN-18BHA-35BHA,0.0,0.0,0.0,0.0,0.0,0.0,0.0,0.0,0.0,0.0,0.0,0.0,2.0,0.0,0.0
ALS-065ARN-18BHA-38BKA,0.0,0.0,0.0,0.0,0.0,0.0,0.0,0.0,0.0,0.0,0.0,1.0,0.0,0.0,0.0
ALS-065ARN-18BHH-28BHH,0.0,0.0,0.0,10.0,10.0,6.0,0.0,0.0,0.0,0.0,3.0,0.0,0.0,0.0,0.0
ALS-065ARN-19BHA-20BHA,0.0,0.0,0.0,0.0,0.0,0.0,0.0,0.0,0.0,0.0,1.0,0.0,4.0,0.0,0.0
ALS-065ARN-19BHA-22BHA,0.0,0.0,0.0,0.0,0.0,0.0,0.0,0.0,0.0,1.0,0.0,0.0,0.0,0.0,0.0
ALS-065ARN-19BHH-24BHA,0.0,0.0,0.0,0.0,0.0,0.0,0.0,0.0,8.0,0.0,0.0,0.0,0.0,0.0,0.0
ALS-065ARN-20BHA-20BHA,0.0,0.0,0.0,0.0,0.0,0.0,0.0,0.0,2.0,0.0,20.0,0.0,0.0,0.0,0.0
ALS-065ARN-20BHA-22BHA,20.0,30.0,0.0,34.0,23.0,0.0,40.0,0.0,10.0,24.0,91.0,0.0,0.0,0.0,0.0
ALS-065ARN-20BHA-24BHA,20.0,0.0,4.0,12.0,20.0,10.0,33.0,9.0,9.0,26.0,15.0,5.0,0.0,20.0,0.0
ALS-065ARN-20BHA-35BHA,30.0,0.0,10.0,12.0,9.0,12.0,34.0,0.0,43.0,0.0,20.0,22.0,3.0,0.0,0.0
ALS-065ARN-20BHH-35BHH,0.0,0.0,0.0,0.0,0.0,0.0,44.0,4.0,0.0,192.0,16.0,0.0,0.0,10.0,0.0
ALS-065ARN-22BHA-22BHA,0.0,0.0,0.0,0.0,0.0,0.0,1.0,0.0,0.0,0.0,0.0,0.0,0.0,6.0,0.0
ALS-065ARN-22BHA-24BHA,0.0,0.0,25.0,0.0,60.0,36.0,12.0,50.0,31.0,2.0,0.0,30.0,0.0,20.0,0.0
ALS-065ARN-22BHA-24BKA,0.0,0.0,0.0,4.0,0.0,0.0,0.0,16.0,0.0,0.0,0.0,0.0,0.0,0.0,0.0
ALS-065ARN-22BHA-25BHA,0.0,0.0,6.0,0.0,0.0,2.0,0.0,0.0,0.0,5.0,3.0,2.0,5.0,3.0,0.0
ALS-065ARN-22BHA-28BHA,0.0,0.0,10.0,0.0,0.0,10.0,3.0,24.0,0.0,0.0,2.0,1.0,0.0,0.0,0.0
ALS-065ARN-22BHA-32BHA,4.0,0.0,0.0,2.0,0.0,2.0,0.0,0.0,5.0,2.0,1.0,0.0,0.0,6.0,8.0
ALS-065ARN-22BHA-32BKA,0.0,0.0,0.0,10.0,0.0,0.0,0.0,0.0,0.0,0.0,0.0,0.0,0.0,0.0,0.0
ALS-065ARN-22BHA-35BHA,0.0,0.0,31.0,42.0,50.0,67.0,3.0,20.0,30.0,0.0,50.0,32.0,0.0,0.0,1.0
ALS-065ARN-22BHA-38BKA,0.0,0.0,0.0,0.0,0.0,0.0,0.0,0.0,0.0,0.0,0.0,0.0,0.0,0.0,4.0
ALS-065ARN-24BHA-24BHA,0.0,22.0,0.0,12.0,0.0,10.0,0.0,0.0,8.0,1.0,0.0,0.0,0.0,2.0,9.0
ALS-065ARN-24BHA-24BKA,0.0,0.0,0.0,0.0,0.0,0.0,0.0,0.0,0.0,0.0,0.0,0.0,0.0,0.0,4.0
ALS-065ARN-24BHA-25BHA,0.0,61.0,51.0,267.0,204.0,6.0,68.0,50.0,63.0,227.0,50.0,167.0,169.0,100.0,151.0
ALS-065ARN-24BHA-28BHA,76.0,0.0,22.0,200.0,70.0,0.0,30.0,2.0,0.0,16.0,60.0,46.0,20.0,50.0,50.0
ALS-065ARN-24BHA-28BKA,0.0,0.0,0.0,0.0,0.0,0.0,0.0,0.0,0.0,0.0,0.0,0.0,0.0,2.0,0.0
ALS-065ARN-24BHA-30BHA,10.0,0.0,0.0,15.0,0.0,0.0,0.0,0.0,0.0,0.0,0.0,0.0,0.0,0.0,0.0
ALS-065ARN-24BHA-32BHA,10.0,0.0,20.0,20.0,20.0,2.0,35.0,0.0,20.0,4.0,0.0,20.0,0.0,0.0,45.0
ALS-065ARN-24BHA-32BKA,30.0,0.0,0.0,0.0,40.0,0.0,30.0,0.0,0.0,20.0,0.0,0.0,0.0,0.0,0.0
ALS-065ARN-24BHA-35BHA,351.0,0.0,9.0,97.0,63.0,20.0,82.0,50.0,33.0,170.0,59.0,39.0,3.0,1.0,0.0
ALS-065ARN-24BHA-38BKA,0.0,1.0,4.0,0.0,0.0,0.0,0.0,0.0,0.0,0.0,0.0,0.0,0.0,0.0,0.0
ALS-065ARN-24BKA-25BHA,0.0,0.0,0.0,0.0,0.0,0.0,0.0,0.0,0.0,0.0,0.0,2.0,4.0,0.0,0.0
ALS-065ARN-25BHA-25BHA,3.0,0.0,3.0,0.0,0.0,0.0,0.0,0.0,0.0,0.0,2.0,0.0,0.0,0.0,0.0
ALS-065ARN-25BHA-28BHA,0.0,0.0,0.0,4.0,0.0,0.0,0.0,0.0,1.0,0.0,0.0,0.0,0.0,0.0,0.0
ALS-065ARN-25BHA-32BHA,0.0,30.0,0.0,0.0,0.0,0.0,0.0,0.0,31.0,0.0,6.0,11.0,20.0,0.0,0.0
ALS-065ARN-25BHA-32BJA,0.0,0.0,0.0,0.0,0.0,0.0,0.0,0.0,0.0,0.0,0.0,0.0,0.0,0.0,60.0
ALS-065ARN-25BHA-32BKA,3.0,0.0,3.0,3.0,0.0,0.0,3.0,11.0,0.0,0.0,0.0,11.0,20.0,0.0,0.0
ALS-065ARN-25BHA-35BHA,572.0,358.0,100.0,420.0,353.0,205.0,406.0,384.0,352.0,430.0,360.0,304.0,436.0,201.0,226.0
ALS-065ARN-25BHA-38BHA,0.0,4.0,5.0,2.0,0.0,0.0,0.0,6.0,1.0,0.0,0.0,0.0,0.0,15.0,0.0
ALS-065ARN-25BHA-38BKA,1.0,1.0,0.0,6.0,5.0,0.0,5.0,0.0,15.0,0.0,0.0,36.0,10.0,0.0,60.0
ALS-065ARN-26BHA-32BHA,3.0,0.0,0.0,0.0,20.0,0.0,0.0,0.0,0.0,20.0,0.0,20.0,0.0,20.0,0.0
ALS-065ARN-27BHA-35BHA,0.0,0.0,0.0,0.0,0.0,0.0,0.0,0.0,0.0,20.0,0.0,0.0,0.0,0.0,0.0
ALS-065ARN-28BHA-32BHA,12.0,21.0,0.0,0.0,1.0,0.0,0.0,31.0,15.0,0.0,0.0,0.0,0.0,32.0,0.0
ALS-065ARN-28BHA-32BKA,0.0,0.0,0.0,10.0,0.0,0.0,0.0,0.0,0.0,0.0,0.0,0.0,4.0,2.0,0.0
ALS-065ARN-28BHA-35BHA,281.0,30.0,338.0,1589.0,166.0,334.0,552.0,1050.0,487.0,526.0,203.0,763.0,304.0,984.0,794.0
ALS-065ARN-28BHA-38BKA,0.0,0.0,0.0,10.0,0.0,0.0,5.0,0.0,0.0,40.0,0.0,0.0,0.0,0.0,0.0
ALS-065ARN-28BKA-32BHA,0.0,0.0,0.0,0.0,1.0,0.0,0.0,0.0,0.0,0.0,0.0,0.0,0.0,0.0,0.0
ALS-065ARN-28BKA-32BKA,0.0,0.0,0.0,0.0,0.0,0.0,0.0,0.0,0.0,4.0,0.0,0.0,0.0,0.0,0.0
ALS-065ARN-30BHA-30BHA,0.0,0.0,0.0,0.0,0.0,0.0,0.0,0.0,0.0,0.0,15.0,0.0,0.0,0.0,0.0
ALS-065ARN-30BHA-35BHA,21.0,84.0,0.0,6.0,0.0,7.0,30.0,30.0,2.0,30.0,61.0,235.0,170.0,12.0,142.0
ALS-065ARN-30BHA-38BHA,0.0,11.0,2.0,0.0,0.0,0.0,0.0,12.0,0.0,0.0,0.0,0.0,0.0,3.0,11.0
ALS-065ARN-30BHA-38BKA,0.0,0.0,0.0,0.0,0.0,0.0,0.0,0.0,1.0,0.0,0.0,0.0,0.0,0.0,0.0
ALS-065ARN-30BHH-38BHA,0.0,0.0,0.0,0.0,0.0,0.0,0.0,0.0,0.0,0.0,0.0,0.0,1.0,0.0,0.0
ALS-065ARN-32BHA-32BHA,0.0,0.0,3.0,0.0,0.0,0.0,0.0,0.0,0.0,0.0,1.0,0.0,0.0,0.0,2.0
ALS-065ARN-32BHA-32BKA,0.0,0.0,1.0,0.0,0.0,0.0,0.0,0.0,1.0,0.0,0.0,2.0,0.0,0.0,0.0
ALS-065ARN-32BHA-35BHA,0.0,0.0,0.0,20.0,17.0,0.0,0.0,0.0,15.0,20.0,0.0,0.0,0.0,0.0,0.0
ALS-065ARN-32BHA-38BHA,0.0,1.0,30.0,0.0,0.0,0.0,0.0,0.0,0.0,0.0,0.0,0.0,0.0,0.0,0.0
ALS-065ARN-32BKA-32BKA,0.0,0.0,0.0,0.0,0.0,0.0,0.0,0.0,0.0,2.0,0.0,0.0,0.0,0.0,0.0
ALS-065ARN-32BKA-35BHA,0.0,0.0,20.0,0.0,0.0,0.0,0.0,0.0,4.0,0.0,0.0,0.0,0.0,0.0,4.0
ALS-065ARN-35BHA-35BHA,108.0,52.0,50.0,123.0,76.0,80.0,96.0,30.0,69.0,68.0,144.0,110.0,101.0,63.0,165.0
ALS-065ARN-35BHA-38BHA,0.0,20.0,20.0,30.0,0.0,0.0,2.0,0.0,20.0,0.0,0.0,0.0,43.0,0.0,0.0
ALS-065ARN-38BHA-38BHA,0.0,0.0,3.0,0.0,0.0,0.0,0.0,0.0,0.0,0.0,0.0,0.0,0.0,0.0,0.0
ALS-065ARN-38BHA-38BKA,0.0,0.0,0.0,0.0,0.0,0.0,0.0,0.0,0.0,0.0,0.0,1.0,0.0,0.0,0.0
ALS-065ARN-T014-24BHA-28BHA,0.0,0.0,0.0,0.0,0.0,0.0,4.0,6.0,0.0,0.0,0.0,0.0,0.0,0.0,0.0
ALS-065ARN-T014-28BHA-32BHA,0.0,0.0,0.0,0.0,0.0,0.0,0.0,5.0,7.0,1.0,0.0,0.0,1.0,24.0,0.0
ALS-065ARN-T014-28BHA-35BHA,0.0,0.0,0.0,0.0,0.0,0.0,4.0,0.0,0.0,0.0,0.0,0.0,5.0,0.0,0.0
ALS-065ARN-T014-32BKA-38BHA,2.0,0.0,0.0,0.0,0.0,0.0,0.0,0.0,2.0,4.0,0.0,0.0,0.0,2.0,0.0
ALS-065ARN-T016-20BHA-22BHA,0.0,0.0,0.0,0.0,0.0,0.0,0.0,20.0,0.0,0.0,40.0,0.0,40.0,40.0,40.0
ALS-065ARN-T016-20BHA-24BHA,0.0,0.0,0.0,0.0,0.0,0.0,0.0,20.0,0.0,0.0,0.0,0.0,0.0,0.0,6.0
ALS-065ARN-T016-20BHA-35BHA,0.0,0.0,0.0,0.0,0.0,0.0,0.0,15.0,0.0,0.0,0.0,0.0,0.0,0.0,0.0
ALS-065ARN-T016-22BHA-25BHA,0.0,0.0,0.0,0.0,0.0,0.0,0.0,0.0,0.0,0.0,0.0,0.0,0.0,0.0,9.0
ALS-065ARN-T016-24BHA-24BHA,0.0,0.0,0.0,0.0,0.0,0.0,0.0,20.0,0.0,0.0,0.0,10.0,20.0,50.0,50.0
ALS-065ARN-T016-24BHA-28BHA,0.0,0.0,0.0,0.0,0.0,0.0,0.0,0.0,20.0,0.0,0.0,0.0,0.0,0.0,0.0
ALS-065ARN-T016-24BHA-32BKA,0.0,0.0,0.0,0.0,0.0,0.0,0.0,20.0,80.0,0.0,100.0,20.0,0.0,0.0,60.0
ALS-065ARN-T016-24BHA-35BHA,0.0,0.0,0.0,0.0,0.0,0.0,0.0,0.0,90.0,0.0,0.0,30.0,40.0,0.0,125.0
ALS-065ARN-T016-24BHA-38BKA,0.0,0.0,0.0,0.0,0.0,0.0,0.0,5.0,0.0,0.0,0.0,0.0,0.0,0.0,5.0
ALS-065ARN-T016-28BHA-35BHA,0.0,0.0,0.0,0.0,0.0,0.0,0.0,100.0,10.0,0.0,0.0,0.0,0.0,0.0,0.0
ALS-065ARN-T016-28BHA-38BHA,0.0,0.0,0.0,0.0,0.0,0.0,0.0,0.0,0.0,0.0,0.0,0.0,0.0,5.0,0.0
ALS-065AYN-22BHA-22BHA,0.0,0.0,0.0,0.0,4.0,0.0,0.0,0.0,0.0,0.0,0.0,0.0,0.0,0.0,0.0
ALS-080-B,0.0,0.0,0.0,0.0,0.0,4.0,0.0,0.0,0.0,0.0,0.0,0.0,1.0,0.0,0.0
ALS-080-B-EL,1.0,0.0,0.0,0.0,0.0,0.0,0.0,0.0,0.0,0.0,0.0,0.0,0.0,0.0,0.0
ALS-080-R,0.0,0.0,0.0,0.0,0.0,0.0,0.0,0.0,0.0,0.0,0.0,1.0,0.0,0.0,1.0
ALS-080-R-30B-40B,0.0,0.0,0.0,0.0,0.0,1.0,0.0,0.0,0.0,0.0,0.0,0.0,0.0,0.0,0.0
ALS-080-R-EL,30.0,0.0,5.0,0.0,0.0,10.0,0.0,30.0,0.0,0.0,0.0,0.0,10.0,0.0,0.0
ALS-080-Y-EL,1.0,0.0,0.0,0.0,0.0,0.0,0.0,0.0,0.0,0.0,0.0,0.0,0.0,0.0,0.0
ALS-080ABN-19BHA-42BHA,0.0,0.0,0.0,1.0,0.0,0.0,0.0,0.0,0.0,0.0,0.0,0.0,0.0,0.0,0.0
ALS-080ABN-35BHA-42BHA,5.0,0.0,0.0,0.0,0.0,0.0,0.0,0.0,0.0,0.0,0.0,0.0,0.0,0.0,0.0
ALS-080ARN-19BHA-35BHA,4.0,0.0,0.0,0.0,0.0,0.0,0.0,0.0,0.0,0.0,0.0,0.0,0.0,0.0,0.0
ALS-080ARN-20BHA-20BHA,0.0,0.0,0.0,0.0,0.0,0.0,0.0,0.0,0.0,1.0,0.0,0.0,0.0,0.0,0.0
ALS-080ARN-20BHA-24BHA,10.0,0.0,3.0,20.0,20.0,0.0,20.0,5.0,5.0,42.0,0.0,20.0,40.0,0.0,20.0
ALS-080ARN-20BHA-24BKA,0.0,0.0,0.0,0.0,0.0,0.0,1.0,4.0,0.0,0.0,0.0,0.0,0.0,0.0,0.0
ALS-080ARN-20BHA-35BHA,0.0,0.0,0.0,0.0,0.0,0.0,0.0,5.0,0.0,0.0,0.0,0.0,0.0,5.0,5.0
ALS-080ARN-22BHA-24BHA,0.0,0.0,0.0,0.0,0.0,0.0,0.0,0.0,0.0,0.0,0.0,0.0,0.0,15.0,3.0
ALS-080ARN-22BHA-25BKA,0.0,0.0,0.0,0.0,1.0,0.0,4.0,0.0,0.0,0.0,0.0,0.0,0.0,0.0,0.0
ALS-080ARN-22BHA-32BHA,20.0,0.0,20.0,0.0,10.0,0.0,0.0,10.0,20.0,0.0,10.0,10.0,10.0,10.0,0.0
ALS-080ARN-22BHA-32BKA,0.0,0.0,0.0,0.0,0.0,0.0,0.0,0.0,0.0,0.0,0.0,0.0,3.0,0.0,0.0
ALS-080ARN-22BHA-35BHA,0.0,0.0,0.0,0.0,0.0,0.0,0.0,0.0,0.0,0.0,0.0,0.0,10.0,0.0,0.0
ALS-080ARN-24BHA-24BHA,0.0,0.0,0.0,0.0,0.0,0.0,20.0,0.0,0.0,0.0,15.0,0.0,20.0,0.0,0.0
ALS-080ARN-24BHA-25BHA,0.0,0.0,0.0,0.0,0.0,0.0,0.0,0.0,14.0,0.0,0.0,0.0,0.0,0.0,0.0
ALS-080ARN-24BHA-28BHA,0.0,0.0,0.0,0.0,0.0,0.0,0.0,0.0,0.0,0.0,50.0,0.0,100.0,0.0,0.0
ALS-080ARN-24BHA-30BHA,0.0,0.0,0.0,0.0,0.0,0.0,0.0,0.0,0.0,0.0,0.0,0.0,0.0,32.0,0.0
ALS-080ARN-24BHA-32BHA,0.0,0.0,0.0,0.0,0.0,0.0,0.0,0.0,0.0,0.0,0.0,0.0,0.0,23.0,0.0
ALS-080ARN-24BHA-32BKA,0.0,0.0,0.0,20.0,0.0,0.0,0.0,10.0,10.0,0.0,10.0,0.0,0.0,3.0,0.0
ALS-080ARN-24BHA-35BHA,0.0,0.0,0.0,10.0,23.0,0.0,25.0,0.0,0.0,0.0,40.0,0.0,0.0,30.0,0.0
ALS-080ARN-24BHA-38BHA,2.0,0.0,0.0,0.0,0.0,0.0,0.0,0.0,0.0,0.0,0.0,0.0,0.0,0.0,0.0
ALS-080ARN-25BHA-32BHA,4.0,0.0,0.0,7.0,2.0,0.0,0.0,0.0,2.0,0.0,2.0,0.0,0.0,0.0,0.0
ALS-080ARN-25BHA-32BKA,30.0,0.0,30.0,30.0,0.0,15.0,15.0,0.0,30.0,0.0,30.0,0.0,0.0,0.0,0.0
ALS-080ARN-25BHA-35BHA,0.0,0.0,20.0,20.0,0.0,0.0,2.0,7.0,14.0,0.0,0.0,20.0,0.0,0.0,0.0
ALS-080ARN-25BHA-38BHA,0.0,0.0,0.0,0.0,0.0,0.0,0.0,0.0,0.0,1.0,0.0,0.0,0.0,0.0,0.0
ALS-080ARN-25BHA-40BHA,0.0,0.0,0.0,0.0,0.0,0.0,0.0,0.0,0.0,4.0,2.0,0.0,0.0,1.0,0.0
ALS-080ARN-25BHA-42BHA,0.0,0.0,20.0,20.0,0.0,0.0,0.0,0.0,0.0,0.0,1.0,20.0,0.0,0.0,0.0
ALS-080ARN-25BKA-35BHA,0.0,0.0,0.0,0.0,1.0,0.0,4.0,0.0,0.0,0.0,0.0,0.0,0.0,0.0,0.0
ALS-080ARN-26BHA-32BKA,0.0,0.0,10.0,0.0,0.0,0.0,0.0,0.0,0.0,0.0,0.0,0.0,0.0,0.0,0.0
ALS-080ARN-26BHA-35BHA,0.0,0.0,0.0,0.0,0.0,0.0,0.0,0.0,0.0,0.0,0.0,0.0,20.0,0.0,0.0
ALS-080ARN-26BHA-38BKA,0.0,0.0,0.0,20.0,0.0,0.0,0.0,0.0,0.0,0.0,0.0,0.0,10.0,0.0,0.0
ALS-080ARN-28BHA-28BHA,0.0,0.0,0.0,0.0,0.0,0.0,0.0,0.0,0.0,0.0,1.0,0.0,0.0,0.0,0.0
ALS-080ARN-28BHA-32BHA,0.0,0.0,0.0,0.0,0.0,0.0,0.0,0.0,0.0,0.0,2.0,0.0,0.0,0.0,0.0
ALS-080ARN-28BHA-32BKA,0.0,0.0,0.0,20.0,0.0,0.0,0.0,10.0,10.0,0.0,10.0,0.0,0.0,0.0,16.0
ALS-080ARN-28BHA-35BHA,0.0,30.0,65.0,30.0,97.0,40.0,50.0,6.0,10.0,0.0,2.0,46.0,6.0,0.0,96.0
ALS-080ARN-28BHA-38BHA,1.0,0.0,0.0,0.0,0.0,0.0,0.0,0.0,0.0,0.0,0.0,0.0,3.0,0.0,0.0
ALS-080ARN-28BHA-38BKA,0.0,1.0,4.0,0.0,10.0,0.0,0.0,10.0,10.0,10.0,15.0,0.0,0.0,20.0,0.0
ALS-080ARN-28BHA-40BHA,0.0,0.0,0.0,0.0,0.0,0.0,0.0,10.0,30.0,60.0,0.0,30.0,60.0,0.0,20.0
ALS-080ARN-28BHA-42BHA,0.0,0.0,0.0,0.0,5.0,0.0,0.0,0.0,3.0,0.0,3.0,0.0,0.0,0.0,0.0
ALS-080ARN-28BHH-35BHH,0.0,0.0,0.0,0.0,0.0,0.0,0.0,0.0,1.0,0.0,0.0,0.0,0.0,0.0,0.0
ALS-080ARN-30BHA-30BHA,0.0,2.0,2.0,3.0,3.0,0.0,0.0,0.0,0.0,0.0,3.0,0.0,0.0,0.0,0.0
ALS-080ARN-30BHA-32BHA,0.0,0.0,0.0,0.0,0.0,0.0,0.0,0.0,10.0,0.0,0.0,0.0,0.0,0.0,0.0
ALS-080ARN-30BHA-35BHA,0.0,50.0,0.0,50.0,20.0,0.0,0.0,0.0,0.0,20.0,0.0,15.0,41.0,26.0,20.0
ALS-080ARN-30BHA-40BHA,0.0,0.0,1.0,2.0,0.0,0.0,0.0,0.0,0.0,0.0,2.0,0.0,0.0,0.0,0.0
ALS-080ARN-30BKH-35BKH,0.0,0.0,0.0,0.0,0.0,0.0,0.0,0.0,0.0,0.0,0.0,12.0,0.0,0.0,3.0
ALS-080ARN-32BHA-32BHA,0.0,0.0,0.0,0.0,0.0,0.0,0.0,0.0,0.0,0.0,3.0,0.0,0.0,0.0,0.0
ALS-080ARN-32BHA-35BHA,0.0,0.0,0.0,1.0,13.0,6.0,28.0,11.0,7.0,36.0,29.0,19.0,34.0,41.0,3.0
ALS-080ARN-32BHA-38BHA,0.0,0.0,0.0,0.0,0.0,0.0,0.0,0.0,0.0,0.0,0.0,0.0,0.0,0.0,10.0
ALS-080ARN-32BHH-32BHH,0.0,0.0,0.0,0.0,0.0,0.0,0.0,0.0,3.0,0.0,0.0,0.0,0.0,0.0,0.0
ALS-080ARN-32BHH-35BHH,0.0,0.0,0.0,0.0,0.0,0.0,0.0,0.0,2.0,0.0,0.0,0.0,0.0,0.0,0.0
ALS-080ARN-32BKA-35BHA,0.0,0.0,10.0,0.0,1.0,0.0,0.0,0.0,0.0,2.0,0.0,0.0,0.0,0.0,0.0
ALS-080ARN-32BKH-35BKH,0.0,0.0,0.0,0.0,0.0,0.0,0.0,0.0,0.0,0.0,1.0,0.0,0.0,0.0,0.0
ALS-080ARN-35BHA-35BHA,30.0,58.0,77.0,130.0,102.0,113.0,162.0,62.0,70.0,54.0,73.0,191.0,77.0,92.0,61.0
ALS-080ARN-35BHA-36BHA,2.0,80.0,0.0,0.0,2.0,2.0,0.0,2.0,0.0,0.0,5.0,1.0,18.0,0.0,0.0
ALS-080ARN-35BHA-38BHA,30.0,6.0,65.0,35.0,23.0,20.0,37.0,0.0,62.0,10.0,48.0,0.0,15.0,0.0,2.0
ALS-080ARN-35BHA-38BKA,0.0,0.0,27.0,39.0,15.0,3.0,0.0,10.0,0.0,4.0,12.0,0.0,61.0,0.0,0.0
ALS-080ARN-35BHA-40BHA,21.0,14.0,39.0,57.0,35.0,81.0,65.0,25.0,61.0,70.0,65.0,27.0,74.0,71.0,61.0
ALS-080ARN-35BHA-42BHA,4.0,0.0,0.0,0.0,0.0,0.0,0.0,0.0,0.0,0.0,0.0,0.0,0.0,1.0,0.0
ALS-080ARN-35BHA-45BHA,0.0,0.0,0.0,9.0,0.0,0.0,0.0,0.0,0.0,0.0,0.0,0.0,0.0,0.0,0.0
ALS-080ARN-35BKH-35BKH,0.0,0.0,0.0,0.0,0.0,0.0,0.0,0.0,3.0,0.0,0.0,8.0,0.0,0.0,2.0
ALS-080ARN-38BHA-38BHA,0.0,0.0,3.0,2.0,0.0,0.0,2.0,0.0,1.0,0.0,2.0,0.0,0.0,1.0,0.0
ALS-080ARN-38BHA-38BKA,0.0,0.0,2.0,0.0,22.0,5.0,0.0,20.0,2.0,0.0,0.0,4.0,0.0,0.0,0.0
ALS-080ARN-38BHA-40BHA,1.0,0.0,0.0,0.0,0.0,2.0,0.0,0.0,0.0,2.0,0.0,0.0,15.0,0.0,0.0
ALS-080ARN-38BHA-40BKA,0.0,0.0,0.0,0.0,0.0,0.0,0.0,0.0,0.0,0.0,0.0,1.0,0.0,0.0,0.0
ALS-080ARN-38BHA-43BHA,0.0,30.0,0.0,0.0,0.0,0.0,0.0,0.0,0.0,0.0,30.0,0.0,0.0,0.0,30.0
ALS-080ARN-38BHA-45BHA,0.0,0.0,0.0,0.0,0.0,0.0,0.0,0.0,0.0,0.0,0.0,0.0,1.0,0.0,0.0
ALS-080ARN-38BKA-40BHA,0.0,2.0,8.0,5.0,5.0,0.0,0.0,10.0,10.0,0.0,15.0,0.0,0.0,20.0,0.0
ALS-080ARN-38BKA-45BHA,0.0,0.0,0.0,0.0,0.0,5.0,0.0,1.0,0.0,0.0,0.0,0.0,0.0,0.0,0.0
ALS-080ARN-40BHA-40BHA,1.0,0.0,21.0,0.0,14.0,6.0,0.0,5.0,2.0,1.0,5.0,0.0,5.0,0.0,1.0
ALS-080ARN-40BHA-42BHA,0.0,0.0,0.0,0.0,0.0,0.0,0.0,0.0,0.0,0.0,0.0,1.0,0.0,0.0,0.0
ALS-080ARN-40BHA-45BHA,0.0,0.0,0.0,0.0,0.0,30.0,0.0,0.0,0.0,0.0,0.0,0.0,0.0,0.0,0.0
ALS-080ARN-40BKA-40BHA,80.0,20.0,30.0,45.0,40.0,30.0,60.0,20.0,40.0,32.0,20.0,20.0,40.0,20.0,50.0
ALS-080ARN-40BKA-45BHA,0.0,0.0,0.0,0.0,0.0,0.0,0.0,0.0,0.0,0.0,0.0,21.0,0.0,0.0,0.0
ALS-080ARN-42BHA-42BHA,6.0,0.0,0.0,20.0,0.0,0.0,0.0,0.0,0.0,0.0,5.0,0.0,0.0,0.0,0.0
ALS-080AYN-25BHA-40BHA,1.0,0.0,1.0,0.0,0.0,0.0,0.0,0.0,0.0,0.0,0.0,0.0,0.0,0.0,0.0
ALS-095-B,0.0,0.0,0.0,0.0,0.0,0.0,1.0,0.0,0.0,0.0,0.0,0.0,0.0,0.0,0.0
ALS-095-R-38H-42H,0.0,0.0,0.0,0.0,0.0,0.0,2.0,0.0,0.0,0.0,0.0,0.0,0.0,0.0,0.0
ALS-095-R-EL,3.0,0.0,5.0,11.0,0.0,3.0,0.0,0.0,0.0,0.0,0.0,5.0,0.0,0.0,0.0
ALS-095ARN-24BHA-32BHA,0.0,0.0,0.0,0.0,0.0,0.0,0.0,0.0,1.0,0.0,0.0,0.0,0.0,0.0,0.0
ALS-095ARN-28BHA-32BKA,0.0,0.0,0.0,3.0,0.0,0.0,0.0,0.0,0.0,0.0,0.0,0.0,0.0,0.0,0.0
ALS-095ARN-28BHA-35BHA,0.0,1.0,1.0,1.0,1.0,0.0,0.0,0.0,0.0,1.0,0.0,1.0,2.0,0.0,0.0
ALS-095ARN-32BHA-35BHA,0.0,0.0,0.0,0.0,0.0,0.0,0.0,0.0,0.0,0.0,0.0,0.0,0.0,0.0,2.0
ALS-095ARN-32BHA-45BHA,0.0,0.0,0.0,0.0,0.0,0.0,0.0,0.0,0.0,0.0,1.0,0.0,0.0,0.0,0.0
ALS-095ARN-32BHA-55BHA,0.0,0.0,0.0,0.0,0.0,0.0,0.0,0.0,0.0,0.0,1.0,0.0,0.0,0.0,0.0
ALS-095ARN-35BHA-35BHA,1.0,40.0,62.0,3.0,2.0,0.0,0.0,0.0,0.0,2.0,0.0,2.0,61.0,0.0,0.0
ALS-095ARN-35BHA-38BHA,6.0,0.0,0.0,3.0,0.0,0.0,0.0,0.0,6.0,0.0,0.0,0.0,10.0,0.0,21.0
ALS-095ARN-35BHA-38BKA,0.0,0.0,0.0,5.0,0.0,0.0,0.0,0.0,0.0,0.0,0.0,0.0,0.0,0.0,0.0
ALS-095ARN-35BHA-40BHA,10.0,20.0,30.0,0.0,5.0,0.0,0.0,5.0,0.0,5.0,0.0,5.0,58.0,17.0,12.0
ALS-095ARN-35BHA-45BHA,0.0,0.0,10.0,1.0,0.0,0.0,0.0,0.0,1.0,0.0,0.0,0.0,2.0,0.0,1.0
ALS-095ARN-35BHA-48BHA,0.0,0.0,0.0,0.0,0.0,0.0,0.0,0.0,4.0,0.0,0.0,2.0,0.0,0.0,0.0
ALS-095ARN-35BHA-50BHA,0.0,0.0,0.0,0.0,0.0,0.0,0.0,0.0,0.0,0.0,1.0,0.0,0.0,0.0,0.0
ALS-095ARN-35BHA-55BHA,0.0,0.0,0.0,0.0,0.0,0.0,0.0,0.0,0.0,0.0,0.0,0.0,0.0,0.0,1.0
ALS-095ARN-38BHA-40BHA,3.0,0.0,0.0,2.0,0.0,2.0,0.0,0.0,0.0,0.0,1.0,0.0,2.0,0.0,0.0
ALS-095ARN-38BHA-45BHA,0.0,0.0,0.0,1.0,0.0,0.0,0.0,0.0,0.0,0.0,0.0,0.0,0.0,0.0,0.0
ALS-095ARN-38BKA-40BHA,0.0,0.0,0.0,0.0,0.0,0.0,3.0,0.0,0.0,0.0,0.0,0.0,0.0,5.0,0.0
ALS-095ARN-40BHA-40BHA,8.0,21.0,0.0,41.0,32.0,31.0,3.0,1.0,31.0,20.0,0.0,30.0,5.0,30.0,42.0
ALS-095ARN-40BHA-42BHA,0.0,0.0,0.0,0.0,0.0,2.0,0.0,0.0,0.0,0.0,0.0,0.0,0.0,0.0,0.0
ALS-095ARN-40BHA-45BHA,1.0,3.0,0.0,1.0,6.0,5.0,0.0,0.0,0.0,9.0,2.0,2.0,0.0,0.0,0.0
ALS-095ARN-40BHA-50BHA,10.0,1.0,1.0,13.0,21.0,10.0,10.0,16.0,53.0,10.0,11.0,29.0,14.0,23.0,30.0
ALS-095ARN-40BHA-55BHA,1.0,0.0,1.0,0.0,5.0,5.0,8.0,5.0,5.0,5.0,3.0,6.0,5.0,6.0,5.0
ALS-095ARN-40BKA-50BHA,0.0,0.0,0.0,0.0,0.0,0.0,0.0,0.0,0.0,0.0,0.0,1.0,0.0,0.0,0.0
ALS-095ARN-42BHA-48BHA,1.0,0.0,0.0,0.0,0.0,0.0,0.0,0.0,0.0,0.0,0.0,0.0,0.0,0.0,0.0
ALS-095ARN-50BHA-55BHA,0.0,0.0,0.0,0.0,0.0,0.0,0.0,0.0,0.0,0.0,1.0,0.0,0.0,0.0,0.0
ALS-095ARN-55BHA-55BHA,0.0,0.0,3.0,0.0,0.0,0.0,0.0,0.0,0.0,0.0,0.0,0.0,0.0,0.0,0.0
ALS-095AYN-42BHA-55BHA,0.0,0.0,0.0,0.0,0.0,5.0,5.0,0.0,7.0,0.0,0.0,0.0,15.0,0.0,8.0
ALS-105-R-24H-60H,0.0,0.0,0.0,0.0,1.0,0.0,0.0,0.0,0.0,0.0,0.0,0.0,0.0,0.0,0.0
ALS-105-R-50H-60N,0.0,0.0,0.0,1.0,0.0,0.0,0.0,0.0,0.0,0.0,0.0,0.0,0.0,0.0,0.0
ALS-105-R-EL,0.0,0.0,0.0,0.0,0.0,0.0,0.0,0.0,0.0,2.0,0.0,0.0,0.0,0.0,0.0
ALS-105ABN-38BHA-38BHA,0.0,0.0,0.0,0.0,0.0,0.0,0.0,0.0,1.0,0.0,0.0,0.0,0.0,0.0,0.0
ALS-105ABN-38BHA-55BHA,0.0,0.0,0.0,0.0,0.0,0.0,0.0,0.0,1.0,0.0,0.0,0.0,0.0,0.0,0.0
ALS-105ARN-35BHA-40BHA,1.0,0.0,0.0,0.0,0.0,0.0,0.0,0.0,0.0,0.0,0.0,0.0,0.0,0.0,0.0
ALS-105ARN-35BHA-48BHA,0.0,0.0,0.0,0.0,0.0,0.0,5.0,0.0,0.0,0.0,0.0,0.0,5.0,0.0,0.0
ALS-105ARN-35BHA-55BHA,0.0,0.0,0.0,0.0,0.0,0.0,1.0,0.0,0.0,0.0,0.0,0.0,0.0,0.0,0.0
ALS-105ARN-35BKA-55BHA,0.0,0.0,0.0,0.0,0.0,0.0,0.0,0.0,0.0,0.0,1.0,0.0,0.0,0.0,0.0
ALS-105ARN-35BKA-60BHA,0.0,0.0,0.0,0.0,0.0,0.0,0.0,0.0,0.0,0.0,1.0,0.0,0.0,0.0,0.0
ALS-105ARN-38BHA-55BHA,0.0,0.0,0.0,0.0,0.0,0.0,0.0,0.0,0.0,0.0,0.0,0.0,0.0,0.0,1.0
ALS-105ARN-38BKA-50BHA,0.0,0.0,0.0,0.0,0.0,0.0,0.0,0.0,1.0,0.0,0.0,0.0,0.0,0.0,0.0
ALS-105ARN-38BKA-55BHA,0.0,0.0,0.0,0.0,0.0,0.0,0.0,0.0,0.0,0.0,0.0,0.0,1.0,0.0,0.0
ALS-105ARN-40BHA-40BHA,0.0,0.0,0.0,0.0,0.0,0.0,0.0,0.0,0.0,0.0,0.0,0.0,1.0,0.0,0.0
ALS-105ARN-40BHA-45BHA,0.0,3.0,0.0,0.0,0.0,0.0,0.0,0.0,0.0,0.0,0.0,0.0,0.0,0.0,0.0
ALS-105ARN-40BHA-50BHA,0.0,0.0,0.0,1.0,6.0,0.0,0.0,0.0,0.0,0.0,1.0,0.0,2.0,0.0,1.0
ALS-105ARN-40BHA-55BHA,0.0,0.0,0.0,0.0,0.0,0.0,0.0,0.0,3.0,0.0,1.0,0.0,2.0,0.0,0.0
ALS-105ARN-40BHA-60BHA,0.0,2.0,0.0,0.0,1.0,0.0,1.0,2.0,0.0,0.0,0.0,0.0,2.0,1.0,0.0
ALS-105ARN-42BHA-55BKA,0.0,1.0,0.0,1.0,0.0,0.0,0.0,1.0,0.0,0.0,0.0,0.0,0.0,0.0,0.0
ALS-105ARN-45BHA-55BHA,1.0,0.0,0.0,0.0,0.0,0.0,6.0,1.0,0.0,0.0,8.0,0.0,2.0,0.0,5.0
ALS-105ARN-50BHA-55BHA,1.0,0.0,1.0,0.0,1.0,1.0,0.0,2.0,1.0,0.0,0.0,0.0,0.0,0.0,0.0
ALS-105ARN-50BHA-60BHA,1.0,0.0,0.0,0.0,0.0,0.0,0.0,0.0,0.0,0.0,0.0,0.0,0.0,0.0,0.0
ALS-105ARN-55BHA-55BHA,0.0,0.0,0.0,0.0,0.0,0.0,0.0,0.0,1.0,0.0,6.0,4.0,0.0,0.0,1.0
ALS-105ARN-55BHA-60BHA,0.0,1.0,0.0,0.0,0.0,0.0,0.0,0.0,0.0,0.0,0.0,0.0,0.0,0.0,0.0
ANTI-NOISE SPRING:XS-08-10-A-20,0.0,0.0,3000.0,0.0,0.0,6000.0,0.0,3000.0,0.0,3000.0,3000.0,0.0,0.0,0.0,0.0
AP-124-MA-16,0.0,0.0,1.0,0.0,0.0,0.0,0.0,0.0,1.0,0.0,0.0,0.0,0.0,0.0,0.0
AP-124-MA-19,2.0,2.0,0.0,2.0,0.0,3.0,0.0,0.0,2.0,0.0,0.0,0.0,3.0,0.0,1.0
AP-124-MA-24,0.0,0.0,0.0,0.0,0.0,0.0,0.0,6.0,0.0,0.0,0.0,0.0,0.0,0.0,0.0
AP-124-MAT-19H,0.0,0.0,0.0,3.0,0.0,5.0,2.0,6.0,4.0,0.0,3.0,2.0,3.0,1.0,0.0
AP-124-MAT-19K,0.0,0.0,0.0,0.0,0.0,0.0,0.0,0.0,1.0,0.0,0.0,0.0,0.0,0.0,0.0
AP-124-MAT-20H,2.0,0.0,1.0,1.0,4.0,0.0,1.0,2.0,2.0,1.0,0.0,0.0,0.0,2.0,3.0
AP-124-MAT-24H,0.0,0.0,1.0,0.0,0.0,0.0,0.0,0.0,0.0,0.0,0.0,0.0,0.0,0.0,0.0
AP-124-MAT-25H,0.0,0.0,0.0,1.0,0.0,1.0,0.0,0.0,0.0,0.0,0.0,0.0,0.0,0.0,0.0
AP-164-MA-24,3.0,0.0,0.0,0.0,5.0,0.0,0.0,1.0,4.0,0.0,0.0,1.0,0.0,0.0,5.0
AP-164-MAT-24H,1.0,0.0,0.0,0.0,2.0,0.0,0.0,0.0,0.0,0.0,0.0,0.0,0.0,0.0,0.0
AP-86-MA-11,0.0,0.0,0.0,0.0,0.0,0.0,0.0,0.0,1.0,1.0,0.0,0.0,0.0,0.0,0.0
AP-86-MA-12,0.0,0.0,0.0,0.0,0.0,0.0,0.0,0.0,2.0,0.0,0.0,0.0,0.0,0.0,0.0
AP-86-MA-14,0.0,0.0,0.0,3.0,0.0,0.0,0.0,0.0,0.0,0.0,0.0,0.0,0.0,0.0,0.0
AP-86-MAT-14H,1.0,0.0,0.0,0.0,0.0,0.0,0.0,6.0,0.0,0.0,2.0,3.0,4.0,16.0,0.0
AP-98-MA-14,0.0,0.0,0.0,0.0,0.0,0.0,0.0,0.0,0.0,3.0,0.0,3.0,0.0,1.0,0.0
AP-98-MA-18,0.0,0.0,0.0,0.0,0.0,0.0,8.0,0.0,0.0,0.0,20.0,0.0,0.0,0.0,0.0
AP-98-MAT-14H,1.0,1.0,3.0,2.0,4.0,1.0,2.0,6.0,1.0,2.0,6.0,0.0,8.0,1.0,0.0
AP-98-MAT-14K,0.0,0.0,0.0,0.0,0.0,0.0,0.0,0.0,0.0,0.0,2.0,0.0,0.0,0.0,0.0
AP-98-MAT-19H,0.0,0.0,0.0,0.0,0.0,1.0,0.0,3.0,0.0,0.0,4.0,1.0,0.0,1.0,0.0
ARM-075 5-5,0.0,0.0,0.0,0.0,0.0,0.0,0.0,0.0,0.0,0.0,0.0,20.0,0.0,0.0,0.0
ARM-075 6-6,0.0,0.0,0.0,0.0,0.0,0.0,0.0,0.0,0.0,0.0,0.0,0.0,0.0,2.0,0.0
ARM-100 10-10,0.0,2.0,16.0,0.0,70.0,12.0,2.0,0.0,0.0,2.0,0.0,0.0,110.0,0.0,2.0
ARM-100 10-8,0.0,0.0,0.0,0.0,0.0,0.0,0.0,0.0,4.0,0.0,0.0,0.0,0.0,0.0,0.0
ASK  100 BB 30H7/30H7 VA,0.0,0.0,0.0,0.0,0.0,0.0,1.0,0.0,0.0,0.0,0.0,0.0,0.0,0.0,0.0
ATS6-02（1包/10PCS） ,0.0,0.0,0.0,0.0,1.0,0.0,0.0,0.0,0.0,0.0,0.0,0.0,0.0,0.0,0.0
ATS8-02（1包/10PCS） ,0.0,0.0,0.0,0.0,1.0,0.0,0.0,0.0,0.0,0.0,0.0,0.0,0.0,0.0,0.0
BEH-20G,0.0,0.0,0.0,0.0,0.0,0.0,0.0,0.0,0.0,0.0,0.0,0.0,0.0,2.0,0.0
BEM-24ESN12-120N with inspection report,0.0,0.0,210.0,0.0,0.0,0.0,0.0,0.0,0.0,0.0,540.0,50.0,150.0,0.0,520.0
BEM-24ESN7-120N,0.0,0.0,0.0,0.0,0.0,0.0,0.0,0.0,0.0,0.0,0.0,0.0,92.0,0.0,0.0
BEM-2H 360L,50.0,0.0,250.0,0.0,0.0,400.0,200.0,0.0,0.0,0.0,0.0,0.0,0.0,200.0,0.0
BEM-A-72,0.0,0.0,0.0,0.0,0.0,0.0,0.0,0.0,20.0,10.0,0.0,0.0,0.0,0.0,0.0
BES-20-16 DIN,0.0,0.0,0.0,0.0,0.0,2.0,0.0,0.0,0.0,0.0,0.0,0.0,0.0,0.0,0.0
BES-40-25,0.0,0.0,0.0,0.0,0.0,0.0,0.0,0.0,0.0,0.0,0.0,0.0,2.0,0.0,0.0
BES-40-53,1.0,2.0,0.0,0.0,0.0,0.0,0.0,0.0,1.0,0.0,1.0,0.0,0.0,0.0,3.0
BKT-KR-400,0.0,0.0,0.0,0.0,0.0,0.0,0.0,0.0,0.0,0.0,1.0,0.0,0.0,0.0,0.0
BOLT PACK SFH-150G,0.0,0.0,0.0,0.0,0.0,0.0,7.0,0.0,0.0,0.0,0.0,0.0,0.0,0.0,0.0
BOLT PACK SFH-190G,0.0,0.0,0.0,0.0,0.0,0.0,0.0,0.0,0.0,0.0,0.0,2.0,0.0,0.0,0.0
BOLT PACK SFH-220G,0.0,0.0,0.0,0.0,0.0,0.0,0.0,1.0,0.0,0.0,0.0,0.0,0.0,0.0,0.0
BXH-06-10G 24V 11DIN,0.0,0.0,0.0,0.0,0.0,0.0,0.0,1.0,0.0,0.0,0.0,0.0,0.0,0.0,0.0
BXH-06-10G 45V 11DIN,0.0,0.0,1.0,0.0,0.0,0.0,0.0,0.0,0.0,0.0,0.0,0.0,0.0,0.0,1.0
BXH-08-10-A-140,0.0,0.0,0.0,0.0,0.0,0.0,0.0,0.0,0.0,100.0,0.0,0.0,0.0,0.0,0.0
BXH-08-10-A-60,330.0,330.0,330.0,330.0,660.0,660.0,660.0,660.0,660.0,660.0,660.0,990.0,1320.0,660.0,990.0
BXH-08-10-A-78G,600.0,600.0,600.0,600.0,600.0,600.0,1200.0,1200.0,1200.0,600.0,600.0,600.0,600.0,0.0,0.0
BXH-08-10-A-89,0.0,0.0,0.0,0.0,0.0,0.0,0.0,0.0,0.0,0.0,0.0,0.0,0.0,0.0,10.0
BXH-08-10G 24V 14DIN,0.0,0.0,0.0,0.0,0.0,0.0,0.0,1.0,0.0,0.0,1.0,0.0,2.0,0.0,0.0
BXH-08-10N-01,0.0,0.0,2.0,0.0,500.0,0.0,0.0,1.0,0.0,200.0,200.0,100.0,0.0,2.0,0.0
BXH-10-10G 24V 19DIN,0.0,10.0,3.0,0.0,0.0,10.0,1.0,0.0,0.0,0.0,40.0,10.0,10.0,10.0,47.0
BXH-10-10G 90V 19DIN,3.0,0.0,2.0,3.0,0.0,5.0,3.0,0.0,0.0,0.0,0.0,0.0,0.0,0.0,0.0
BXH-10-10S1G 24V 19DIN,20.0,0.0,20.0,0.0,0.0,0.0,0.0,0.0,20.0,0.0,0.0,0.0,0.0,0.0,20.0
BXH-12-10G 24V 24DIN,0.0,0.0,10.0,20.0,0.0,21.0,2.0,20.0,0.0,0.0,0.0,1.0,10.0,1.0,0.0
BXH-12-10G 90V 24DIN,0.0,0.0,0.0,0.0,0.0,1.0,0.0,0.0,0.0,0.0,0.0,0.0,0.0,0.0,0.0
BXH-12-10N-01,0.0,0.0,0.0,0.0,0.0,0.0,0.0,0.0,167.0,0.0,0.0,0.0,0.0,0.0,0.0
BXH-12-10S1G 24V 24DIN,0.0,0.0,0.0,0.0,0.0,1.0,0.0,0.0,0.0,0.0,0.0,0.0,0.0,0.0,0.0
BXH-16-10G 24V 28DIN,0.0,1.0,0.0,0.0,0.0,0.0,0.0,0.0,0.0,0.0,0.0,0.0,0.0,0.0,0.0
BXH-16-10G 90V 28DIN,0.0,0.0,0.0,0.0,0.0,3.0,0.0,0.0,0.0,0.0,0.0,0.0,0.0,0.0,0.0
BXH-16-10G 90V 30DIN,0.0,0.0,0.0,0.0,0.0,0.0,0.0,0.0,0.0,0.0,0.0,0.0,0.0,2.0,0.0
BXH-16-10S1G 24V 28DIN,0.0,0.0,0.0,0.0,0.0,0.0,0.0,0.0,0.0,1.0,0.0,0.0,0.0,0.0,0.0
BXL-06-10G 24V 11DIN,0.0,0.0,0.0,0.0,0.0,2.0,0.0,0.0,0.0,2.0,0.0,0.0,0.0,0.0,0.0
BXL-08-10G 24V 14DIN,0.0,10.0,0.0,0.0,0.0,0.0,1.0,0.0,6.0,0.0,0.0,5.0,0.0,0.0,10.0
BXL-08-10N-004-24V-14,0.0,0.0,0.0,0.0,0.0,0.0,0.0,0.0,0.0,0.0,0.0,0.0,0.0,0.0,4.0
BXL-10-10G 24V 19DIN,0.0,0.0,0.0,0.0,0.0,0.0,0.0,0.0,2.0,0.0,0.0,0.0,0.0,0.0,0.0
BXL-10-10G 90V 19DIN,0.0,0.0,0.0,0.0,0.0,130.0,0.0,0.0,0.0,0.0,0.0,0.0,0.0,0.0,0.0
BXL-10-10N-015-24V-20,10.0,5.0,0.0,13.0,9.0,16.0,5.0,3.0,7.0,0.0,0.0,5.0,1.0,4.0,0.0
BXL-10-10N-05,24.0,24.0,0.0,0.0,64.0,125.0,0.0,0.0,0.0,50.0,100.0,0.0,0.0,0.0,0.0
BXL-12-10G 24V 24DIN,0.0,0.0,0.0,10.0,0.0,20.0,10.0,50.0,0.0,0.0,0.0,0.0,0.0,0.0,30.0
BXL-12-10N-030-24V-24,0.0,0.0,0.0,0.0,0.0,0.0,0.0,0.0,2.0,0.0,0.0,0.0,0.0,1.0,2.0
BXL-12-10N-05,34.0,0.0,0.0,40.0,46.0,34.0,44.0,0.0,0.0,0.0,0.0,0.0,0.0,36.0,0.0
BXL-16-10G 24V 28DIN,0.0,0.0,0.0,1.0,1.0,0.0,1.0,0.0,0.0,0.0,0.0,0.0,0.0,1.0,1.0
BXL-16-10G 90V 28DIN,0.0,0.0,4.0,0.0,0.0,0.0,2.0,0.0,0.0,0.0,0.0,0.0,0.0,0.0,0.0
BXL-16-10N-040-24V-28,0.0,0.0,70.0,0.0,1.0,52.0,51.0,0.0,1.0,50.0,10.0,7.0,50.0,85.0,5.0
BXL-16-10N-060-24V-37,0.0,0.0,0.0,0.0,0.0,0.0,0.0,0.0,0.0,0.0,0.0,0.0,0.0,0.0,2.0
BXL-16-10N-080-24V-37,1.0,0.0,0.0,0.0,0.0,0.0,4.0,0.0,0.0,0.0,2.0,2.0,0.0,0.0,0.0
BXL-16-10N-12,50.0,0.0,96.0,74.0,0.0,118.0,50.0,0.0,92.0,38.0,80.0,15.0,50.0,12.0,60.0
BXL-16-10N-13,0.0,0.0,0.0,0.0,9.0,0.0,0.0,0.0,0.0,0.0,0.0,0.0,0.0,0.0,0.0
BXL-16-20-A-134,0.0,0.0,0.0,0.0,0.0,5.0,0.0,0.0,0.0,0.0,0.0,0.0,0.0,0.0,0.0
BXR-015-10LE-006,37.0,23.0,0.0,0.0,74.0,0.0,190.0,14.0,351.0,6.0,0.0,3.0,304.0,12.0,90.0
BXR-020-10LE-014,0.0,33.0,0.0,40.0,50.0,0.0,110.0,0.0,188.0,0.0,0.0,0.0,62.0,0.0,0.0
BXR-025-10LE-032,391.0,400.0,400.0,1000.0,1359.0,1240.0,800.0,742.0,300.0,1010.0,707.0,60.0,100.0,200.0,88.0
BXR-035-10LE-062,0.0,203.0,0.0,0.0,148.0,0.0,500.0,66.0,696.0,24.0,30.0,6.0,479.0,100.0,276.0
BXR-035-10LE-062-C12,0.0,0.0,0.0,0.0,0.0,0.0,0.0,0.0,0.0,0.0,0.0,2.0,0.0,0.0,0.0
BXR-040-10LE-132,0.0,50.0,0.0,80.0,11.0,0.0,0.0,44.0,3.0,19.0,0.0,0.0,0.0,0.0,92.0
BXR-040-10LE-132(本体）,0.0,0.0,0.0,0.0,0.0,0.0,0.0,0.0,0.0,0.0,150.0,0.0,0.0,0.0,0.0
BXR-050-10LE-320,117.0,0.0,2.0,187.0,50.0,3.0,38.0,36.0,66.0,28.0,5.0,37.0,0.0,1.0,172.0
BXR-06-10-005-24V-15DIN,0.0,0.0,1.0,0.0,0.0,0.0,0.0,0.0,0.0,0.0,0.0,0.0,0.0,0.0,0.0
BXR-06-10-005-24V-20DIN,0.0,0.0,30.0,0.0,8.0,2.0,41.0,0.0,30.0,1.0,0.0,0.0,0.0,0.0,0.0
BXR-08-10-012-24V-20DIN,80.0,0.0,0.0,3.0,0.0,0.0,20.0,1.0,1.0,0.0,5.0,0.0,24.0,0.0,40.0
BXR-08-20-012-24V-20DIN,0.0,0.0,0.0,2.0,2.0,0.0,0.0,0.0,5.0,0.0,1.0,0.0,0.0,0.0,0.0
BXR-08-20-012-24V-30DIN,0.0,0.0,0.0,10.0,0.0,0.0,0.0,10.0,0.0,0.0,0.0,10.0,0.0,10.0,0.0
BXR-09-20-A-22,0.0,1080.0,1080.0,540.0,1080.0,3240.0,2160.0,1080.0,1620.0,1620.0,2160.0,0.0,0.0,0.0,0.0
BXR-09-20-A-32,0.0,0.0,0.0,0.0,0.0,0.0,0.0,0.0,0.0,0.0,0.0,1080.0,3240.0,2160.0,2160.0
BXR-10-10-016-24V-24DIN,1.0,0.0,10.0,0.0,0.0,0.0,5.0,0.0,80.0,0.0,4.0,3.0,0.0,20.0,8.0
BXR-10-20-016-24V-24DIN,0.0,0.0,0.0,0.0,2.0,0.0,0.0,0.0,0.0,0.0,0.0,2.0,0.0,0.0,0.0
BXR-12-10-030-24V-24DIN,2.0,0.0,0.0,0.0,0.0,22.0,24.0,20.0,0.0,0.0,10.0,0.0,0.0,0.0,0.0
BXR-12-20-030-24V-24DIN,0.0,0.0,0.0,0.0,0.0,1.0,0.0,0.0,0.0,0.0,0.0,0.0,0.0,0.0,0.0
BXR-13-20-A-22,2160.0,3240.0,3240.0,5670.0,2430.0,1620.0,2430.0,4050.0,3510.0,2970.0,4860.0,0.0,0.0,0.0,0.0
BXR-13-20-A-32,0.0,0.0,0.0,0.0,0.0,0.0,0.0,0.0,0.0,0.0,0.0,1080.0,1890.0,2970.0,2160.0
BXR-14-10-038-24V-28DIN,0.0,0.0,0.0,0.0,0.0,2.0,0.0,0.0,1.0,0.0,0.0,0.0,0.0,0.0,0.0
BXR-16-10-055-24V-28DIN,0.0,0.0,0.0,2.0,2.0,2.0,12.0,36.0,4.0,2.0,10.0,28.0,0.0,0.0,0.0
BXW-01-10-84,0.0,0.0,0.0,0.0,0.0,0.0,0.0,0.0,20.0,0.0,0.0,120.0,20.0,0.0,0.0
BXW-01-10H-24V-5,0.0,0.0,0.0,0.0,0.0,4.0,31.0,0.0,0.0,40.0,0.0,0.0,0.0,0.0,0.0
BXW-01-10H-24V-6,0.0,0.0,1.0,0.0,3.0,0.0,10.0,0.0,1.0,0.0,0.0,0.0,15.0,0.0,0.0
BXW-01-10L-24V-6,0.0,0.0,0.0,7.0,0.0,0.0,0.0,0.0,0.0,0.0,0.0,0.0,0.0,0.0,2.0
BXW-01-10S-24V-5,0.0,0.0,0.0,10.0,0.0,0.0,0.0,0.0,0.0,0.0,2.0,0.0,0.0,0.0,1.0
BXW-01-10S-24V-6,0.0,30.0,0.0,0.0,0.0,30.0,0.0,0.0,0.0,30.0,0.0,2.0,0.0,0.0,0.0
BXW-02-10-52,0.0,0.0,0.0,0.0,0.0,0.0,0.0,0.0,0.0,0.0,14.0,0.0,0.0,0.0,0.0
BXW-02-10H-24V-6,0.0,0.0,0.0,0.0,0.0,3.0,0.0,0.0,0.0,0.0,0.0,0.0,0.0,0.0,0.0
BXW-02-10H-24V-7,0.0,0.0,0.0,2.0,0.0,1.0,0.0,0.0,2.0,0.0,0.0,0.0,0.0,0.0,0.0
BXW-02-10H-90V-7,0.0,0.0,0.0,0.0,0.0,0.0,0.0,0.0,0.0,0.0,10.0,0.0,0.0,0.0,0.0
BXW-02-10S-24V-6,0.0,104.0,3.0,0.0,0.0,0.0,0.0,0.0,0.0,0.0,0.0,100.0,0.0,200.0,102.0
BXW-02-10S-24V-7,0.0,0.0,0.0,0.0,0.0,0.0,0.0,0.0,0.0,0.0,0.0,0.0,0.0,0.0,1.0
BXW-02-12-55,200.0,0.0,0.0,0.0,0.0,200.0,0.0,0.0,0.0,0.0,0.0,0.0,200.0,0.0,0.0
BXW-03-10-09,0.0,0.0,50.0,0.0,0.0,0.0,0.0,0.0,0.0,0.0,0.0,0.0,0.0,0.0,0.0
BXW-03-10-09（本体）,0.0,0.0,0.0,0.0,0.0,0.0,0.0,0.0,0.0,1500.0,0.0,0.0,0.0,0.0,0.0
BXW-03-10-112,0.0,0.0,0.0,0.0,0.0,0.0,0.0,1050.0,0.0,0.0,450.0,900.0,0.0,600.0,514.0
BXW-03-10-183,0.0,0.0,0.0,0.0,0.0,0.0,0.0,0.0,0.0,0.0,0.0,0.0,0.0,0.0,40.0
BXW-03-10H-24V-8,29.0,5.0,5.0,0.0,0.0,10.0,5.0,35.0,11.0,5.0,29.0,16.0,10.0,5.0,0.0
BXW-03-10L-90V-8,0.0,0.0,0.0,106.0,0.0,0.0,0.0,0.0,0.0,0.0,100.0,0.0,0.0,0.0,0.0
BXW-03-10R-24V-11,0.0,2.0,16.0,0.0,0.0,0.0,0.0,0.0,0.0,0.0,3.0,0.0,0.0,0.0,0.0
BXW-03-10S-24V-8,0.0,44.0,16.0,15.0,0.0,7.0,0.0,20.0,26.0,30.0,766.0,0.0,41.0,7.0,4.0
BXW-03-12L-24V-8,0.0,0.0,0.0,0.0,0.0,0.0,0.0,0.0,0.0,13.0,10.0,0.0,5.0,5.0,0.0
BXW-04-10-07,0.0,125.0,37.0,290.0,35.0,25.0,24.0,0.0,0.0,0.0,110.0,200.0,0.0,0.0,0.0
BXW-04-10-07（本体）,20.0,0.0,0.0,0.0,0.0,0.0,0.0,0.0,0.0,0.0,0.0,0.0,0.0,500.0,500.0
BXW-04-10-22,0.0,300.0,522.0,378.0,0.0,300.0,0.0,300.0,0.0,300.0,300.0,300.0,0.0,0.0,0.0
BXW-04-10H-24V-10,0.0,12.0,9.0,5.0,0.0,0.0,6.0,2.0,0.0,0.0,0.0,0.0,0.0,22.0,22.0
BXW-04-10L-24V-10,0.0,0.0,0.0,0.0,1.0,5.0,0.0,0.0,0.0,0.0,0.0,0.0,0.0,0.0,0.0
BXW-04-10S-24V-10,0.0,2.0,0.0,0.0,0.0,0.0,3.0,0.0,0.0,0.0,0.0,2.0,0.0,0.0,49.0
BXW-04-10S-24V-8,0.0,0.0,0.0,0.0,0.0,0.0,0.0,12.0,0.0,0.0,0.0,0.0,0.0,0.0,0.0
BXW-04-12S-24V-10,2.0,0.0,0.0,0.0,0.0,0.0,0.0,0.0,0.0,0.0,0.0,0.0,0.0,0.0,0.0
BXW-05-10-02,0.0,0.0,7.0,0.0,0.0,1.0,0.0,0.0,0.0,0.0,0.0,3.0,0.0,0.0,0.0
BXW-05-10-49,0.0,0.0,0.0,50.0,0.0,0.0,0.0,0.0,90.0,0.0,160.0,80.0,120.0,140.0,160.0
BXW-05-10-54(本体）,0.0,0.0,0.0,500.0,0.0,500.0,0.0,0.0,1070.0,300.0,800.0,0.0,0.0,0.0,600.0
BXW-05-10H-24V-12,0.0,50.0,0.0,0.0,50.0,50.0,1.0,0.0,6.0,0.0,0.0,0.0,0.0,0.0,0.0
BXW-05-10S-24V-12,1.0,0.0,0.0,0.0,0.0,0.0,0.0,0.0,0.0,0.0,0.0,0.0,0.0,0.0,0.0
BXW-05-12S-24V-12,0.0,0.0,1.0,0.0,0.0,0.0,0.0,0.0,0.0,0.0,0.0,0.0,0.0,0.0,0.0
CBW-06N-SR-30,0.0,0.0,0.0,2.0,0.0,2.0,0.0,0.0,0.0,1.0,0.0,0.0,0.0,1.0,2.0
CCM100V2AEF,0.0,0.0,0.0,0.0,0.0,0.0,5.0,0.0,0.0,0.0,0.0,0.0,0.0,0.0,0.0
CF-A-001-O0-1360,0.0,0.0,0.0,1.0,0.0,2.0,0.0,0.0,0.0,20.0,0.0,0.0,20.0,0.0,0.0
CF-A-002-O0-1360,0.0,50.0,30.0,1.0,32.0,0.0,10.0,60.0,20.0,20.0,0.0,20.0,20.0,0.0,0.0
CF-A-002-SO-1360,0.0,0.0,0.0,0.0,0.0,0.0,0.0,0.0,0.0,0.0,0.0,0.0,0.0,1.0,0.0
CF-A-004-O0-1360,0.0,0.0,0.0,1.0,0.0,0.0,21.0,0.0,0.0,0.0,0.0,40.0,40.0,40.0,0.0
CF-A-004-O1-1360,0.0,0.0,0.0,0.0,0.0,0.0,0.0,0.0,0.0,0.0,0.0,0.0,0.0,0.0,1.0
CF-A-004-S0-1360,0.0,0.0,0.0,0.0,0.0,0.0,0.0,0.0,3.0,0.0,0.0,0.0,0.0,0.0,0.0
CF-A-008-O0-1360,0.0,0.0,0.0,1.0,350.0,401.0,500.0,200.0,600.0,70.0,5.0,300.0,300.0,300.0,400.0
CF-A-008-O2-1360,0.0,0.0,0.0,0.0,0.0,0.0,0.0,0.0,0.0,2.0,0.0,0.0,0.0,8.0,0.0
CF-A-008-S0-1350,0.0,0.0,0.0,0.0,0.0,6.0,9.0,0.0,5.0,10.0,10.0,10.0,10.0,0.0,10.0
CF-A-012-O0-1360,0.0,0.0,4.0,1.0,0.0,1.0,0.0,0.0,0.0,0.0,5.0,20.0,0.0,50.0,0.0
CF-A-016-O0-1360,0.0,100.0,0.0,1.0,0.0,51.0,0.0,30.0,0.0,0.0,0.0,0.0,0.0,0.0,0.0
CF-A-016-O2-1360,0.0,0.0,12.0,4.0,0.0,0.0,0.0,0.0,0.0,0.0,0.0,0.0,0.0,0.0,0.0
CF-A-016-S0-1350,20.0,0.0,0.0,0.0,0.0,0.0,20.0,0.0,0.0,0.0,0.0,40.0,80.0,0.0,0.0
CF-A-016-S0-1360,0.0,0.0,0.0,0.0,0.0,0.0,0.0,1.0,0.0,0.0,1.0,0.0,0.0,0.0,0.0
CF-A-022-O0-1360,0.0,0.0,0.0,1.0,20.0,131.0,0.0,20.0,10.0,0.0,5.0,150.0,0.0,40.0,0.0
CF-A-022-OC-1360,0.0,1.0,0.0,0.0,0.0,0.0,0.0,0.0,0.0,0.0,0.0,0.0,0.0,0.0,0.0
CF-A-025-O0-1360,0.0,0.0,0.0,1.0,0.0,5.0,20.0,0.0,10.0,0.0,5.0,0.0,0.0,0.0,0.0
CF-A-025-S0-1350,0.0,0.0,70.0,0.0,60.0,10.0,0.0,10.0,65.0,20.0,0.0,50.0,0.0,50.0,70.0
CF-A-028-O0-1360,0.0,20.0,0.0,1.0,0.0,62.0,0.0,0.0,40.0,0.0,35.0,15.0,0.0,0.0,93.0
CF-A-028-S0-1360,0.0,0.0,0.0,0.0,0.0,0.0,0.0,0.0,10.0,0.0,0.0,0.0,0.0,3.0,0.0
CF-A-030-O0-1350,0.0,0.0,0.0,0.0,0.0,0.0,0.0,0.0,20.0,0.0,40.0,0.0,40.0,0.0,0.0
CF-A-030-O0-1360,0.0,0.0,0.0,1.0,0.0,5.0,0.0,0.0,12.0,0.0,5.0,20.0,20.0,10.0,0.0
CF-A-030-S0-1350,0.0,0.0,0.0,0.0,0.0,0.0,0.0,0.0,0.0,0.0,0.0,0.0,0.0,0.0,60.0
CF-A-030-SO-1350,0.0,40.0,20.0,80.0,0.0,20.0,0.0,0.0,0.0,0.0,0.0,0.0,0.0,0.0,0.0
CF-A-050-O0-1360,0.0,0.0,0.0,1.0,0.0,15.0,10.0,0.0,40.0,20.0,5.0,0.0,80.0,10.0,0.0
CF-A-050-S0-1360,0.0,0.0,0.0,0.0,0.0,0.0,0.0,1.0,0.0,0.0,0.0,0.0,0.0,0.0,0.0
CF-A-080-O0-1350,0.0,0.0,0.0,0.0,0.0,35.0,20.0,0.0,0.0,0.0,0.0,40.0,20.0,0.0,0.0
CF-A-080-O0-1360,20.0,0.0,0.0,5.0,0.0,22.0,12.0,0.0,0.0,15.0,0.0,65.0,0.0,0.0,0.0
CF-A-080-S0-1350,20.0,0.0,230.0,150.0,50.0,0.0,20.0,0.0,0.0,30.0,0.0,0.0,0.0,0.0,0.0
CF-A-080-S0-1360,0.0,0.0,0.0,0.0,1.0,0.0,0.0,0.0,0.0,0.0,0.0,0.0,0.0,0.0,0.0
CF-A-080-S1-1360,0.0,0.0,0.0,0.0,1.0,0.0,0.0,0.0,0.0,0.0,0.0,0.0,0.0,0.0,0.0
CF-A-080-SB-1360,0.0,0.0,0.0,0.0,1.0,0.0,0.0,4.0,0.0,0.0,0.0,0.0,0.0,0.0,0.0
CF-A-090-O0-1350,0.0,0.0,10.0,0.0,0.0,0.0,0.0,0.0,0.0,0.0,0.0,20.0,0.0,0.0,0.0
CF-A-090-O0-1360,0.0,0.0,0.0,0.0,0.0,1.0,0.0,0.0,0.0,0.0,0.0,0.0,0.0,5.0,0.0
CF-A-090-S0-1350,0.0,20.0,0.0,0.0,0.0,0.0,0.0,0.0,0.0,0.0,0.0,10.0,0.0,0.0,0.0
CF-A-090-S0-1360,0.0,0.0,0.0,0.0,0.0,1.0,0.0,0.0,5.0,6.0,2.0,0.0,0.0,0.0,0.0
CF-A-140-O0-1350,0.0,0.0,0.0,0.0,0.0,0.0,0.0,0.0,0.0,0.0,0.0,0.0,0.0,0.0,5.0
CF-A-140-O0-1360,0.0,0.0,0.0,0.0,0.0,11.0,0.0,1.0,1.0,0.0,1.0,0.0,0.0,0.0,0.0
CF-A-140-S0-1350,0.0,10.0,0.0,50.0,30.0,0.0,0.0,0.0,0.0,0.0,0.0,0.0,0.0,0.0,0.0
CF-A-140-S0-1360,0.0,0.0,0.0,0.0,0.0,11.0,0.0,0.0,12.0,4.0,1.0,0.0,0.0,0.0,0.0
CF-A-140-SB-1360,0.0,0.0,0.0,0.0,0.0,1.0,0.0,0.0,0.0,0.0,1.0,0.0,0.0,0.0,2.0
CF-A-200-O0-1360,0.0,0.0,0.0,0.0,0.0,1.0,0.0,0.0,1.0,0.0,0.0,0.0,0.0,0.0,0.0
CF-A-200-SB-1360,0.0,0.0,0.0,0.0,0.0,0.0,0.0,0.0,0.0,0.0,0.0,1.0,0.0,0.0,0.0
CF-A-200-SO-1350,10.0,70.0,30.0,50.0,60.0,30.0,30.0,30.0,30.0,57.0,0.0,0.0,0.0,0.0,0.0
CF-A-200-SO-1360,0.0,0.0,0.0,0.0,0.0,1.0,2.0,2.0,12.0,4.0,6.0,2.0,0.0,0.0,0.0
CF-A-250-O0-1360,0.0,0.0,0.0,0.0,0.0,1.0,0.0,1.0,0.0,1.0,1.0,0.0,4.0,0.0,26.0
CF-A-250-S0-1350,0.0,0.0,0.0,0.0,0.0,0.0,0.0,0.0,0.0,0.0,0.0,0.0,0.0,0.0,5.0
CF-A-250-SO-1350,0.0,0.0,0.0,0.0,0.0,0.0,0.0,0.0,0.0,0.0,5.0,15.0,0.0,0.0,0.0
CF-A-250-SO-1360,0.0,0.0,0.0,0.0,0.0,1.0,2.0,3.0,2.0,0.0,0.0,0.0,0.0,3.0,0.0
CF-A-400-O0-1360,2.0,0.0,0.0,0.0,0.0,2.0,10.0,15.0,12.0,0.0,0.0,3.0,0.0,0.0,5.0
CF-A-400-S0-1360,0.0,0.0,1.0,1.0,0.0,1.0,0.0,2.0,19.0,0.0,0.0,6.0,0.0,0.0,0.0
CF-B-070-H,0.0,0.0,0.0,0.0,0.0,8.0,0.0,6.0,0.0,0.0,0.0,0.0,0.0,0.0,0.0
CF-B-080,0.0,0.0,0.0,0.0,0.0,1.0,0.0,0.0,0.0,0.0,0.0,0.0,0.0,0.0,0.0
CF-B-080-H,0.0,0.0,0.0,2.0,0.0,6.0,0.0,6.0,0.0,0.0,0.0,0.0,0.0,7.0,0.0
CF-B-100-H,0.0,0.0,0.0,1.0,0.0,1.0,0.0,0.0,0.0,0.0,4.0,0.0,0.0,14.0,0.0
CF-B-120-H,0.0,0.0,0.0,1.0,0.0,1.0,0.0,0.0,0.0,0.0,0.0,0.0,0.0,0.0,0.0
CF-B-140-H,0.0,0.0,0.0,0.0,0.0,0.0,2.0,0.0,0.0,0.0,0.0,0.0,0.0,0.0,0.0
CF-H-110-O0,0.0,0.0,0.0,0.0,0.0,0.0,0.0,0.0,1.0,0.0,0.0,0.0,0.0,0.0,0.0
CF-X-001-O0,0.0,0.0,0.0,0.0,0.0,0.0,0.0,0.0,20.0,0.0,0.0,0.0,0.0,0.0,10.0
CF-X-001-O2 17-20 ,0.0,0.0,0.0,0.0,0.0,0.0,4.0,0.0,0.0,0.0,0.0,0.0,0.0,0.0,0.0
CF-X-002-O0,0.0,0.0,0.0,0.0,0.0,0.0,1.0,10.0,110.0,0.0,50.0,20.0,10.0,30.0,100.0
CF-X-004-00,0.0,0.0,0.0,0.0,0.0,0.0,130.0,10.0,0.0,0.0,80.0,0.0,40.0,0.0,100.0
CF-X-008-O0,0.0,100.0,0.0,0.0,0.0,100.0,2.0,2.0,140.0,2.0,105.0,170.0,60.0,0.0,200.0
CF-X-008-O2,1.0,10.0,0.0,0.0,0.0,20.0,0.0,0.0,3.0,0.0,0.0,0.0,14.0,1.0,0.0
CF-X-016-O0,0.0,0.0,0.0,8.0,5.0,335.0,0.0,0.0,0.0,0.0,7.0,10.0,0.0,0.0,220.0
CF-X-016-OB,0.0,0.0,0.0,0.0,0.0,0.0,0.0,0.0,0.0,0.0,0.0,2.0,0.0,0.0,0.0
CF-X-025-O0,0.0,0.0,0.0,0.0,0.0,306.0,0.0,0.0,0.0,0.0,5.0,20.0,0.0,0.0,100.0
CF-X-025-OB,0.0,0.0,0.0,0.0,0.0,0.0,0.0,0.0,0.0,0.0,0.0,0.0,0.0,0.0,4.0
CHP-20-7-7,0.0,0.0,0.0,0.0,0.0,0.0,0.0,0.0,0.0,0.0,0.0,6.0,0.0,0.0,0.0
CHP-26-11-11,5.0,0.0,0.0,0.0,0.0,0.0,0.0,0.0,0.0,0.0,0.0,0.0,0.0,0.0,0.0
CHP-26-6-8,0.0,0.0,0.0,0.0,0.0,0.0,0.0,0.0,0.0,0.0,0.0,2.0,0.0,0.0,0.0
CHP-26-8-10,0.0,0.0,0.0,0.0,0.0,0.0,3.0,0.0,0.0,0.0,0.0,0.0,0.0,0.0,0.0
CHP-34-8-10,0.0,0.0,0.0,0.0,0.0,0.0,0.0,0.0,1.0,0.0,0.0,0.0,0.0,0.0,0.0
COS250H-855型,0.0,0.0,0.0,0.0,0.0,0.0,0.0,0.0,0.0,0.0,0.0,0.0,0.0,1.0,0.0
COS250H型,0.0,0.0,0.0,0.0,0.0,0.0,0.0,0.0,0.0,0.0,0.0,0.0,0.0,1.0,0.0
COUPLING ELEMENT SFH-150G,0.0,0.0,0.0,0.0,0.0,0.0,7.0,0.0,0.0,0.0,0.0,0.0,0.0,0.0,0.0
CPE-19-4.5B-4.5B,0.0,0.0,0.0,0.0,0.0,0.0,0.0,0.0,0.0,8.0,0.0,0.0,0.0,0.0,0.0
CPE-29-8B-10B,0.0,0.0,0.0,0.0,0.0,0.0,0.0,0.0,0.0,0.0,0.0,0.0,0.0,0.0,1.0
CPE-29-8B-14B,5.0,0.0,0.0,0.0,0.0,0.0,0.0,0.0,0.0,0.0,0.0,0.0,0.0,0.0,10.0
CPE-39-10B-12B,0.0,0.0,0.0,0.0,0.0,0.0,0.0,0.0,0.0,0.0,0.0,0.0,0.0,0.0,1.0
CPE-39-12B-14B,0.0,0.0,0.0,0.0,0.0,0.0,0.0,0.0,0.0,0.0,5.0,0.0,0.0,0.0,0.0
CPG-030-T001A,0.0,0.0,2000.0,0.0,0.0,0.0,0.0,0.0,0.0,0.0,0.0,6000.0,0.0,6000.0,0.0
CPG-030-T005B,0.0,0.0,1000.0,0.0,0.0,0.0,0.0,0.0,0.0,0.0,0.0,3000.0,0.0,3000.0,0.0
CPG-030-T007A,6000.0,4000.0,4000.0,4000.0,8000.0,12000.0,0.0,18000.0,12000.0,0.0,6000.0,12040.0,12000.0,12000.0,0.0
CPG-030-T007B,3000.0,2000.0,2000.0,2000.0,4000.0,6000.0,0.0,9000.0,6000.0,0.0,3000.0,6020.0,6000.0,6000.0,0.0
CPU-26-A-8B-8B,0.0,2.0,0.0,0.0,0.0,0.0,0.0,0.0,0.0,0.0,0.0,0.0,0.0,0.0,0.0
CPU-36-A-10B-10B,0.0,0.0,0.0,0.0,0.0,0.0,0.0,0.0,2.0,0.0,0.0,0.0,0.0,0.0,0.0
CPU-36-A-12B-15B,0.0,0.0,0.0,0.0,0.0,0.0,0.0,0.0,0.0,0.0,0.0,0.0,0.0,1.0,0.0
CPU-36-A-15B-15B,0.0,3.0,0.0,0.0,0.0,0.0,0.0,0.0,0.0,0.0,0.0,0.0,0.0,0.0,0.0
CPU-36-A-15B-16B,0.0,0.0,0.0,0.0,0.0,0.0,0.0,0.0,0.0,0.0,0.0,0.0,0.0,4.0,0.0
CPU-36-A-8B-14B,0.0,0.0,0.0,0.0,0.0,0.0,0.0,0.0,0.0,0.0,0.0,0.0,0.0,0.0,6.0
CPU-46-A-22B-22B,0.0,0.0,0.0,0.0,0.0,0.0,0.0,4.0,0.0,0.0,0.0,5.0,0.0,0.0,0.0
CS-06-31G 24V R12DIN A12DIN,8.0,0.0,0.0,0.0,1.0,0.0,0.0,1.0,0.0,0.0,0.0,0.0,0.0,0.0,0.0
CS-06-31N 24V R12DIN A12DIN,0.0,2.0,1.0,3.0,5.0,1.0,8.0,0.0,21.0,0.0,0.0,1.0,1.0,1.0,0.0
CS-06-31N 24V R12JIS A12JIS,0.0,0.0,0.0,0.0,0.0,0.0,0.0,0.0,0.0,0.0,11.0,10.0,0.0,4.0,0.0
CS-06-33G 24V 12DIN,0.0,0.0,30.0,400.0,370.0,480.0,150.0,411.0,602.0,310.0,0.0,30.0,696.0,0.0,0.0
CS-06-33N 24V 12JIS,0.0,0.0,5.0,10.0,0.0,5.0,40.0,5.0,13.0,0.0,64.0,0.0,10.0,67.0,2.0
CS-06-35G 24V R12DIN A12JIS,0.0,0.0,0.0,8.0,0.0,0.0,0.0,0.0,0.0,0.0,0.0,0.0,0.0,0.0,0.0
CS-06-35G 24V R12JIS A12JIS,25.0,0.0,0.0,50.0,0.0,0.0,50.0,4.0,0.0,50.0,0.0,0.0,0.0,0.0,0.0
CS-08-31G 24V R15DIN A15DIN,3.0,0.0,0.0,0.0,10.0,0.0,2.0,2.0,0.0,0.0,0.0,0.0,0.0,8.0,0.0
CS-08-31G 24V R15DIN A17DIN,0.0,0.0,0.0,0.0,0.0,0.0,1.0,0.0,1.0,0.0,0.0,2.0,0.0,2.0,0.0
CS-08-31N 24V R15DIN A15DIN,0.0,1.0,1.0,0.0,0.0,0.0,2.0,0.0,0.0,0.0,0.0,0.0,0.0,1.0,2.0
CS-08-33G 24V 15DIN,0.0,0.0,0.0,60.0,0.0,3.0,151.0,20.0,6.0,0.0,0.0,0.0,2.0,0.0,3.0
CS-08-33G 24V 15JIS,5.0,31.0,1.0,29.0,29.0,2.0,24.0,0.0,25.0,24.0,24.0,0.0,42.0,20.0,40.0
CS-08-33N 24V 15DIN,11.0,0.0,0.0,0.0,38.0,1.0,5.0,8.0,20.0,8.0,0.0,0.0,0.0,0.0,0.0
CS-08-33N 24V 15JIS,42.0,95.0,50.0,114.0,61.0,89.0,100.0,96.0,106.0,42.0,50.0,107.0,140.0,168.0,144.0
CS-08-35G 24V R15DIN A15DIN,0.0,0.0,0.0,0.0,0.0,0.0,0.0,16.0,0.0,0.0,0.0,0.0,0.0,0.0,0.0
CS-08-35N 24V R15DIN A15DIN,0.0,0.0,0.0,2.0,9.0,0.0,0.0,0.0,0.0,0.0,3.0,1.0,7.0,0.0,0.0
CS-08-35N 24V R15JIS A15JIS,0.0,0.0,0.0,0.0,0.0,0.0,0.0,0.0,0.0,0.0,5.0,0.0,0.0,0.0,0.0
CS-10-31G 24V R20DIN A20DIN,1.0,0.0,0.0,8.0,6.0,0.0,0.0,0.0,0.0,0.0,0.0,0.0,0.0,0.0,0.0
CS-10-33G 24V 20DIN,0.0,0.0,0.0,0.0,1.0,0.0,5.0,0.0,0.0,1.0,0.0,0.0,0.0,0.0,5.0
CS-10-33G 24V 20JIS,0.0,0.0,0.0,0.0,0.0,0.0,0.0,10.0,0.0,0.0,0.0,0.0,0.0,0.0,0.0
CS-10-33N 24V 20DIN,2.0,1.0,15.0,55.0,0.0,1.0,0.0,50.0,2.0,0.0,0.0,21.0,20.0,2.0,0.0
CS-10-33N 24V 20JIS,0.0,20.0,10.0,21.0,0.0,10.0,22.0,12.0,20.0,10.0,0.0,10.0,10.0,3.0,10.0
CS-10-35G 24V R20DIN A20DIN,20.0,0.0,2.0,0.0,1.0,0.0,0.0,0.0,22.0,0.0,0.0,0.0,0.0,23.0,0.0
CS-10-35G 24V R20JIS A20JIS,0.0,0.0,1.0,1.0,0.0,0.0,1.0,0.0,0.0,1.0,1.0,1.0,0.0,2.0,1.0
CS-10-35N 24V R20DIN A20DIN,4.0,0.0,0.0,0.0,4.0,0.0,0.0,8.0,0.0,4.0,4.0,0.0,0.0,0.0,4.0
CS-10-35N 24V R20JIS A20JIS,20.0,0.0,3.0,2.0,20.0,13.0,0.0,6.0,26.0,0.0,2.0,0.0,0.0,20.0,5.0
CS-12-31G 24V R25DIN A25DIN,0.0,0.0,0.0,0.0,0.0,5.0,0.0,1.0,1.0,0.0,0.0,8.0,1.0,0.0,0.0
CS-12-33G 24V 25DIN,5.0,10.0,0.0,15.0,0.0,0.0,10.0,45.0,0.0,0.0,0.0,0.0,0.0,20.0,0.0
CS-12-33G 24V 25JIS,0.0,6.0,20.0,19.0,6.0,0.0,6.0,27.0,26.0,16.0,17.0,0.0,11.0,0.0,22.0
CS-12-33N 24V 25DIN,16.0,0.0,28.0,0.0,20.0,22.0,4.0,20.0,9.0,0.0,16.0,0.0,0.0,16.0,0.0
CS-12-33N 24V 25JIS,46.0,55.0,20.0,62.0,0.0,87.0,20.0,35.0,40.0,0.0,82.0,8.0,62.0,131.0,30.0
CS-12-35G 24V R25JIS A25JIS,0.0,1.0,1.0,3.0,3.0,6.0,6.0,0.0,0.0,0.0,3.0,0.0,0.0,0.0,0.0
CS-12-35N 24V R25DIN A25DIN,0.0,0.0,10.0,0.0,2.0,52.0,0.0,0.0,0.0,5.0,3.0,10.0,1.0,0.0,0.0
CS-16-31G 24V R30DIN A30DIN,0.0,0.0,0.0,0.0,0.0,0.0,0.0,0.0,0.0,0.0,0.0,0.0,0.0,0.0,1.0
CS-16-33G 24V 30JIS,0.0,3.0,0.0,0.0,0.0,0.0,0.0,0.0,0.0,0.0,0.0,0.0,0.0,0.0,0.0
CS-16-33HG 24V 30DIN,0.0,0.0,0.0,0.0,0.0,0.0,2.0,0.0,0.0,0.0,0.0,0.0,0.0,0.0,0.0
CS-16-35G 24V R30DIN A30DIN,0.0,5.0,0.0,0.0,0.0,0.0,0.0,0.0,0.0,0.0,0.0,0.0,5.0,0.0,5.0
CS-16-35G 24V R30JIS A30JIS,0.0,0.0,0.0,1.0,0.0,5.0,0.0,0.0,0.0,0.0,0.0,0.0,0.0,0.0,5.0
CS-20-33G 24V 40JIS,2.0,0.0,0.0,0.0,0.0,0.0,0.0,0.0,0.0,0.0,0.0,0.0,0.0,0.0,0.0
CSZ-05-35,0.0,0.0,0.0,0.0,0.0,0.0,0.0,0.0,0.0,0.0,0.0,2.0,0.0,0.0,0.0
CSZ-06-35,0.0,0.0,0.0,0.0,0.0,0.0,0.0,0.0,4.0,0.0,1.0,0.0,0.0,0.0,0.0
CSZ-08-35,0.0,0.0,0.0,0.0,0.0,0.0,1.0,0.0,1.0,0.0,0.0,0.0,0.0,0.0,1.0
CVD223FBR-K,0.0,0.0,0.0,0.0,0.0,0.0,3.0,0.0,0.0,0.0,0.0,0.0,0.0,0.0,0.0
CVD228BR-K,0.0,0.0,0.0,0.0,0.0,0.0,2.0,0.0,0.0,0.0,0.0,0.0,0.0,0.0,0.0
CYT-03-33B 24V 8MM,0.0,2.0,0.0,0.0,0.0,0.0,0.0,0.0,20.0,0.0,0.0,0.0,0.0,100.0,0.0
CYT-04-33B 24V 10MM,0.0,0.0,0.0,0.0,0.0,1.0,4.0,0.0,10.0,0.0,3.0,0.0,0.0,2.0,2.0
DH89-03 1P60A*2,0.0,4.0,0.0,0.0,0.0,0.0,0.0,0.0,0.0,0.0,0.0,0.0,0.0,0.0,0.0
DH9503 1P600V120A L=500MM,0.0,0.0,0.0,0.0,0.0,0.0,0.0,0.0,10.0,0.0,0.0,0.0,0.0,0.0,0.0
DL 10.12-04,0.0,1.0,0.0,0.0,0.0,0.0,0.0,0.0,0.0,0.0,0.0,0.0,0.0,0.0,0.0
DMB-2-80Nm,0.0,0.0,0.0,0.0,0.0,0.0,0.0,0.0,0.0,0.0,0.0,0.0,0.0,0.0,1.0
DR-A-50X200-N,0.0,0.0,1.0,0.0,0.0,0.0,0.0,0.0,0.0,0.0,0.0,0.0,0.0,0.0,0.0
DSCR-112 11-11,0.0,0.0,0.0,0.0,1.0,0.0,0.0,0.0,0.0,0.0,0.0,0.0,0.0,0.0,0.0
DSCR-150 14-10,0.0,0.0,0.0,0.0,0.0,0.0,0.0,0.0,0.0,0.0,0.0,0.0,0.0,4.0,0.0
DSCR-150 14-14,0.0,0.0,0.0,0.0,0.0,0.0,0.0,0.0,0.0,0.0,0.0,0.0,0.0,3.0,0.0
DSCR-200 19-12,0.0,0.0,3.0,0.0,0.0,0.0,0.0,0.0,0.0,0.0,0.0,0.0,0.0,0.0,0.0
DSR-075 6-6,0.0,0.0,0.0,0.0,5.0,0.0,0.0,0.0,0.0,0.0,0.0,0.0,0.0,0.0,0.0
DSR-100 10-10,0.0,0.0,0.0,0.0,0.0,0.0,0.0,0.0,0.0,0.0,2.0,0.0,0.0,0.0,0.0
DUST COVER BXW-05-C05,0.0,0.0,0.0,0.0,0.0,0.0,1.0,0.0,0.0,0.0,0.0,0.0,0.0,0.0,0.0
E-CF-H-045,0.0,0.0,0.0,0.0,0.0,0.0,0.0,0.0,20.0,0.0,0.0,0.0,0.0,0.0,10.0
E-CF-H-050,0.0,0.0,1536.0,384.0,0.0,768.0,1536.0,1152.0,768.0,1152.0,384.0,0.0,384.0,768.0,384.0
E-CF-H-110,544.0,544.0,1088.0,816.0,544.0,0.0,544.0,272.0,816.0,0.0,544.0,544.0,542.0,546.0,1088.0
E-CF-H-160,0.0,0.0,224.0,448.0,0.0,224.0,224.0,224.0,448.0,224.0,448.0,448.0,448.0,0.0,224.0
E-CF-H-240,0.0,0.0,50.0,30.0,25.0,20.0,0.0,40.0,40.0,40.0,20.0,40.0,0.0,0.0,90.0
E1,0.0,0.0,0.0,2.0,0.0,0.0,0.0,0.0,0.0,0.0,0.0,0.0,0.0,0.0,0.0
E2,0.0,0.0,0.0,0.0,0.0,0.0,0.0,0.0,0.0,0.0,2.0,4.0,0.0,0.0,0.0
E41,0.0,5.0,0.0,0.0,10.0,0.0,0.0,3.0,0.0,5.0,0.0,9.0,2.0,0.0,0.0
E42,0.0,5.0,0.0,0.0,10.0,0.0,0.0,3.0,0.0,5.0,0.0,8.0,2.0,0.0,0.0
ED01-45*52,0.0,0.0,0.0,0.0,0.0,0.0,0.0,0.0,30.0,0.0,0.0,0.0,0.0,0.0,0.0
ED01-55*62,0.0,0.0,0.0,0.0,0.0,0.0,0.0,0.0,20.0,0.0,0.0,0.0,0.0,0.0,60.0
ED01-60*68,0.0,0.0,0.0,0.0,0.0,0.0,0.0,0.0,20.0,0.0,0.0,0.0,0.0,0.0,0.0
EDC-2-E,0.0,0.0,0.0,1.0,0.0,0.0,0.0,0.0,0.0,0.0,0.0,0.0,0.0,0.0,0.0
ELEMENT CF-B-070,0.0,0.0,0.0,0.0,0.0,0.0,5.0,0.0,0.0,0.0,0.0,0.0,0.0,0.0,0.0
ELEMENT CF-B-070-H,0.0,4.0,0.0,0.0,0.0,10.0,0.0,0.0,0.0,5.0,10.0,0.0,0.0,0.0,0.0
ELEMENT CF-B-080,0.0,0.0,0.0,0.0,0.0,8.0,0.0,0.0,0.0,0.0,0.0,0.0,0.0,0.0,0.0
ELEMENT CF-B-080-H,0.0,15.0,0.0,5.0,0.0,20.0,0.0,0.0,0.0,5.0,20.0,0.0,0.0,0.0,0.0
ELEMENT CF-B-100-H,0.0,6.0,0.0,0.0,0.0,10.0,0.0,0.0,0.0,0.0,0.0,0.0,0.0,0.0,45.0
ELEMENT CF-B-120-H,0.0,2.0,0.0,0.0,6.0,2.0,0.0,0.0,0.0,0.0,0.0,0.0,0.0,0.0,0.0
ELEMENT CF-B-140-H,0.0,11.0,0.0,0.0,0.0,0.0,0.0,0.0,5.0,0.0,0.0,0.0,0.0,15.0,0.0
ELEMENT SFH-220G,0.0,0.0,0.0,0.0,0.0,0.0,0.0,1.0,0.0,0.0,0.0,0.0,0.0,0.0,0.0
ELEMENT-CF-B-165-H,0.0,0.0,0.0,0.0,0.0,18.0,0.0,0.0,0.0,0.0,0.0,0.0,0.0,0.0,2.0
ELEMENT-CF-B-185-H,0.0,0.0,0.0,0.0,0.0,1.0,0.0,3.0,0.0,0.0,0.0,0.0,0.0,0.0,0.0
ETP-A-15,0.0,0.0,0.0,5.0,300.0,0.0,0.0,200.0,0.0,100.0,310.0,1.0,0.0,0.0,610.0
ETP-A-19,0.0,0.0,0.0,8.0,0.0,0.0,0.0,0.0,0.0,0.0,0.0,4.0,0.0,0.0,0.0
ETP-A-20,0.0,0.0,0.0,0.0,0.0,0.0,0.0,0.0,200.0,0.0,0.0,0.0,0.0,0.0,0.0
ETP-A-25,5.0,10.0,0.0,30.0,0.0,30.0,5.0,0.0,0.0,0.0,0.0,12.0,77.0,0.0,2.0
ETP-A-25-S,0.0,0.0,0.0,0.0,0.0,0.0,0.0,3.0,0.0,0.0,0.0,0.0,0.0,0.0,0.0
ETP-A-28,1.0,0.0,0.0,0.0,0.0,0.0,0.0,0.0,0.0,0.0,0.0,0.0,0.0,6.0,0.0
ETP-A-30,0.0,0.0,0.0,0.0,0.0,20.0,0.0,0.0,0.0,0.0,0.0,0.0,20.0,0.0,10.0
ETP-A-32,0.0,0.0,0.0,0.0,0.0,0.0,0.0,20.0,36.0,15.0,0.0,10.0,0.0,0.0,0.0
ETP-A-35,0.0,0.0,0.0,4.0,0.0,1.0,0.0,0.0,6.0,10.0,0.0,2.0,0.0,1.0,0.0
ETP-A-35-B,4.0,0.0,0.0,0.0,0.0,0.0,0.0,0.0,0.0,0.0,0.0,1.0,0.0,0.0,0.0
ETP-A-38,0.0,0.0,0.0,10.0,0.0,0.0,0.0,0.0,0.0,0.0,0.0,0.0,0.0,10.0,0.0
ETP-A-40,0.0,0.0,0.0,0.0,0.0,20.0,0.0,0.0,0.0,9.0,0.0,0.0,20.0,0.0,0.0
ETP-A-42,0.0,0.0,0.0,0.0,0.0,0.0,0.0,0.0,0.0,10.0,0.0,0.0,0.0,0.0,0.0
ETP-A-45,0.0,0.0,0.0,0.0,0.0,0.0,0.0,0.0,0.0,0.0,0.0,0.0,0.0,1.0,0.0
ETP-A-48,0.0,0.0,0.0,0.0,0.0,0.0,2.0,0.0,0.0,2.0,0.0,20.0,18.0,0.0,0.0
ETP-A-50,4.0,0.0,0.0,0.0,0.0,0.0,0.0,6.0,0.0,21.0,0.0,0.0,0.0,0.0,0.0
ETP-A-50-S,0.0,0.0,2.0,0.0,0.0,0.0,0.0,2.0,0.0,0.0,0.0,2.0,0.0,50.0,0.0
ETP-A-55,0.0,0.0,0.0,0.0,0.0,0.0,0.0,0.0,0.0,0.0,0.0,12.0,0.0,0.0,0.0
ETP-A-60,0.0,0.0,0.0,5.0,0.0,0.0,5.0,0.0,0.0,0.0,0.0,0.0,6.0,0.0,0.0
ETP-A-70,0.0,0.0,0.0,0.0,0.0,8.0,1.0,0.0,0.0,0.0,8.0,0.0,0.0,0.0,0.0
ETP-A-80,0.0,0.0,1.0,0.0,0.0,0.0,0.0,0.0,1.0,0.0,0.0,0.0,0.0,0.0,0.0
ETP-E-015-NH,0.0,101.0,0.0,100.0,400.0,0.0,700.0,0.0,0.0,0.0,0.0,0.0,0.0,0.0,0.0
ETP-E-019-NH,0.0,0.0,0.0,0.0,0.0,0.0,0.0,3.0,0.0,42.0,0.0,0.0,0.0,0.0,0.0
ETP-E-020-CH,0.0,0.0,0.0,0.0,0.0,0.0,0.0,0.0,1.0,0.0,0.0,3.0,0.0,0.0,0.0
ETP-E-020-NH,2.0,0.0,0.0,0.0,0.0,0.0,2.0,0.0,0.0,0.0,2.0,0.0,3.0,9.0,0.0
ETP-E-022-NH,0.0,0.0,2.0,0.0,0.0,0.0,5.0,0.0,0.0,0.0,0.0,0.0,0.0,0.0,0.0
ETP-E-024-NH,0.0,0.0,0.0,0.0,1.0,1.0,2.0,5.0,0.0,2.0,2.0,5.0,0.0,0.0,0.0
ETP-E-028-NH,0.0,0.0,0.0,0.0,0.0,0.0,0.0,0.0,0.0,0.0,0.0,0.0,10.0,0.0,0.0
ETP-E-030-CH,0.0,0.0,0.0,1.0,0.0,0.0,0.0,0.0,0.0,0.0,0.0,0.0,0.0,0.0,0.0
ETP-E-030-NH,0.0,0.0,20.0,10.0,1.0,36.0,80.0,0.0,0.0,0.0,0.0,50.0,30.0,30.0,150.0
ETP-E-032-NH,0.0,10.0,0.0,0.0,0.0,0.0,0.0,0.0,5.0,0.0,0.0,0.0,0.0,0.0,6.0
ETP-E-035-NH,0.0,0.0,70.0,0.0,1.0,12.0,30.0,0.0,22.0,0.0,1.0,0.0,0.0,30.0,20.0
ETP-E-040-NH,0.0,8.0,0.0,1.0,34.0,0.0,0.0,0.0,0.0,0.0,10.0,12.0,60.0,78.0,20.0
ETP-E-042-NH,0.0,0.0,0.0,10.0,0.0,11.0,11.0,0.0,40.0,0.0,0.0,0.0,0.0,10.0,0.0
ETP-E-048-NH,0.0,0.0,0.0,0.0,0.0,0.0,0.0,0.0,0.0,0.0,0.0,6.0,26.0,100.0,100.0
ETP-E-050-NH,0.0,0.0,8.0,16.0,0.0,1.0,0.0,5.0,0.0,0.0,0.0,0.0,0.0,0.0,0.0
ETP-E-055-NH,0.0,8.0,15.0,11.0,0.0,19.0,3.0,9.0,8.0,8.0,0.0,6.0,5.0,6.0,15.0
ETP-E-055-NK,0.0,0.0,0.0,0.0,0.0,0.0,0.0,0.0,0.0,0.0,0.0,0.0,0.0,0.0,10.0
ETP-E-070-NH,2.0,0.0,0.0,4.0,0.0,6.0,0.0,0.0,0.0,0.0,0.0,0.0,0.0,0.0,4.0
ETP-E-080-NH,0.0,0.0,0.0,0.0,0.0,4.0,0.0,0.0,0.0,0.0,0.0,0.0,0.0,0.0,0.0
ETP-E-100-NH,0.0,0.0,28.0,2.0,0.0,0.0,0.0,0.0,0.0,4.0,1.0,5.0,0.0,0.0,0.0
ETP-T-15-C,0.0,0.0,2.0,0.0,0.0,0.0,0.0,0.0,0.0,0.0,0.0,0.0,0.0,0.0,0.0
ETP-T-19,0.0,0.0,0.0,0.0,0.0,0.0,0.0,0.0,0.0,10.0,0.0,0.0,0.0,0.0,0.0
ETP-T-19-C,0.0,0.0,0.0,0.0,0.0,1.0,0.0,0.0,0.0,30.0,0.0,0.0,30.0,0.0,0.0
ETP-T-20,0.0,0.0,0.0,0.0,0.0,1.0,0.0,0.0,2.0,0.0,0.0,0.0,0.0,0.0,0.0
ETP-T-20-C,0.0,1.0,0.0,0.0,0.0,0.0,1.0,0.0,0.0,0.0,0.0,0.0,0.0,0.0,0.0
ETP-T-24,0.0,0.0,0.0,0.0,0.0,0.0,0.0,0.0,3.0,2.0,0.0,0.0,0.0,0.0,0.0
ETP-T-25,0.0,0.0,0.0,0.0,0.0,62.0,1.0,0.0,6.0,0.0,0.0,0.0,6.0,4.0,0.0
ETP-T-30,0.0,3.0,0.0,4.0,0.0,20.0,2.0,0.0,0.0,0.0,0.0,0.0,0.0,0.0,4.0
ETP-T-35,5.0,10.0,20.0,2.0,22.0,8.0,1.0,6.0,0.0,20.0,6.0,0.0,6.0,20.0,5.0
ETP-T-40,0.0,0.0,0.0,0.0,1.0,2.0,1.0,0.0,0.0,0.0,1.0,0.0,0.0,0.0,24.0
ETP-T-40-C,0.0,0.0,0.0,0.0,0.0,0.0,0.0,0.0,0.0,0.0,0.0,24.0,0.0,0.0,0.0
ETP-T-50,15.0,0.0,50.0,67.0,5.0,55.0,5.0,50.0,0.0,5.0,50.0,5.0,0.0,220.0,192.0
ETP-T-60,0.0,1.0,16.0,14.0,0.0,12.0,27.0,0.0,9.0,22.0,0.0,34.0,0.0,50.0,34.0
ETP-T-70,2.0,0.0,0.0,3.0,0.0,0.0,0.0,0.0,0.0,0.0,0.0,0.0,0.0,0.0,0.0
ETP-T-75,0.0,0.0,0.0,0.0,0.0,1.0,0.0,0.0,0.0,0.0,0.0,0.0,0.0,0.0,0.0
F10T1-F3-PS/DC24V,0.0,0.0,0.0,0.0,1.0,0.0,0.0,0.0,0.0,0.0,0.0,0.0,0.0,0.0,0.0
F10Z-21 ,0.0,0.0,0.0,0.0,1.0,0.0,0.0,0.0,0.0,0.0,0.0,0.0,0.0,0.0,0.0
FME05-TA-J4-SH-DA-PS/DC24V ,0.0,0.0,0.0,0.0,1.0,0.0,0.0,0.0,0.0,0.0,0.0,0.0,0.0,0.0,0.0
FME07-TA-J4-SH-DA-PS/DC24V,0.0,0.0,0.0,0.0,2.0,0.0,0.0,0.0,0.0,0.0,0.0,0.0,0.0,0.0,0.0
FR-D720S-0.4K-CHT,0.0,0.0,0.0,0.0,0.0,10.0,0.0,0.0,0.0,10.0,0.0,15.0,0.0,0.0,0.0
FR-D720S-0.75K-CHT,0.0,4.0,0.0,0.0,0.0,0.0,0.0,0.0,0.0,0.0,0.0,0.0,0.0,0.0,0.0
FRZ40-02-B-GS1A ,0.0,0.0,0.0,0.0,1.0,0.0,0.0,0.0,0.0,0.0,0.0,0.0,0.0,0.0,0.0
FV22-200-100-UK6,0.0,0.0,0.0,1.0,0.0,0.0,0.0,0.0,0.0,0.0,0.0,0.0,0.0,0.0,0.0
HG-KR23J,0.0,0.0,0.0,3.0,0.0,0.0,0.0,0.0,0.0,0.0,0.0,0.0,0.0,0.0,0.0
INSERT-MA CF-H-240,0.0,70.0,140.0,280.0,0.0,80.0,0.0,160.0,48.0,80.0,80.0,234.0,200.0,80.0,80.0
INSERT-MR CF-H-240,0.0,70.0,140.0,280.0,0.0,80.0,0.0,160.0,48.0,80.0,80.0,230.0,120.0,160.0,80.0
JK2,0.0,0.0,0.0,0.0,0.0,0.0,0.0,0.0,0.0,2.0,0.0,3.0,0.0,0.0,0.0
JK2 SC附属,0.0,5.0,0.0,0.0,0.0,10.0,0.0,0.0,0.0,5.0,10.0,0.0,0.0,10.0,0.0
JK41,0.0,0.0,0.0,0.0,0.0,1.0,0.0,0.0,0.0,0.0,0.0,0.0,5.0,0.0,0.0
JK42,0.0,0.0,0.0,0.0,0.0,0.0,0.0,0.0,0.0,5.0,0.0,0.0,5.0,0.0,0.0
JS-B-254.79-40K,0.0,0.0,0.0,0.0,0.0,0.0,0.0,0.0,0.0,0.0,1.0,0.0,0.0,0.0,1.0
JS-B-YC-100.46-40NM,0.0,0.0,0.0,0.0,0.0,0.0,0.0,0.0,0.0,0.0,0.0,0.0,0.0,0.0,1.0
JS-C-104.110-250Nm,0.0,0.0,0.0,0.0,0.0,0.0,0.0,0.0,2.0,0.0,0.0,0.0,0.0,6.0,0.0
JS-C-135.59-500Nm,0.0,0.0,0.0,0.0,0.0,0.0,0.0,0.0,2.0,0.0,0.0,0.0,0.0,6.0,0.0
JSC4-M5进气节流A,0.0,0.0,0.0,0.0,2.0,0.0,0.0,0.0,0.0,0.0,0.0,0.0,0.0,0.0,0.0
KM-05 （1包/10PCS） ,0.0,0.0,0.0,0.0,1.0,0.0,0.0,0.0,0.0,0.0,0.0,0.0,0.0,0.0,0.0
KM-31（1包/10PCS） ,0.0,0.0,0.0,0.0,1.0,0.0,0.0,0.0,0.0,0.0,0.0,0.0,0.0,0.0,0.0
KP-15-N ,0.0,0.0,0.0,0.0,18.0,0.0,0.0,0.0,0.0,0.0,0.0,0.0,0.0,0.0,0.0
LM-14,0.0,0.0,0.0,0.0,1.0,0.0,0.0,0.0,0.0,0.0,0.0,0.0,0.0,0.0,0.0
LM-14-1,0.0,0.0,0.0,0.0,0.0,1.0,0.0,0.0,0.0,0.0,0.0,0.0,0.0,0.0,0.0
MAS-17DA402,0.0,0.0,0.0,0.0,0.0,0.0,0.0,0.0,0.0,520.0,0.0,0.0,0.0,0.0,0.0
MF-16K 16H,0.0,0.0,6.0,0.0,0.0,0.0,0.0,0.0,0.0,0.0,0.0,0.0,0.0,0.0,0.0
MM-12K,0.0,6.0,0.0,0.0,0.0,1.0,0.0,0.0,0.0,10.0,0.0,0.0,0.0,0.0,0.0
MM-12K 8-10,0.0,0.0,4.0,0.0,0.0,0.0,0.0,0.0,0.0,0.0,0.0,0.0,0.0,0.0,0.0
MM-14K,0.0,0.0,0.0,80.0,20.0,150.0,0.0,30.0,0.0,44.0,0.0,80.0,0.0,0.0,40.0
MM-16K,0.0,0.0,0.0,0.0,0.0,0.0,0.0,0.0,0.0,10.0,0.0,55.0,15.0,75.0,3.0
MM-16K-S,0.0,0.0,6.0,0.0,0.0,0.0,0.0,0.0,0.0,8.0,0.0,0.0,0.0,0.0,0.0
MM-19D,0.0,0.0,0.0,0.0,0.0,0.0,0.0,0.0,0.0,0.0,0.0,10.0,0.0,10.0,0.0
MM-19K,0.0,1.0,0.0,0.0,0.0,4.0,4.0,0.0,0.0,0.0,0.0,0.0,1.0,50.0,0.0
MM-20K,10.0,0.0,10.0,0.0,0.0,0.0,6.0,0.0,0.0,6.0,0.0,0.0,0.0,0.0,0.0
MM-24K,0.0,0.0,4.0,0.0,0.0,0.0,0.0,0.0,0.0,0.0,0.0,0.0,0.0,0.0,0.0
MM-25K,0.0,0.0,0.0,0.0,0.0,0.0,1.0,0.0,0.0,0.0,0.0,0.0,0.0,2.0,0.0
MM-30K,0.0,0.0,0.0,0.0,0.0,0.0,0.0,0.0,0.0,0.0,0.0,0.0,0.0,0.0,1.0
MM-35K,0.0,0.0,4.0,6.0,0.0,10.0,0.0,0.0,0.0,0.0,0.0,1.0,0.0,5.0,0.0
MM-8K,0.0,18.0,0.0,10.0,0.0,0.0,0.0,0.0,0.0,0.0,0.0,0.0,0.0,0.0,0.0
MM-8K-S 8-8,0.0,0.0,0.0,0.0,0.0,0.0,0.0,0.0,0.0,0.0,0.0,0.0,0.0,18.0,0.0
N-15-35S,0.0,0.0,0.0,0.0,0.0,0.0,10.0,0.0,0.0,0.0,0.0,0.0,0.0,10.0,0.0
N-18-40S,0.0,0.0,10.0,0.0,0.0,3.0,0.0,0.0,0.0,0.0,0.0,0.0,0.0,0.0,0.0
NEVSC-15C-200-TYPE2,1.0,0.0,0.0,0.0,0.0,0.0,0.0,0.0,0.0,0.0,0.0,0.0,0.0,0.0,0.0
NSE-15-35S,0.0,0.0,0.0,0.0,0.0,0.0,0.0,0.0,0.0,0.0,0.0,5.0,0.0,0.0,0.0
NSE-18-40S,0.0,0.0,0.0,0.0,0.0,20.0,0.0,0.0,0.0,0.0,0.0,0.0,0.0,0.0,0.0
NSE-27-50S,0.0,0.0,0.0,0.0,0.0,1.0,0.0,0.0,0.0,0.0,0.0,0.0,0.0,0.0,0.0
NSS 10.9.12,50.0,200.0,0.0,0.0,0.0,0.0,0.0,0.0,170.0,0.0,0.0,10.0,12.0,110.0,100.0
NSS 13.9.14,10.0,0.0,0.0,0.0,0.0,10.0,10.0,0.0,12.0,0.0,0.0,0.0,0.0,0.0,0.0
NSS 20.9.20/4,0.0,0.0,0.0,0.0,2.0,0.0,0.0,1.0,0.0,0.0,0.0,0.0,0.0,0.0,0.0
NSS 7.3.7,0.0,0.0,0.0,2.0,0.0,0.0,0.0,0.0,0.0,0.0,0.0,0.0,0.0,2.0,0.0
NSS 7.7.9,0.0,0.0,10.0,0.0,0.0,0.0,0.0,0.0,0.0,0.0,0.0,10.0,25.0,0.0,10.0
ORV16×400-ZE155A2 ,0.0,0.0,0.0,0.0,1.0,0.0,0.0,0.0,0.0,0.0,0.0,0.0,0.0,0.0,0.0
P-106-MA-19,0.0,0.0,0.0,0.0,30.0,0.0,0.0,0.0,0.0,0.0,20.0,0.0,20.0,0.0,0.0
P-124-MA-18,0.0,2.0,0.0,0.0,0.0,2.0,0.0,0.0,0.0,0.0,1.0,0.0,0.0,1.0,0.0
P-124-MAT-18H,0.0,0.0,0.0,2.0,0.0,3.0,1.0,4.0,0.0,0.0,3.0,1.0,3.0,0.0,0.0
P-124-MAT-19H,0.0,0.0,0.0,0.0,0.0,0.0,0.0,0.0,0.0,0.0,0.0,2.0,0.0,0.0,0.0
P-124-MAT-24H,0.0,0.0,1.0,0.0,0.0,0.0,0.0,2.0,0.0,0.0,0.0,0.0,0.0,0.0,0.0
P-164-MAT-20H,2.0,0.0,0.0,1.0,0.0,0.0,2.0,0.0,0.0,1.0,0.0,0.0,0.0,2.0,2.0
P-164-MAT-24H,0.0,0.0,0.0,0.0,0.0,0.0,0.0,0.0,0.0,0.0,0.0,1.0,0.0,0.0,10.0
P-164-MAT-28H,2.0,0.0,0.0,0.0,1.0,0.0,0.0,0.0,0.0,0.0,0.0,0.0,0.0,0.0,0.0
P-86-MA-12,0.0,0.0,0.0,0.0,0.0,0.0,0.0,0.0,8.0,0.0,0.0,0.0,0.0,0.0,0.0
P-86-MA-14,0.0,0.0,0.0,0.0,0.0,0.0,0.0,0.0,0.0,2.0,0.0,0.0,0.0,0.0,5.0
P-86-MAT-14H,0.0,0.0,0.0,0.0,0.0,0.0,0.0,1.0,0.0,0.0,0.0,1.0,0.0,0.0,0.0
P-86-MAT-15H,0.0,0.0,0.0,0.0,0.0,2.0,2.0,0.0,0.0,0.0,0.0,0.0,4.0,10.0,0.0
P-98-MA-14,0.0,0.0,0.0,0.0,0.0,0.0,2.0,0.0,0.0,0.0,0.0,0.0,0.0,0.0,2.0
P-98-MA-15,10.0,0.0,0.0,0.0,15.0,0.0,0.0,0.0,0.0,1.0,0.0,0.0,0.0,0.0,0.0
P-98-MA-16,0.0,0.0,0.0,0.0,0.0,0.0,1.0,0.0,0.0,0.0,0.0,0.0,0.0,0.0,0.0
P-98-MAT-14H,0.0,0.0,0.0,1.0,4.0,0.0,0.0,2.0,0.0,0.0,3.0,0.0,0.0,1.0,0.0
P-98-MAT-15H,0.0,0.0,0.0,0.0,0.0,0.0,0.0,3.0,0.0,0.0,0.0,0.0,3.0,0.0,0.0
P-98-MAT-16H,0.0,1.0,0.0,0.0,0.0,2.0,0.0,3.0,1.0,0.0,0.0,0.0,2.0,0.0,0.0
P-98-MAT-18H,0.0,0.0,0.0,1.0,0.0,0.0,0.0,0.0,0.0,0.0,0.0,0.0,0.0,1.0,0.0
P-98-MAT-19H,0.0,0.0,0.0,0.0,60.0,0.0,0.0,0.0,0.0,0.0,0.0,0.0,0.0,0.0,0.0
PE-106-MA-12H,0.0,0.0,0.0,0.0,0.0,0.0,0.0,0.0,0.0,0.0,0.0,0.0,0.0,10.0,0.0
PE-106-MAT-12H,0.0,0.0,0.0,0.0,0.0,0.0,0.0,2.0,0.0,0.0,0.0,0.0,0.0,0.0,0.0
PE-106-MAT-12K,0.0,0.0,0.0,0.0,0.0,1.0,0.0,0.0,0.0,0.0,0.0,0.0,0.0,0.0,0.0
PE-124-MAT-15H,0.0,0.0,0.0,0.0,0.0,0.0,0.0,0.0,0.0,2.0,0.0,1.0,0.0,0.0,0.0
PE-124-MAT-15K,0.0,0.0,0.0,0.0,0.0,0.0,0.0,0.0,0.0,0.0,0.0,4.0,0.0,0.0,0.0
PE-124-MAT-18K,0.0,0.0,0.0,7.0,0.0,0.0,0.0,4.0,0.0,0.0,5.0,0.0,0.0,0.0,0.0
PE-155-MA-18H,0.0,0.0,0.0,0.0,0.0,0.0,0.0,0.0,0.0,0.0,2.0,0.0,0.0,0.0,0.0
PE-155-MAT-18H,0.0,0.0,0.0,9.0,0.0,3.0,0.0,1.0,0.0,3.0,2.0,0.0,2.0,0.0,6.0
PE-155-MAT-18K,2.0,0.0,1.0,5.0,3.0,26.0,0.0,0.0,0.0,0.0,0.0,0.0,0.0,3.0,1.0
PE-155-MAT-20H,10.0,0.0,10.0,0.0,0.0,0.0,18.0,16.0,0.0,0.0,0.0,0.0,0.0,0.0,0.0
PE-185-MA-22H,0.0,0.0,2.0,0.0,0.0,1.0,0.0,0.0,0.0,0.0,1.0,0.0,0.0,0.0,0.0
PE-185-MAT-22-8H,20.0,0.0,0.0,0.0,0.0,0.0,20.0,0.0,0.0,0.0,0.0,20.0,0.0,0.0,0.0
PE-185-MAT-22H,0.0,0.0,0.0,0.0,0.0,0.0,0.0,1.0,0.0,2.0,0.0,0.0,0.0,0.0,0.0
PE-185-MAT-22K,1.0,0.0,0.0,0.0,0.0,0.0,0.0,0.0,0.0,0.0,0.0,0.0,0.0,0.0,0.0
PE-185-MAT-25H,20.0,0.0,0.0,20.0,0.0,0.0,20.0,0.0,1.0,20.0,0.0,0.0,20.0,0.0,0.0
PE-185-MAT-25K,0.0,5.0,0.0,0.0,0.0,2.0,0.0,0.0,0.0,0.0,0.0,0.0,0.0,7.0,0.0
PE-185-MAT-25K-60KG,0.0,0.0,0.0,0.0,0.0,0.0,0.0,0.0,30.0,0.0,1.0,0.0,0.0,0.0,0.0
PE-216-MAT-25H,0.0,0.0,0.0,0.0,0.0,0.0,0.0,0.0,0.0,0.0,0.0,0.0,2.0,0.0,0.0
PE-216-MAT-25K-78KG,0.0,0.0,0.0,0.0,0.0,0.0,0.0,0.0,4.0,0.0,1.0,1.0,0.0,0.0,0.0
PE-250-X,0.0,0.0,15.0,15.0,0.0,15.0,15.0,0.0,15.0,0.0,0.0,0.0,0.0,0.0,0.0
PKP243D15A2-SG10,0.0,0.0,0.0,0.0,0.0,0.0,1.0,0.0,0.0,0.0,0.0,0.0,0.0,0.0,0.0
PKP246MD15A2-R2FL,0.0,0.0,0.0,0.0,0.0,0.0,2.0,0.0,0.0,0.0,0.0,0.0,0.0,0.0,0.0
PKP264D14A2-CS10,0.0,0.0,0.0,0.0,0.0,0.0,2.0,0.0,0.0,0.0,0.0,0.0,0.0,0.0,0.0
PMC-38-98SH-A-GS-32BH-38BH,0.0,0.0,0.0,0.0,0.0,0.0,0.0,0.0,0.0,0.0,0.0,0.0,0.0,1.0,0.0
PSL-D-10,0.0,0.0,0.0,0.0,0.0,0.0,0.0,0.0,12.0,0.0,0.0,10.0,4.0,0.0,0.0
PSL-D-12,9.0,0.0,0.0,9.0,0.0,0.0,3.0,2.0,0.0,0.0,4.0,30.0,0.0,0.0,26.0
PSL-D-14,14.0,10.0,0.0,15.0,6.0,5.0,17.0,0.0,4.0,0.0,2.0,2.0,5.0,0.0,0.0
PSL-D-16,0.0,0.0,0.0,0.0,0.0,0.0,0.0,0.0,6.0,0.0,0.0,0.0,0.0,0.0,0.0
PSL-D-16-C,0.0,0.0,0.0,0.0,0.0,0.0,0.0,0.0,0.0,0.0,6.0,1.0,1.0,0.0,0.0
PSL-D-17,0.0,0.0,0.0,0.0,0.0,0.0,0.0,2.0,0.0,0.0,0.0,1.0,8.0,0.0,0.0
PSL-D-19,4.0,0.0,0.0,6.0,0.0,0.0,0.0,0.0,0.0,0.0,0.0,0.0,8.0,0.0,0.0
PSL-D-20,6.0,0.0,2.0,9.0,2.0,0.0,4.0,0.0,0.0,2.0,0.0,0.0,4.0,0.0,0.0
PSL-D-20-C,3.0,3.0,1.0,0.0,0.0,1.0,0.0,0.0,5.0,3.0,10.0,8.0,0.0,0.0,1.0
PSL-D-22,0.0,0.0,0.0,0.0,7.0,1.0,0.0,0.0,0.0,0.0,0.0,1.0,0.0,0.0,0.0
PSL-D-24,0.0,0.0,0.0,0.0,0.0,0.0,0.0,0.0,1.0,0.0,0.0,0.0,0.0,0.0,0.0
PSL-D-25,8.0,0.0,0.0,6.0,4.0,0.0,0.0,2.0,0.0,0.0,3.0,4.0,8.0,0.0,0.0
PSL-D-28,20.0,0.0,31.0,1.0,23.0,1.0,36.0,0.0,15.0,4.0,11.0,26.0,0.0,4.0,20.0
PSL-D-32-C,0.0,0.0,0.0,0.0,0.0,0.0,0.0,0.0,0.0,0.0,0.0,0.0,0.0,0.0,6.0
PSL-D-35,0.0,0.0,0.0,0.0,0.0,0.0,0.0,0.0,0.0,0.0,0.0,0.0,0.0,1.0,0.0
PSL-D-40,20.0,2.0,12.0,26.0,0.0,0.0,22.0,20.0,0.0,8.0,10.0,0.0,26.0,24.0,32.0
PSL-D-48,0.0,4.0,0.0,0.0,0.0,0.0,0.0,0.0,0.0,0.0,0.0,0.0,0.0,0.0,0.0
PSL-D-48-C,0.0,0.0,14.0,0.0,0.0,6.0,2.0,2.0,12.0,17.0,4.0,0.0,4.0,0.0,12.0
PSL-D-50,0.0,0.0,0.0,0.0,3.0,0.0,0.0,0.0,0.0,0.0,0.0,0.0,0.0,0.0,0.0
PSL-G-100,0.0,3.0,0.0,0.0,0.0,0.0,0.0,5.0,0.0,0.0,0.0,10.0,0.0,0.0,0.0
PSL-G-110,0.0,0.0,0.0,1.0,0.0,0.0,0.0,0.0,0.0,0.0,0.0,0.0,0.0,0.0,0.0
PSL-G-19,4.0,0.0,0.0,0.0,0.0,0.0,0.0,0.0,224.0,0.0,462.0,0.0,100.0,350.0,202.0
PSL-G-19-C,0.0,0.0,0.0,0.0,0.0,0.0,0.0,5.0,0.0,0.0,0.0,0.0,0.0,0.0,0.0
PSL-G-20,0.0,0.0,15.0,0.0,4.0,1.0,20.0,0.0,0.0,1.0,100.0,2.0,0.0,2.0,4.0
PSL-G-20-C,3.0,17.0,3.0,16.0,6.0,7.0,9.0,4.0,4.0,6.0,10.0,6.0,5.0,5.0,4.0
PSL-G-22,1.0,0.0,0.0,3.0,0.0,0.0,3.0,0.0,3.0,3.0,0.0,0.0,1.0,5.0,0.0
PSL-G-22-C,0.0,0.0,0.0,0.0,0.0,0.0,0.0,0.0,0.0,0.0,0.0,0.0,10.0,10.0,0.0
PSL-G-24,15.0,0.0,5.0,42.0,2.0,32.0,0.0,24.0,16.0,14.0,7.0,4.0,13.0,10.0,8.0
PSL-G-25,3.0,0.0,36.0,30.0,10.0,0.0,30.0,31.0,33.0,0.0,0.0,2.0,2.0,12.0,1.0
PSL-G-25-C,2.0,0.0,0.0,0.0,0.0,0.0,0.0,0.0,0.0,0.0,5.0,2.0,0.0,0.0,0.0
PSL-G-28,10.0,0.0,2.0,2.0,5.0,1.0,0.0,6.0,2.0,6.0,6.0,18.0,4.0,8.0,0.0
PSL-G-28-C,0.0,80.0,0.0,0.0,120.0,0.0,0.0,0.0,80.0,120.0,0.0,240.0,0.0,200.0,0.0
PSL-G-30,11.0,4.0,38.0,15.0,19.0,67.0,48.0,5.0,22.0,7.0,7.0,6.0,10.0,20.0,67.0
PSL-G-30-C,0.0,0.0,0.0,0.0,2.0,8.0,0.0,0.0,0.0,0.0,0.0,0.0,4.0,0.0,10.0
PSL-G-32,23.0,0.0,13.0,20.0,12.0,23.0,13.0,8.0,16.0,5.0,21.0,10.0,7.0,8.0,3.0
PSL-G-32-C,0.0,0.0,0.0,0.0,0.0,4.0,0.0,0.0,0.0,0.0,0.0,0.0,0.0,0.0,0.0
PSL-G-35,22.0,5.0,4.0,16.0,16.0,35.0,8.0,37.0,21.0,32.0,30.0,9.0,28.0,22.0,27.0
PSL-G-38,0.0,1.0,0.0,0.0,1.0,0.0,30.0,0.0,30.0,1.0,0.0,0.0,0.0,32.0,0.0
PSL-G-40,0.0,20.0,35.0,7.0,43.0,22.0,39.0,0.0,20.0,4.0,48.0,0.0,0.0,38.0,12.0
PSL-G-40-C,0.0,0.0,0.0,0.0,2.0,0.0,0.0,0.0,0.0,0.0,2.0,0.0,0.0,0.0,0.0
PSL-G-42,0.0,0.0,1.0,0.0,0.0,0.0,0.0,0.0,0.0,0.0,0.0,4.0,0.0,0.0,0.0
PSL-G-45,0.0,0.0,0.0,0.0,12.0,0.0,0.0,0.0,0.0,4.0,0.0,4.0,0.0,0.0,0.0
PSL-G-48,0.0,0.0,0.0,0.0,0.0,2.0,0.0,14.0,0.0,0.0,0.0,0.0,0.0,0.0,2.0
PSL-G-50,8.0,6.0,6.0,16.0,20.0,8.0,14.0,14.0,13.0,16.0,10.0,8.0,8.0,0.0,0.0
PSL-G-50-C,2.0,0.0,0.0,0.0,0.0,0.0,0.0,0.0,0.0,0.0,0.0,0.0,0.0,0.0,0.0
PSL-G-55,0.0,4.0,37.0,28.0,120.0,38.0,0.0,0.0,130.0,0.0,9.0,56.0,0.0,0.0,50.0
PSL-G-55-C,0.0,0.0,0.0,0.0,0.0,0.0,0.0,0.0,1.0,0.0,4.0,2.0,0.0,0.0,0.0
PSL-G-60,5.0,2.0,4.0,10.0,0.0,2.0,0.0,3.0,4.0,0.0,0.0,0.0,1.0,0.0,0.0
PSL-G-70,5.0,5.0,1.0,4.0,3.0,7.0,5.0,2.0,5.0,5.0,4.0,2.0,13.0,0.0,1.0
PSL-G-75,0.0,0.0,0.0,0.0,0.0,0.0,0.0,0.0,1.0,0.0,0.0,0.0,0.0,0.0,0.0
PSL-G-80,0.0,0.0,0.0,0.0,0.0,1.0,0.0,7.0,1.0,3.0,0.0,0.0,0.0,0.0,1.0
PSL-K-10,3.0,5.0,5.0,1.0,16.0,60.0,22.0,0.0,0.0,1.0,1.0,2.0,21.0,13.0,35.0
PSL-K-11,0.0,0.0,0.0,0.0,0.0,0.0,0.0,0.0,0.0,0.0,0.0,0.0,0.0,0.0,1.0
PSL-K-12,0.0,0.0,0.0,0.0,0.0,50.0,0.0,0.0,1.0,0.0,1.0,0.0,0.0,4.0,0.0
PSL-K-14,0.0,2.0,0.0,0.0,0.0,0.0,0.0,0.0,6.0,9.0,0.0,0.0,0.0,0.0,0.0
PSL-K-15-F,50.0,0.0,50.0,0.0,0.0,50.0,0.0,0.0,0.0,0.0,0.0,0.0,50.0,0.0,0.0
PSL-K-16,0.0,0.0,0.0,0.0,0.0,0.0,0.0,0.0,3.0,0.0,0.0,0.0,0.0,0.0,4.0
PSL-K-16-F,5.0,20.0,0.0,0.0,0.0,0.0,0.0,0.0,0.0,30.0,0.0,0.0,0.0,0.0,0.0
PSL-K-18,40.0,40.0,0.0,0.0,0.0,0.0,0.0,0.0,0.0,0.0,0.0,40.0,40.0,0.0,0.0
PSL-K-19,0.0,0.0,17.0,0.0,0.0,12.0,20.0,0.0,5.0,0.0,0.0,28.0,4.0,0.0,9.0
PSL-K-19-B,0.0,0.0,0.0,1.0,0.0,0.0,0.0,0.0,0.0,0.0,0.0,0.0,0.0,0.0,0.0
PSL-K-20,0.0,0.0,0.0,3.0,0.0,5.0,0.0,0.0,0.0,0.0,0.0,0.0,3.0,0.0,5.0
PSL-K-22,9.0,1.0,2.0,2.0,0.0,24.0,12.0,0.0,20.0,90.0,0.0,0.0,0.0,0.0,0.0
PSL-K-22-B,0.0,0.0,0.0,1.0,0.0,0.0,0.0,0.0,0.0,0.0,0.0,0.0,0.0,0.0,0.0
PSL-K-24,5.0,0.0,6.0,0.0,25.0,0.0,0.0,0.0,2.0,2.0,0.0,0.0,0.0,0.0,0.0
PSL-K-24-B,0.0,0.0,0.0,1.0,0.0,0.0,0.0,0.0,0.0,0.0,0.0,0.0,0.0,0.0,0.0
PSL-K-24-C,0.0,0.0,2.0,0.0,0.0,0.0,0.0,0.0,0.0,0.0,0.0,0.0,0.0,0.0,0.0
PSL-K-25,8.0,0.0,0.0,7.0,0.0,0.0,4.0,0.0,6.0,0.0,0.0,0.0,1.0,22.0,4.0
PSL-K-25-B,3.0,3.0,2.0,7.0,7.0,7.0,6.0,7.0,3.0,1.0,5.0,8.0,4.0,0.0,0.0
PSL-K-28,0.0,5.0,0.0,20.0,54.0,0.0,30.0,0.0,20.0,10.0,40.0,50.0,0.0,0.0,0.0
PSL-K-30,0.0,0.0,0.0,0.0,0.0,3.0,0.0,0.0,0.0,0.0,0.0,0.0,0.0,0.0,0.0
PSL-K-30-F,0.0,0.0,0.0,0.0,0.0,0.0,0.0,0.0,9.0,0.0,0.0,0.0,0.0,0.0,0.0
PSL-K-35,10.0,0.0,0.0,0.0,0.0,1.0,0.0,0.0,0.0,0.0,0.0,0.0,0.0,0.0,0.0
PSL-K-6.35-F,3.0,0.0,0.0,0.0,0.0,0.0,0.0,0.0,0.0,0.0,0.0,0.0,0.0,0.0,0.0
PSL-K-7,0.0,0.0,0.0,0.0,0.0,0.0,0.0,0.0,2.0,0.0,0.0,0.0,0.0,0.0,0.0
PSL-K-8,0.0,0.0,0.0,0.0,0.0,0.0,0.0,0.0,0.0,1.0,0.0,0.0,0.0,2.0,0.0
PSL-K-8-C,0.0,0.0,0.0,0.0,0.0,0.0,0.0,0.0,10.0,0.0,0.0,4.0,0.0,0.0,4.0
PSU-BR ,0.0,0.0,0.0,0.0,3.0,0.0,0.0,0.0,0.0,0.0,0.0,0.0,0.0,0.0,0.0
QX2 SC,0.0,0.0,0.0,0.0,0.0,0.0,0.0,0.0,0.0,0.0,0.0,2.0,0.0,0.0,0.0
R11,0.0,0.0,0.0,0.0,0.0,0.0,0.0,0.0,0.0,0.0,0.0,0.0,0.0,0.0,3.0
ROTOR HUB SET BXW-03-10 8MM,0.0,0.0,0.0,0.0,0.0,0.0,0.0,0.0,0.0,10.0,0.0,0.0,0.0,0.0,0.0
RSE-11,0.0,0.0,0.0,0.0,0.0,0.0,0.0,0.0,0.0,0.0,0.0,0.0,0.0,2.0,0.0
RSE-15,0.0,3.0,3.0,4.0,0.0,3.0,5.0,4.0,9.0,0.0,0.0,0.0,0.0,0.0,0.0
RSE-18,0.0,0.0,0.0,0.0,2.0,0.0,0.0,0.0,0.0,0.0,0.0,0.0,0.0,0.0,0.0
Rotor Hub Set BXW-04-10 10∮,20.0,0.0,0.0,0.0,0.0,0.0,0.0,0.0,0.0,0.0,0.0,10.0,0.0,0.0,0.0
SD-38A-9R,0.0,0.0,0.0,0.0,0.0,4.0,0.0,0.0,0.0,0.0,0.0,0.0,0.0,0.0,0.0
SD-53A-66-10-25L,0.0,0.0,0.0,20.0,0.0,0.0,0.0,0.0,0.0,0.0,0.0,0.0,0.0,30.0,0.0
SD-53A-66-12-25L,0.0,0.0,0.0,0.0,0.0,0.0,0.0,0.0,13.0,0.0,0.0,0.0,0.0,0.0,10.0
SD-53A-66-16-25R,0.0,0.0,0.0,0.0,0.0,2.0,0.0,0.0,0.0,0.0,0.0,0.0,0.0,0.0,0.0
SD-53B-12R,0.0,0.0,0.0,0.0,0.0,0.0,0.0,0.0,0.0,1.0,0.0,0.0,2.0,0.0,0.0
SD-53B-16R,0.0,0.0,0.0,0.0,0.0,0.0,0.0,0.0,0.0,0.0,0.0,30.0,0.0,0.0,0.0
SD-53B-25L,0.0,0.0,0.0,0.0,0.0,150.0,200.0,6.0,0.0,0.0,0.0,0.0,0.0,0.0,0.0
SD-53B-80-15-12R,0.0,0.0,0.0,0.0,0.0,4.0,0.0,0.0,0.0,0.0,0.0,0.0,2.0,8.0,2.0
SD-53B-80-15-25R,0.0,0.0,0.0,0.0,0.0,1.0,0.0,0.0,0.0,0.0,0.0,0.0,0.0,0.0,0.0
SD-75B-180-20-40R,0.0,4.0,0.0,0.0,0.0,0.0,0.0,0.0,0.0,4.0,0.0,0.0,0.0,0.0,0.0
SD-75B-36L,0.0,0.0,0.0,0.0,0.0,100.0,100.0,0.0,0.0,0.0,0.0,0.0,0.0,0.0,0.0
SD-75B-36R,0.0,0.0,0.0,0.0,0.0,0.0,0.0,0.0,0.0,2.0,0.0,0.0,0.0,0.0,0.0
SD-75B-40R,0.0,0.0,0.0,0.0,0.0,6.0,0.0,0.0,0.0,0.0,0.0,0.0,0.0,0.0,0.0
SDS01-A010EA000A(ETHERCAT通讯）,1.0,0.0,0.0,0.0,0.0,0.0,0.0,0.0,0.0,0.0,0.0,0.0,0.0,0.0,0.0
SE-11,0.0,0.0,0.0,0.0,0.0,0.0,0.0,0.0,0.0,0.0,0.0,0.0,0.0,0.0,3.0
SF2511-ZK39-E,0.0,0.0,0.0,0.0,0.0,2.0,0.0,0.0,0.0,0.0,0.0,0.0,0.0,0.0,0.0
SF2522-ZK45-EM,0.0,0.0,0.0,0.0,2.0,0.0,0.0,0.0,0.0,0.0,0.0,0.0,0.0,0.0,0.0
SFC-002DA2-4B-5B,0.0,0.0,2.0,0.0,0.0,0.0,0.0,0.0,0.0,0.0,0.0,0.0,0.0,0.0,0.0
SFC-002SA2-4B-5B,0.0,0.0,2.0,0.0,0.0,0.0,0.0,0.0,0.0,0.0,0.0,0.0,0.0,0.0,0.0
SFC-002SA2-5B-5B,0.0,0.0,0.0,5.0,0.0,0.0,0.0,0.0,0.0,0.0,0.0,0.0,0.0,0.0,0.0
SFC-005DA2-6B-6B,0.0,0.0,0.0,0.0,0.0,1.0,0.0,0.0,0.0,0.0,0.0,0.0,0.0,0.0,0.0
SFC-005SA2-4B-5B,0.0,0.0,0.0,0.0,0.0,0.0,0.0,0.0,0.0,21.0,0.0,2.0,0.0,0.0,22.0
SFC-010DA2-3B-8B,1.0,0.0,0.0,0.0,0.0,0.0,0.0,0.0,0.0,0.0,0.0,0.0,0.0,0.0,0.0
SFC-010DA2-4.5B-6B,0.0,0.0,10.0,0.0,0.0,10.0,0.0,0.0,0.0,10.0,10.0,10.0,5.0,5.0,0.0
SFC-010DA2-4.5B-8B,0.0,0.0,0.0,11.0,30.0,4.0,14.0,8.0,9.0,2.0,0.0,6.0,0.0,0.0,3.0
SFC-010DA2-4B-4B,0.0,0.0,0.0,1.0,0.0,0.0,6.0,0.0,0.0,0.0,0.0,0.0,0.0,0.0,0.0
SFC-010DA2-4B-5B,3.0,30.0,30.0,60.0,0.0,75.0,65.0,34.0,80.0,15.0,101.0,41.0,0.0,100.0,10.0
SFC-010DA2-4B-6B,0.0,0.0,0.0,0.0,1.0,0.0,0.0,0.0,0.0,0.0,1.0,0.0,1.0,0.0,2.0
SFC-010DA2-4B-8B,50.0,20.0,31.0,77.0,25.0,41.0,149.0,40.0,54.0,28.0,77.0,40.0,78.0,120.0,172.0
SFC-010DA2-5B-5B,6.0,0.0,0.0,1.0,1.0,5.0,0.0,0.0,3.0,5.0,28.0,18.0,4.0,25.0,15.0
SFC-010DA2-5B-6B,8.0,12.0,0.0,2.0,60.0,1.0,0.0,0.0,17.0,0.0,40.0,0.0,21.0,10.0,21.0
SFC-010DA2-5B-8B,139.0,108.0,165.0,173.0,76.0,13.0,12.0,33.0,121.0,91.0,193.0,60.0,116.0,155.0,136.0
SFC-010DA2-5B-8B  L=32,0.0,1.0,0.0,0.0,0.0,0.0,0.0,0.0,1.0,16.0,0.0,11.0,0.0,0.0,0.0
SFC-010DA2-6B-6B,4.0,15.0,5.0,12.0,10.0,11.0,10.0,0.0,0.0,4.0,0.0,0.0,0.0,0.0,6.0
SFC-010DA2-6B-8B,82.0,13.0,7.0,207.0,152.0,87.0,73.0,84.0,150.0,263.0,537.0,4.0,2.0,10.0,2.0
SFC-010DA2-8B-8B,5.0,18.0,48.0,29.0,15.0,111.0,126.0,1.0,68.0,13.0,8.0,70.0,0.0,12.0,8.0
SFC-010SA2-3B-8B,0.0,0.0,0.0,0.0,0.0,0.0,0.0,0.0,0.0,0.0,0.0,0.0,0.0,0.0,1.0
SFC-010SA2-4.5B-8B,0.0,4.0,0.0,0.0,0.0,0.0,0.0,2.0,0.0,5.0,2.0,0.0,2.0,0.0,10.0
SFC-010SA2-4B-5B,5.0,7.0,0.0,5.0,3.0,2.0,10.0,0.0,0.0,0.0,0.0,0.0,5.0,2.0,16.0
SFC-010SA2-4B-6B,0.0,0.0,0.0,0.0,0.0,0.0,0.0,0.0,4.0,0.0,0.0,0.0,0.0,0.0,0.0
SFC-010SA2-4B-8B,0.0,0.0,2.0,0.0,1.0,0.0,0.0,2.0,0.0,0.0,0.0,2.0,8.0,0.0,5.0
SFC-010SA2-5B-5B,0.0,0.0,0.0,0.0,0.0,0.0,0.0,0.0,0.0,0.0,0.0,0.0,0.0,0.0,3.0
SFC-010SA2-5B-6B,6.0,0.0,0.0,0.0,12.0,0.0,0.0,0.0,0.0,0.0,0.0,0.0,0.0,0.0,2.0
SFC-010SA2-5B-8B,6.0,0.0,20.0,0.0,1.0,21.0,3.0,0.0,0.0,0.0,8.0,21.0,4.0,0.0,1.0
SFC-010SA2-6.35B-8B,30.0,200.0,100.0,100.0,1265.0,150.0,0.0,258.0,23.0,0.0,400.0,150.0,0.0,350.0,400.0
SFC-010SA2-6B-6B,0.0,0.0,20.0,0.0,0.0,0.0,0.0,0.0,0.0,0.0,0.0,0.0,0.0,0.0,0.0
SFC-010SA2-6B-8B,0.0,4.0,0.0,3.0,4.0,1.0,7.0,0.0,0.0,0.0,0.0,0.0,7.0,0.0,0.0
SFC-010SA2-6B-8K,0.0,0.0,0.0,0.0,0.0,0.0,0.0,0.0,0.0,0.0,0.0,0.0,0.0,0.0,3.0
SFC-010SA2-8B-8B,6.0,1.0,1.0,0.0,0.0,0.0,0.0,0.0,2.0,2.0,6.0,0.0,4.0,0.0,0.0
SFC-010SA2-T002,10.0,10.0,0.0,10.0,20.0,0.0,10.0,10.0,20.0,10.0,20.0,10.0,10.0,0.0,10.0
SFC-020DA2-10B-10B,0.0,15.0,0.0,10.0,25.0,23.0,74.0,0.0,0.0,10.0,1.0,0.0,0.0,45.0,6.0
SFC-020DA2-10B-11B,10.0,0.0,0.0,0.0,0.0,0.0,0.0,0.0,0.0,0.0,0.0,0.0,0.0,0.0,4.0
SFC-020DA2-4.5B-8B,0.0,0.0,1.0,0.0,0.0,20.0,0.0,0.0,4.0,0.0,0.0,0.0,0.0,0.0,0.0
SFC-020DA2-4B-10B,0.0,0.0,0.0,2.0,0.0,0.0,0.0,0.0,0.0,0.0,0.0,2.0,0.0,0.0,0.0
SFC-020DA2-4B-8B,0.0,0.0,0.0,0.0,0.0,0.0,2.0,0.0,0.0,0.0,2.0,3.0,0.0,0.0,0.0
SFC-020DA2-5B-10B,0.0,0.0,0.0,0.0,0.0,4.0,0.0,0.0,0.0,0.0,0.0,5.0,0.0,0.0,0.0
SFC-020DA2-5B-7B,0.0,1.0,0.0,0.0,2.0,0.0,0.0,0.0,2.0,0.0,0.0,0.0,0.0,0.0,4.0
SFC-020DA2-5B-8B,0.0,1.0,0.0,0.0,0.0,0.0,1.0,0.0,0.0,0.0,0.0,0.0,0.0,0.0,0.0
SFC-020DA2-6.35B-8B,0.0,0.0,0.0,0.0,0.0,0.0,0.0,0.0,0.0,0.0,10.0,10.0,0.0,0.0,0.0
SFC-020DA2-6.35B-9B,0.0,0.0,0.0,0.0,4.0,0.0,0.0,0.0,0.0,0.0,0.0,0.0,0.0,0.0,0.0
SFC-020DA2-6B-10B,0.0,0.0,0.0,1.0,1.0,0.0,0.0,0.0,0.0,0.0,0.0,10.0,0.0,0.0,0.0
SFC-020DA2-6B-6.35B,0.0,0.0,0.0,4.0,0.0,0.0,0.0,0.0,0.0,0.0,0.0,0.0,0.0,0.0,2.0
SFC-020DA2-6B-6B,0.0,1.0,3.0,3.0,1.0,2.0,2.0,0.0,0.0,2.0,0.0,0.0,0.0,5.0,2.0
SFC-020DA2-6B-8B,73.0,51.0,69.0,54.0,31.0,81.0,22.0,24.0,32.0,10.0,16.0,10.0,50.0,5.0,16.0
SFC-020DA2-6B-9K,0.0,0.0,0.0,0.0,0.0,0.0,0.0,1.0,0.0,0.0,0.0,0.0,0.0,0.0,0.0
SFC-020DA2-8B-10B,0.0,1.0,2.0,22.0,42.0,19.0,7.0,19.0,6.0,17.0,30.0,6.0,13.0,18.0,45.0
SFC-020DA2-8B-14B,0.0,1.0,0.0,0.0,0.0,0.0,0.0,0.0,0.0,0.0,0.0,0.0,0.0,0.0,0.0
SFC-020DA2-8B-8B,89.0,36.0,74.0,64.0,8.0,52.0,89.0,26.0,30.0,49.0,45.0,33.0,42.0,83.0,118.0
SFC-020DA2-8B-8B L=30,0.0,0.0,0.0,0.0,0.0,0.0,1.0,0.0,0.0,0.0,10.0,0.0,0.0,1.0,15.0
SFC-020DA2-9B-11B,0.0,0.0,0.0,0.0,0.0,0.0,0.0,0.0,0.0,0.0,0.0,0.0,0.0,1.0,0.0
SFC-020SA2-10B-10B,0.0,0.0,0.0,0.0,5.0,0.0,2.0,1.0,0.0,0.0,5.0,0.0,1.0,0.0,0.0
SFC-020SA2-5B-10B,0.0,0.0,0.0,0.0,0.0,20.0,0.0,0.0,0.0,0.0,0.0,0.0,0.0,0.0,0.0
SFC-020SA2-5B-5B,0.0,0.0,0.0,4.0,0.0,0.0,0.0,0.0,20.0,0.0,0.0,0.0,0.0,10.0,0.0
SFC-020SA2-5B-6.35B,18.0,20.0,0.0,4.0,24.0,14.0,14.0,20.0,24.0,10.0,10.0,10.0,22.0,0.0,0.0
SFC-020SA2-5B-7B,53.0,0.0,35.0,40.0,40.0,44.0,0.0,92.0,114.0,0.0,0.0,60.0,0.0,61.0,0.0
SFC-020SA2-5B-8B,0.0,0.0,14.0,0.0,0.0,0.0,0.0,0.0,0.0,0.0,0.0,0.0,0.0,0.0,0.0
SFC-020SA2-6.35B-10B,0.0,0.0,0.0,0.0,0.0,0.0,0.0,0.0,0.0,0.0,0.0,0.0,1.0,0.0,0.0
SFC-020SA2-6.35B-7B,28.0,35.0,30.0,0.0,20.0,39.0,0.0,0.0,0.0,0.0,0.0,45.0,0.0,0.0,0.0
SFC-020SA2-6B-10B,0.0,0.0,0.0,0.0,0.0,0.0,1.0,0.0,0.0,0.0,0.0,2.0,0.0,2.0,1.0
SFC-020SA2-6B-6.35B,0.0,0.0,0.0,0.0,0.0,0.0,0.0,0.0,0.0,0.0,0.0,0.0,0.0,0.0,2.0
SFC-020SA2-6B-7B,41.0,40.0,0.0,0.0,0.0,40.0,70.0,0.0,100.0,0.0,0.0,100.0,20.0,0.0,0.0
SFC-020SA2-6B-8B,17.0,0.0,34.0,3.0,1.0,11.0,10.0,23.0,38.0,3.0,0.0,20.0,32.0,79.0,24.0
SFC-020SA2-7B-11B,0.0,0.0,0.0,0.0,0.0,0.0,0.0,0.0,0.0,0.0,0.0,0.0,6.0,0.0,0.0
SFC-020SA2-7B-8B,55.0,674.0,1500.0,1160.0,1353.0,1370.0,400.0,1426.0,5.0,1200.0,600.0,2014.0,514.0,393.0,900.0
SFC-020SA2-8B-10B,0.0,0.0,2.0,0.0,0.0,0.0,0.0,2.0,41.0,0.0,0.0,20.0,0.0,70.0,43.0
SFC-020SA2-8B-8B,84.0,12.0,124.0,20.0,56.0,227.0,8.0,9.0,17.0,8.0,4.0,11.0,23.0,10.0,78.0
SFC-020SA2-T046,2.0,0.0,0.0,0.0,0.0,0.0,0.0,0.0,0.0,0.0,1.0,0.0,0.0,0.0,0.0
SFC-025DA2-10B-10B,0.0,0.0,0.0,10.0,0.0,0.0,0.0,2.0,0.0,2.0,0.0,1.0,5.0,0.0,0.0
SFC-025DA2-10B-11B,300.0,0.0,20.0,180.0,0.0,0.0,0.0,0.0,0.0,0.0,200.0,0.0,204.0,0.0,200.0
SFC-025DA2-10B-13B,0.0,0.0,0.0,0.0,0.0,0.0,0.0,0.0,0.0,0.0,1.0,0.0,0.0,0.0,0.0
SFC-025DA2-10B-14B,15.0,1.0,6.0,6.0,12.0,30.0,22.0,12.0,19.0,8.0,27.0,16.0,20.0,37.0,18.0
SFC-025DA2-11B-12B,0.0,0.0,0.0,0.0,0.0,0.0,2.0,0.0,5.0,0.0,0.0,0.0,0.0,0.0,0.0
SFC-025DA2-11K-14B,0.0,0.0,0.0,0.0,0.0,0.0,0.0,12.0,0.0,0.0,0.0,0.0,0.0,0.0,0.0
SFC-025DA2-12B-14B,52.0,124.0,0.0,0.0,0.0,40.0,150.0,25.0,14.0,20.0,4.0,16.0,60.0,50.0,126.0
SFC-025DA2-13B-13B,0.0,24.0,0.0,0.0,0.0,0.0,0.0,0.0,8.0,0.0,8.0,0.0,0.0,8.0,8.0
SFC-025DA2-13B-13J,0.0,12.0,0.0,0.0,0.0,0.0,0.0,0.0,4.0,0.0,4.0,0.0,0.0,4.0,4.0
SFC-025DA2-13B-14B,0.0,42.0,0.0,0.0,0.0,0.0,0.0,0.0,0.0,5.0,2.0,0.0,0.0,0.0,0.0
SFC-025DA2-13J-14B,0.0,0.0,0.0,26.0,0.0,0.0,0.0,0.0,0.0,8.0,0.0,0.0,0.0,0.0,0.0
SFC-025DA2-14B-14B,0.0,0.0,0.0,0.0,0.0,0.0,0.0,10.0,0.0,0.0,0.0,3.0,4.0,0.0,0.0
SFC-025DA2-5B-8B,0.0,0.0,0.0,0.0,0.0,0.0,0.0,0.0,0.0,0.0,1.0,0.0,0.0,0.0,0.0
SFC-025DA2-6B-12B,0.0,0.0,0.0,0.0,0.0,0.0,0.0,0.0,0.0,0.0,1.0,0.0,0.0,0.0,1.0
SFC-025DA2-6B-14B,0.0,0.0,2.0,1.0,0.0,0.0,2.0,0.0,0.0,0.0,0.0,1.0,1.0,0.0,0.0
SFC-025DA2-7B-14B,1.0,1.0,0.0,0.0,0.0,0.0,0.0,2.0,0.0,0.0,0.0,0.0,0.0,0.0,1.0
SFC-025DA2-8B-10B,25.0,125.0,0.0,6.0,0.0,45.0,15.0,25.0,0.0,35.0,60.0,115.0,70.0,0.0,85.0
SFC-025DA2-8B-14B,20.0,8.0,4.0,34.0,10.0,4.0,35.0,6.0,34.0,14.0,26.0,18.0,12.0,148.0,37.0
SFC-025DA2-8B-14BH,0.0,0.0,0.0,0.0,0.0,0.0,0.0,0.0,0.0,10.0,0.0,0.0,0.0,0.0,0.0
SFC-025DA2-8B-8B,0.0,0.0,0.0,3.0,0.0,18.0,16.0,0.0,8.0,12.0,1.0,8.0,48.0,8.0,0.0
SFC-025DA2-9B-14B,0.0,0.0,0.0,0.0,0.0,2.0,0.0,0.0,0.0,0.0,0.0,0.0,0.0,0.0,0.0
SFC-025DA2-9B-14BH,0.0,0.0,0.0,0.0,0.0,0.0,0.0,0.0,1.0,0.0,0.0,0.0,0.0,0.0,0.0
SFC-025SA2-10B-10B,0.0,0.0,0.0,0.0,2.0,2.0,2.0,0.0,2.0,10.0,0.0,0.0,0.0,0.0,0.0
SFC-025SA2-10B-11B,0.0,0.0,0.0,0.0,0.0,0.0,0.0,0.0,2.0,10.0,0.0,3.0,0.0,6.0,0.0
SFC-025SA2-10B-14B,18.0,20.0,14.0,101.0,19.0,26.0,18.0,12.0,41.0,48.0,25.0,61.0,124.0,41.0,70.0
SFC-025SA2-10BH-10BH,0.0,0.0,0.0,0.0,0.0,0.0,0.0,0.0,1.0,0.0,0.0,0.0,0.0,0.0,1.0
SFC-025SA2-11B-12B,0.0,0.0,0.0,0.0,0.0,0.0,0.0,0.0,0.0,1.0,0.0,0.0,0.0,0.0,0.0
SFC-025SA2-12B-12B,5.0,12.0,4.0,18.0,30.0,14.0,0.0,6.0,28.0,40.0,10.0,20.0,30.0,6.0,16.0
SFC-025SA2-12B-13B,1.0,0.0,0.0,0.0,0.0,0.0,0.0,0.0,0.0,0.0,0.0,0.0,0.0,0.0,0.0
SFC-025SA2-12B-14B,0.0,2.0,3.0,21.0,0.0,30.0,0.0,0.0,41.0,2.0,0.0,0.0,19.0,0.0,50.0
SFC-025SA2-12BH-13B,0.0,0.0,0.0,0.0,0.0,0.0,0.0,0.0,0.0,4.0,0.0,0.0,0.0,0.0,4.0
SFC-025SA2-5B-8B,0.0,0.0,1.0,1.0,0.0,5.0,0.0,0.0,0.0,0.0,0.0,1.0,0.0,0.0,2.0
SFC-025SA2-6B-13B,0.0,0.0,0.0,0.0,0.0,0.0,0.0,1.0,0.0,0.0,0.0,0.0,0.0,0.0,0.0
SFC-025SA2-6B-14B,0.0,2.0,0.0,0.0,0.0,0.0,0.0,0.0,0.0,0.0,0.0,0.0,0.0,0.0,0.0
SFC-025SA2-6B-6B,0.0,0.0,0.0,0.0,0.0,0.0,16.0,0.0,0.0,0.0,0.0,0.0,0.0,0.0,0.0
SFC-025SA2-6B-8B,0.0,0.0,0.0,0.0,0.0,0.0,0.0,0.0,0.0,0.0,0.0,0.0,0.0,2.0,0.0
SFC-025SA2-7B-13B,0.0,0.0,0.0,0.0,0.0,0.0,0.0,0.0,0.0,0.0,0.0,0.0,0.0,1.0,0.0
SFC-025SA2-8B-10B,0.0,0.0,0.0,2.0,0.0,0.0,0.0,0.0,2.0,10.0,2.0,0.0,0.0,0.0,0.0
SFC-025SA2-8B-11B,0.0,2.0,3.0,1.0,0.0,0.0,0.0,0.0,2.0,0.0,0.0,4.0,0.0,0.0,0.0
SFC-025SA2-8B-11K,0.0,0.0,0.0,0.0,0.0,0.0,0.0,0.0,0.0,0.0,0.0,0.0,0.0,0.0,3.0
SFC-025SA2-8B-12B,0.0,0.0,0.0,0.0,0.0,0.0,0.0,5.0,1.0,1.0,0.0,0.0,0.0,0.0,0.0
SFC-025SA2-8B-14B,0.0,0.0,5.0,1.0,1.0,20.0,15.0,0.0,15.0,2.0,4.0,0.0,0.0,15.0,66.0
SFC-025SA2-8B-8B,8.0,1.0,0.0,0.0,0.0,0.0,0.0,0.0,4.0,0.0,0.0,0.0,3.0,0.0,0.0
SFC-025SA2-8BH-13BH,0.0,0.0,0.0,0.0,0.0,0.0,0.0,0.0,0.0,0.0,0.0,1.0,0.0,0.0,0.0
SFC-025SA2-9B-10B,0.0,0.0,0.0,0.0,0.0,0.0,0.0,15.0,0.0,0.0,0.0,0.0,0.0,0.0,0.0
SFC-026SAE-5B-6.35B,10.0,0.0,10.0,0.0,10.0,0.0,0.0,10.0,20.0,10.0,10.0,10.0,0.0,0.0,0.0
SFC-030DA2-10B-10B,1.0,19.0,65.0,6.0,14.0,31.0,34.0,2.0,24.0,0.0,6.0,0.0,10.0,5.0,0.0
SFC-030DA2-10B-11B,0.0,0.0,0.0,0.0,0.0,1.0,0.0,15.0,2.0,3.0,5.0,3.0,3.0,2.0,0.0
SFC-030DA2-10B-12B,0.0,0.0,0.0,30.0,25.0,0.0,10.0,14.0,0.0,0.0,0.0,4.0,0.0,20.0,21.0
SFC-030DA2-10B-14B,198.0,307.0,97.0,172.0,26.0,307.0,167.0,180.0,90.0,235.0,277.0,291.0,196.0,129.0,331.0
SFC-030DA2-10B-16B,0.0,0.0,0.0,0.0,0.0,0.0,13.0,1.0,0.0,10.0,24.0,24.0,0.0,0.0,0.0
SFC-030DA2-10BH-14BH,2.0,0.0,0.0,0.0,0.0,6.0,0.0,2.0,0.0,2.0,2.0,0.0,1.0,0.0,0.0
SFC-030DA2-11B-12B,0.0,0.0,0.0,0.0,0.0,0.0,0.0,2.0,4.0,2.0,0.0,0.0,0.0,0.0,0.0
SFC-030DA2-12B-12B,0.0,0.0,6.0,16.0,35.0,11.0,28.0,8.0,0.0,0.0,7.0,1.0,0.0,20.0,0.0
SFC-030DA2-12B-14B,33.0,123.0,20.0,92.0,65.0,118.0,16.0,39.0,84.0,63.0,223.0,67.0,135.0,23.0,176.0
SFC-030DA2-12B-14BH,0.0,0.0,0.0,0.0,0.0,0.0,0.0,0.0,2.0,0.0,0.0,0.0,0.0,0.0,0.0
SFC-030DA2-12B-14K,0.0,0.0,0.0,0.0,0.0,0.0,0.0,0.0,0.0,0.0,0.0,0.0,0.0,0.0,2.0
SFC-030DA2-12B-15B,0.0,0.0,0.0,0.0,1.0,0.0,0.0,0.0,0.0,0.0,0.0,0.0,0.0,0.0,0.0
SFC-030DA2-12B-16B,0.0,0.0,2.0,0.0,0.0,0.0,0.0,1.0,1.0,0.0,0.0,1.0,0.0,0.0,2.0
SFC-030DA2-12B-16K,15.0,0.0,2.0,0.0,15.0,0.0,4.0,0.0,6.0,10.0,0.0,2.0,2.0,0.0,2.0
SFC-030DA2-12BH-14BH,0.0,0.0,0.0,0.0,0.0,12.0,0.0,0.0,0.0,0.0,0.0,0.0,0.0,0.0,0.0
SFC-030DA2-12BH-14BH L=45,0.0,0.0,0.0,0.0,0.0,0.0,0.0,0.0,0.0,0.0,0.0,0.0,0.0,4.0,0.0
SFC-030DA2-14B-14B,4.0,4.0,17.0,16.0,2.0,1.0,69.0,22.0,1.0,11.0,6.0,50.0,0.0,3.0,1.0
SFC-030DA2-14B-14B L=55,0.0,0.0,0.0,1.0,0.0,0.0,4.0,0.0,2.0,0.0,0.0,0.0,0.0,0.0,0.0
SFC-030DA2-14B-15B,0.0,0.0,0.0,0.0,0.0,0.0,0.0,0.0,0.0,16.0,0.0,0.0,0.0,0.0,0.0
SFC-030DA2-14B-16B,0.0,1.0,0.0,0.0,0.0,0.0,0.0,1.0,0.0,0.0,0.0,0.0,0.0,0.0,0.0
SFC-030DA2-5B-10B,0.0,0.0,1.0,0.0,0.0,0.0,0.0,0.0,0.0,0.0,0.0,0.0,0.0,0.0,0.0
SFC-030DA2-5B-14B,0.0,0.0,0.0,0.0,0.0,0.0,0.0,0.0,0.0,3.0,2.0,0.0,0.0,0.0,6.0
SFC-030DA2-5B-16B,4.0,1.0,1.0,0.0,1.0,1.0,1.0,0.0,0.0,1.0,3.0,0.0,0.0,1.0,6.0
SFC-030DA2-5B-8B,1.0,0.0,0.0,0.0,0.0,0.0,0.0,0.0,0.0,1.0,0.0,0.0,0.0,0.0,0.0
SFC-030DA2-6.35B-12B,0.0,0.0,0.0,0.0,0.0,0.0,0.0,0.0,0.0,0.0,0.0,0.0,0.0,6.0,0.0
SFC-030DA2-6B-11B,0.0,0.0,0.0,0.0,2.0,0.0,0.0,0.0,0.0,0.0,0.0,0.0,0.0,0.0,0.0
SFC-030DA2-6B-14B,0.0,0.0,0.0,0.0,0.0,0.0,0.0,0.0,2.0,0.0,2.0,0.0,2.0,0.0,5.0
SFC-030DA2-6B-16B,0.0,0.0,0.0,0.0,0.0,0.0,0.0,0.0,1.0,0.0,0.0,0.0,0.0,0.0,0.0
SFC-030DA2-6B-8B,0.0,0.0,0.0,4.0,0.0,0.0,0.0,0.0,0.0,0.0,0.0,0.0,0.0,0.0,0.0
SFC-030DA2-7B-14B,8.0,0.0,0.0,0.0,0.0,0.0,0.0,0.0,0.0,0.0,0.0,4.0,0.0,0.0,0.0
SFC-030DA2-8B-10B,31.0,0.0,3.0,52.0,0.0,124.0,0.0,0.0,69.0,24.0,136.0,10.0,80.0,0.0,10.0
SFC-030DA2-8B-11B,0.0,0.0,4.0,0.0,0.0,0.0,0.0,0.0,0.0,0.0,0.0,0.0,0.0,0.0,0.0
SFC-030DA2-8B-12B,0.0,10.0,4.0,50.0,0.0,10.0,10.0,0.0,26.0,11.0,10.0,10.0,10.0,0.0,10.0
SFC-030DA2-8B-13B,0.0,0.0,0.0,0.0,0.0,1.0,0.0,0.0,0.0,0.0,0.0,0.0,0.0,0.0,0.0
SFC-030DA2-8B-14B,52.0,114.0,83.0,59.0,13.0,97.0,22.0,93.0,2.0,16.0,34.0,146.0,74.0,2.0,177.0
SFC-030DA2-8B-14BH,0.0,0.0,0.0,0.0,0.0,0.0,0.0,0.0,3.0,0.0,0.0,0.0,0.0,0.0,0.0
SFC-030DA2-8B-8B,8.0,2.0,8.0,6.0,2.0,5.0,3.0,0.0,21.0,10.0,3.0,7.0,2.0,0.0,7.0
SFC-030DA2-8B-9.525B,0.0,0.0,0.0,0.0,0.0,0.0,0.0,0.0,0.0,0.0,2.0,0.0,0.0,0.0,0.0
SFC-030DA2-8B-9B,6.0,0.0,0.0,0.0,0.0,0.0,0.0,0.0,0.0,0.0,0.0,0.0,0.0,0.0,0.0
SFC-030DA2-9.525B-12B,0.0,0.0,2.0,0.0,0.0,0.0,0.0,0.0,0.0,0.0,0.0,0.0,0.0,2.0,0.0
SFC-030DA2-9.525B-15B,0.0,0.0,0.0,0.0,0.0,0.0,0.0,0.0,0.0,2.0,0.0,0.0,0.0,0.0,0.0
SFC-030DA2-9B-12B,0.0,0.0,0.0,0.0,0.0,0.0,0.0,0.0,1.0,0.0,0.0,0.0,0.0,0.0,0.0
SFC-030DA2-9B-14BH,0.0,0.0,0.0,0.0,0.0,0.0,0.0,0.0,2.0,0.0,0.0,0.0,0.0,0.0,0.0
SFC-030DA2-9B-16B,0.0,0.0,0.0,0.0,0.0,1.0,0.0,0.0,0.0,0.0,0.0,0.0,0.0,0.0,0.0
SFC-030DA2-9K-11B,0.0,0.0,2.0,0.0,2.0,0.0,0.0,0.0,2.0,0.0,0.0,4.0,0.0,0.0,0.0
SFC-030SA2-10B-10B,0.0,20.0,0.0,0.0,20.0,50.0,2.0,0.0,30.0,0.0,33.0,1.0,0.0,0.0,0.0
SFC-030SA2-10B-11B,0.0,15.0,35.0,95.0,0.0,119.0,2.0,154.0,2.0,0.0,51.0,100.0,8.0,0.0,104.0
SFC-030SA2-10B-11BH,0.0,0.0,0.0,0.0,0.0,1.0,0.0,0.0,0.0,0.0,0.0,0.0,0.0,0.0,0.0
SFC-030SA2-10B-12B,0.0,1.0,0.0,0.0,1.0,5.0,0.0,6.0,0.0,3.0,0.0,0.0,0.0,0.0,0.0
SFC-030SA2-10B-12BH,7.0,1.0,4.0,0.0,0.0,3.0,0.0,0.0,4.0,10.0,7.0,1.0,0.0,0.0,1.0
SFC-030SA2-10B-13B,0.0,8.0,0.0,4.0,0.0,0.0,0.0,0.0,3.0,0.0,0.0,0.0,0.0,0.0,0.0
SFC-030SA2-10B-14B,2403.0,964.0,14.0,3483.0,2483.0,4175.0,319.0,1339.0,776.0,407.0,1503.0,1713.0,1150.0,1754.0,601.0
SFC-030SA2-10B-14BH,0.0,0.0,0.0,0.0,0.0,40.0,0.0,0.0,0.0,0.0,0.0,0.0,12.0,0.0,0.0
SFC-030SA2-10B-14K,0.0,0.0,0.0,0.0,0.0,0.0,0.0,0.0,0.0,0.0,0.0,0.0,5.0,0.0,3.0
SFC-030SA2-10B-16B,0.0,4.0,10.0,0.0,9.0,0.0,9.0,7.0,12.0,0.0,0.0,0.0,0.0,0.0,0.0
SFC-030SA2-10BH-11BH,0.0,0.0,0.0,0.0,0.0,1.0,0.0,0.0,0.0,0.0,1.0,0.0,0.0,0.0,0.0
SFC-030SA2-10BH-14BH,0.0,0.0,0.0,8.0,0.0,13.0,10.0,4.0,8.0,1.0,14.0,40.0,61.0,12.0,38.0
SFC-030SA2-11B-14B,0.0,0.0,0.0,0.0,0.0,0.0,0.0,3.0,0.0,0.0,0.0,0.0,0.0,0.0,0.0
SFC-030SA2-11BH-12BH,0.0,0.0,0.0,5.0,0.0,6.0,0.0,5.0,14.0,12.0,5.0,0.0,0.0,10.0,0.0
SFC-030SA2-12B-14B,12.0,0.0,8.0,0.0,0.0,8.0,10.0,0.0,19.0,1.0,0.0,10.0,4.0,0.0,62.0
SFC-030SA2-13B-13B,2.0,0.0,0.0,0.0,0.0,0.0,0.0,0.0,0.0,0.0,2.0,0.0,0.0,0.0,8.0
SFC-030SA2-14B-14B,0.0,0.0,0.0,0.0,0.0,1.0,0.0,3.0,0.0,0.0,0.0,0.0,3.0,0.0,0.0
SFC-030SA2-14B-16B,0.0,0.0,0.0,1.0,2.0,0.0,0.0,0.0,0.0,0.0,0.0,0.0,0.0,0.0,0.0
SFC-030SA2-5B-10B,0.0,0.0,0.0,0.0,0.0,0.0,0.0,0.0,0.0,0.0,0.0,0.0,3.0,0.0,0.0
SFC-030SA2-5B-12B,0.0,2.0,0.0,0.0,0.0,5.0,0.0,6.0,0.0,0.0,0.0,0.0,0.0,0.0,0.0
SFC-030SA2-5B-16B,0.0,0.0,2.0,4.0,0.0,10.0,0.0,0.0,0.0,0.0,0.0,1.0,0.0,0.0,0.0
SFC-030SA2-5B-6.35B,0.0,0.0,0.0,0.0,0.0,0.0,0.0,0.0,0.0,0.0,0.0,20.0,0.0,0.0,0.0
SFC-030SA2-5B-6B,0.0,0.0,0.0,0.0,0.0,0.0,0.0,0.0,20.0,0.0,0.0,0.0,0.0,0.0,0.0
SFC-030SA2-5B-8B,0.0,2.0,1.0,3.0,0.0,0.0,0.0,0.0,0.0,0.0,0.0,0.0,0.0,0.0,0.0
SFC-030SA2-6.35B-10B,0.0,38.0,45.0,0.0,0.0,68.0,0.0,0.0,0.0,41.0,0.0,43.0,45.0,0.0,0.0
SFC-030SA2-6.5B-10B,0.0,0.0,1.0,0.0,0.0,0.0,0.0,0.0,0.0,0.0,0.0,0.0,0.0,0.0,0.0
SFC-030SA2-6B-11B,0.0,0.0,0.0,0.0,0.0,0.0,0.0,0.0,1.0,0.0,0.0,0.0,0.0,0.0,0.0
SFC-030SA2-6B-12B,0.0,0.0,0.0,0.0,0.0,0.0,4.0,0.0,0.0,0.0,0.0,0.0,0.0,0.0,0.0
SFC-030SA2-6B-14B,2.0,2.0,4.0,0.0,0.0,2.0,1.0,0.0,0.0,0.0,0.0,0.0,2.0,26.0,0.0
SFC-030SA2-6B-15B,0.0,0.0,0.0,0.0,0.0,0.0,0.0,0.0,0.0,0.0,0.0,0.0,1.0,0.0,0.0
SFC-030SA2-6B-8B,3.0,14.0,0.0,5.0,19.0,0.0,24.0,5.0,0.0,0.0,6.0,0.0,0.0,10.0,37.0
SFC-030SA2-7B-14B,0.0,0.0,0.0,0.0,100.0,0.0,0.0,50.0,0.0,0.0,0.0,0.0,0.0,0.0,0.0
SFC-030SA2-8B-10B,20.0,8.0,11.0,19.0,7.0,15.0,28.0,23.0,67.0,0.0,6.0,19.0,27.0,42.0,69.0
SFC-030SA2-8B-11B,0.0,0.0,4.0,0.0,0.0,0.0,0.0,1.0,4.0,2.0,8.0,0.0,0.0,0.0,0.0
SFC-030SA2-8B-12B,0.0,0.0,0.0,0.0,0.0,0.0,0.0,9.0,0.0,3.0,5.0,0.0,10.0,0.0,0.0
SFC-030SA2-8B-13B,16.0,0.0,64.0,0.0,0.0,0.0,0.0,0.0,0.0,0.0,0.0,0.0,5.0,5.0,40.0
SFC-030SA2-8B-14B,2.0,1.0,8.0,0.0,0.0,0.0,2.0,2.0,2.0,1.0,0.0,2.0,4.0,1.0,0.0
SFC-030SA2-8B-14BH,0.0,0.0,0.0,0.0,0.0,1.0,0.0,3.0,0.0,7.0,0.0,0.0,0.0,0.0,0.0
SFC-030SA2-8B-8B,14.0,2.0,1.0,14.0,0.0,5.0,6.0,0.0,22.0,1.0,18.0,15.0,22.0,37.0,23.0
SFC-030SA2-8B-9B,0.0,4.0,0.0,0.0,0.0,0.0,0.0,1.0,12.0,0.0,1.0,12.0,8.0,8.0,6.0
SFC-030SA2-9B-12B,7.0,0.0,2.0,0.0,0.0,0.0,0.0,0.0,0.0,0.0,0.0,2.0,0.0,0.0,0.0
SFC-030SA2-9B-14B,0.0,0.0,0.0,0.0,0.0,0.0,0.0,0.0,0.0,0.0,0.0,0.0,1.0,0.0,0.0
SFC-030SA2-T018,0.0,0.0,0.0,0.0,0.0,0.0,0.0,0.0,0.0,0.0,0.0,50.0,0.0,0.0,0.0
SFC-030SA2-T071,0.0,100.0,100.0,100.0,200.0,300.0,100.0,0.0,100.0,0.0,100.0,0.0,100.0,103.0,100.0
SFC-035DA2-10B-10B,0.0,0.0,0.0,2.0,0.0,0.0,0.0,0.0,1.0,0.0,48.0,0.0,0.0,1.0,0.0
SFC-035DA2-10B-11B,0.0,0.0,0.0,0.0,0.0,0.0,2.0,0.0,0.0,0.0,0.0,0.0,0.0,0.0,0.0
SFC-035DA2-10B-12B,4.0,2.0,0.0,1.0,8.0,5.0,0.0,5.0,10.0,11.0,2.0,0.0,0.0,0.0,7.0
SFC-035DA2-10B-13B,0.0,0.0,0.0,0.0,0.0,0.0,0.0,0.0,0.0,0.0,1.0,0.0,0.0,0.0,0.0
SFC-035DA2-10B-14B,4.0,11.0,7.0,20.0,13.0,5.0,10.0,1.0,10.0,11.0,7.0,87.0,84.0,12.0,19.0
SFC-035DA2-10B-14K,0.0,10.0,0.0,0.0,0.0,5.0,0.0,0.0,5.0,5.0,0.0,2.0,0.0,5.0,5.0
SFC-035DA2-10B-15B,1.0,3.0,0.0,3.0,0.0,0.0,0.0,0.0,0.0,0.0,0.0,0.0,0.0,0.0,0.0
SFC-035DA2-10B-16B,0.0,0.0,1.0,0.0,1.0,3.0,0.0,2.0,1.0,0.0,4.0,4.0,2.0,1.0,0.0
SFC-035DA2-10B-19B,2.0,0.0,0.0,10.0,3.0,2.0,4.0,0.0,0.0,0.0,2.0,6.0,16.0,2.0,4.0
SFC-035DA2-10BH-14BH,0.0,0.0,0.0,0.0,0.0,0.0,0.0,0.0,0.0,0.0,0.0,0.0,0.0,0.0,6.0
SFC-035DA2-10BH-19BH,0.0,0.0,0.0,0.0,0.0,1.0,0.0,0.0,0.0,1.0,2.0,0.0,1.0,0.0,0.0
SFC-035DA2-11B-12B,0.0,1.0,0.0,0.0,0.0,0.0,0.0,0.0,0.0,0.0,0.0,0.0,0.0,0.0,0.0
SFC-035DA2-11B-13B,0.0,0.0,0.0,0.0,0.0,0.0,0.0,0.0,0.0,0.0,0.0,0.0,2.0,0.0,0.0
SFC-035DA2-11B-14B,0.0,0.0,0.0,0.0,0.0,0.0,0.0,0.0,0.0,0.0,0.0,0.0,1.0,0.0,0.0
SFC-035DA2-12B-12B,0.0,0.0,0.0,0.0,0.0,0.0,0.0,0.0,1.0,0.0,0.0,0.0,1.0,0.0,0.0
SFC-035DA2-12B-14B,123.0,296.0,526.0,303.0,67.0,435.0,1157.0,9.0,23.0,19.0,7.0,19.0,7.0,4.0,37.0
SFC-035DA2-12B-15B,0.0,0.0,1.0,1.0,0.0,0.0,0.0,0.0,0.0,0.0,0.0,2.0,0.0,0.0,0.0
SFC-035DA2-12B-15BH,0.0,0.0,0.0,0.0,0.0,0.0,0.0,1.0,0.0,0.0,0.0,0.0,0.0,0.0,0.0
SFC-035DA2-12B-16B,0.0,20.0,10.0,10.0,5.0,22.0,3.0,7.0,12.0,7.0,0.0,15.0,2.0,0.0,35.0
SFC-035DA2-12B-16B L=43,0.0,0.0,0.0,0.0,0.0,0.0,0.0,0.0,0.0,0.0,0.0,0.0,0.0,6.0,0.0
SFC-035DA2-12B-16J,1.0,0.0,0.0,0.0,0.0,0.0,0.0,0.0,0.0,0.0,1.0,0.0,0.0,0.0,0.0
SFC-035DA2-12B-18BH,0.0,0.0,0.0,0.0,0.0,0.0,0.0,0.0,0.0,0.0,0.0,1.0,0.0,0.0,0.0
SFC-035DA2-12B-19B,15.0,25.0,5.0,24.0,4.0,16.0,31.0,2.0,8.0,38.0,28.0,9.0,25.0,20.0,41.0
SFC-035DA2-12BH-19BH,0.0,0.0,0.0,0.0,0.0,0.0,0.0,0.0,0.0,0.0,0.0,0.0,6.0,0.0,0.0
SFC-035DA2-13B-15B,0.0,0.0,0.0,0.0,0.0,0.0,0.0,0.0,0.0,0.0,0.0,0.0,5.0,0.0,0.0
SFC-035DA2-13B-19B,0.0,0.0,0.0,0.0,0.0,0.0,0.0,0.0,0.0,0.0,0.0,10.0,0.0,0.0,0.0
SFC-035DA2-14B-14B,1.0,21.0,0.0,1.0,0.0,9.0,15.0,0.0,2.0,0.0,10.0,0.0,2.0,0.0,0.0
SFC-035DA2-14B-15B,0.0,0.0,0.0,0.0,0.0,0.0,0.0,2.0,0.0,0.0,0.0,0.0,3.0,1.0,0.0
SFC-035DA2-14B-16B,8.0,0.0,2.0,1.0,9.0,3.0,8.0,0.0,20.0,0.0,2.0,17.0,27.0,0.0,7.0
SFC-035DA2-14BH-14BH,0.0,0.0,0.0,0.0,0.0,0.0,0.0,0.0,0.0,0.0,0.0,0.0,15.0,0.0,0.0
SFC-035DA2-15B-15B,4.0,0.0,0.0,0.0,1.0,2.0,0.0,0.0,0.0,0.0,13.0,0.0,1.0,0.0,0.0
SFC-035DA2-15B-15B L=43,0.0,0.0,0.0,0.0,0.0,0.0,0.0,1.0,0.0,0.0,0.0,0.0,0.0,0.0,0.0
SFC-035DA2-15B-16B,0.0,0.0,0.0,0.0,0.0,0.0,0.0,0.0,4.0,0.0,0.0,0.0,0.0,0.0,0.0
SFC-035DA2-15B-19B,1.0,0.0,0.0,1.0,4.0,1.0,0.0,0.0,0.0,0.0,0.0,0.0,0.0,1.0,3.0
SFC-035DA2-15BH-15BH,0.0,0.0,1.0,0.0,0.0,0.0,0.0,0.0,0.0,0.0,0.0,0.0,0.0,0.0,0.0
SFC-035DA2-16B-16B,0.0,0.0,3.0,0.0,1.0,0.0,0.0,0.0,2.0,0.0,2.0,0.0,0.0,6.0,0.0
SFC-035DA2-6B-14B,0.0,0.0,0.0,0.0,0.0,0.0,0.0,4.0,4.0,0.0,0.0,0.0,0.0,0.0,0.0
SFC-035DA2-6B-6B,0.0,0.0,0.0,0.0,0.0,0.0,3.0,0.0,5.0,0.0,0.0,4.0,5.0,0.0,2.0
SFC-035DA2-8B-11B,0.0,0.0,6.0,2.0,0.0,4.0,0.0,0.0,0.0,0.0,0.0,0.0,2.0,0.0,0.0
SFC-035DA2-8B-12B,0.0,0.0,6.0,0.0,0.0,0.0,0.0,0.0,0.0,0.0,0.0,0.0,16.0,0.0,0.0
SFC-035DA2-8B-14B,33.0,8.0,1.0,3.0,4.0,6.0,14.0,0.0,1.0,27.0,13.0,8.0,12.0,3.0,5.0
SFC-035DA2-8B-16B,2.0,0.0,0.0,5.0,0.0,1.0,0.0,8.0,5.0,0.0,4.0,0.0,0.0,2.0,0.0
SFC-035DA2-9.525B-15B,24.0,5.0,8.0,6.0,6.0,5.0,24.0,6.0,10.0,4.0,5.0,5.0,0.0,0.0,35.0
SFC-035DA2-9B-12B,6.0,0.0,0.0,0.0,0.0,0.0,0.0,0.0,0.0,0.0,0.0,0.0,0.0,0.0,0.0
SFC-035DA2-9B-12B L=43,0.0,0.0,0.0,0.0,0.0,0.0,0.0,1.0,0.0,0.0,0.0,0.0,0.0,0.0,0.0
SFC-035DA2-9B-14B L=43,0.0,0.0,0.0,0.0,0.0,0.0,0.0,1.0,0.0,0.0,0.0,0.0,0.0,0.0,0.0
SFC-035DA2-9K-16B,0.0,0.0,0.0,1.0,0.0,0.0,0.0,0.0,0.0,0.0,0.0,0.0,0.0,0.0,0.0
SFC-035SA2-10B-10B,0.0,0.0,10.0,27.0,24.0,0.0,0.0,0.0,0.0,0.0,0.0,15.0,0.0,0.0,0.0
SFC-035SA2-10B-11B,0.0,0.0,0.0,0.0,0.0,0.0,0.0,0.0,0.0,0.0,0.0,2.0,15.0,0.0,0.0
SFC-035SA2-10B-12.7B,0.0,0.0,0.0,50.0,0.0,0.0,0.0,0.0,0.0,0.0,0.0,0.0,0.0,0.0,0.0
SFC-035SA2-10B-12B,0.0,0.0,2.0,0.0,0.0,0.0,0.0,0.0,0.0,0.0,0.0,0.0,0.0,0.0,0.0
SFC-035SA2-10B-13B,0.0,0.0,0.0,0.0,0.0,0.0,0.0,0.0,0.0,0.0,1.0,0.0,0.0,0.0,0.0
SFC-035SA2-10B-14B,19.0,16.0,21.0,5.0,41.0,19.0,45.0,1.0,13.0,51.0,27.0,49.0,4.0,21.0,8.0
SFC-035SA2-10B-14BH,0.0,0.0,0.0,0.0,0.0,0.0,0.0,0.0,0.0,1.0,0.0,0.0,2.0,0.0,1.0
SFC-035SA2-10B-15B,0.0,0.0,0.0,0.0,0.0,0.0,0.0,0.0,0.0,0.0,0.0,0.0,0.0,8.0,0.0
SFC-035SA2-10B-18B,0.0,10.0,0.0,0.0,0.0,0.0,0.0,0.0,0.0,0.0,0.0,0.0,0.0,0.0,10.0
SFC-035SA2-10B-19B,0.0,0.0,0.0,0.0,5.0,0.0,0.0,0.0,5.0,5.0,6.0,1.0,0.0,0.0,2.0
SFC-035SA2-10BH-14B,0.0,6.0,0.0,0.0,0.0,0.0,0.0,0.0,2.0,2.0,0.0,0.0,0.0,0.0,4.0
SFC-035SA2-10BH-14BJ,0.0,0.0,0.0,0.0,0.0,0.0,0.0,0.0,0.0,0.0,4.0,0.0,0.0,0.0,0.0
SFC-035SA2-11B-14B,0.0,0.0,2.0,0.0,0.0,0.0,0.0,0.0,0.0,0.0,0.0,0.0,0.0,0.0,0.0
SFC-035SA2-11B-16B,0.0,0.0,0.0,0.0,0.0,1.0,0.0,0.0,1.0,0.0,0.0,0.0,0.0,0.0,0.0
SFC-035SA2-12.7B-12.7B,0.0,0.0,0.0,0.0,0.0,0.0,0.0,0.0,0.0,0.0,0.0,9.0,0.0,0.0,5.0
SFC-035SA2-12B-12B,0.0,8.0,0.0,13.0,8.0,4.0,4.0,12.0,17.0,8.0,30.0,16.0,12.0,28.0,32.0
SFC-035SA2-12B-13B,0.0,0.0,0.0,0.0,0.0,2.0,0.0,0.0,0.0,0.0,0.0,0.0,0.0,0.0,0.0
SFC-035SA2-12B-14B,0.0,0.0,0.0,196.0,0.0,6.0,66.0,4.0,178.0,112.0,111.0,136.0,263.0,8.0,18.0
SFC-035SA2-12B-16B,0.0,0.0,0.0,4.0,0.0,0.0,0.0,0.0,2.0,0.0,0.0,0.0,0.0,0.0,1.0
SFC-035SA2-12B-18B,40.0,20.0,0.0,0.0,0.0,0.0,0.0,0.0,20.0,0.0,0.0,20.0,44.0,0.0,0.0
SFC-035SA2-12B-19B,0.0,0.0,8.0,10.0,0.0,0.0,0.0,0.0,0.0,10.0,10.0,10.0,25.0,0.0,28.0
SFC-035SA2-12BH-14BH,0.0,3.0,0.0,0.0,0.0,0.0,0.0,0.0,0.0,0.0,0.0,0.0,0.0,0.0,0.0
SFC-035SA2-13B-19B,0.0,0.0,0.0,0.0,0.0,0.0,0.0,0.0,0.0,0.0,2.0,0.0,0.0,0.0,0.0
SFC-035SA2-14B-14B,8.0,0.0,14.0,37.0,0.0,15.0,0.0,15.0,2.0,0.0,17.0,23.0,0.0,2.0,15.0
SFC-035SA2-14B-15B,0.0,0.0,0.0,1.0,0.0,0.0,0.0,0.0,1.0,0.0,2.0,0.0,0.0,4.0,0.0
SFC-035SA2-14B-16B,0.0,0.0,0.0,0.0,0.0,0.0,0.0,1.0,0.0,0.0,0.0,0.0,0.0,0.0,5.0
SFC-035SA2-14BH-16BH,2.0,0.0,0.0,0.0,0.0,0.0,0.0,0.0,0.0,0.0,0.0,0.0,0.0,0.0,0.0
SFC-035SA2-15B-15B,0.0,0.0,1.0,0.0,0.0,2.0,0.0,9.0,0.0,3.0,0.0,0.0,0.0,8.0,0.0
SFC-035SA2-15B-16B,0.0,0.0,0.0,0.0,0.0,0.0,0.0,0.0,2.0,0.0,1.0,0.0,2.0,0.0,0.0
SFC-035SA2-15B-19B,0.0,0.0,0.0,1.0,0.0,0.0,0.0,0.0,0.0,0.0,0.0,0.0,0.0,0.0,0.0
SFC-035SA2-16B-16B,0.0,0.0,0.0,0.0,0.0,0.0,0.0,0.0,0.0,0.0,1.0,0.0,0.0,0.0,0.0
SFC-035SA2-16B-19B,0.0,0.0,0.0,0.0,0.0,0.0,0.0,0.0,0.0,0.0,0.0,0.0,0.0,0.0,3.0
SFC-035SA2-16BH-18BH,0.0,0.0,0.0,0.0,0.0,0.0,0.0,0.0,4.0,0.0,0.0,0.0,0.0,0.0,0.0
SFC-035SA2-6B-16B,0.0,0.0,0.0,1.0,0.0,0.0,0.0,0.0,0.0,0.0,0.0,0.0,0.0,0.0,0.0
SFC-035SA2-6B-8B,4.0,0.0,0.0,0.0,0.0,0.0,0.0,0.0,2.0,0.0,0.0,0.0,0.0,0.0,0.0
SFC-035SA2-8B-10B,0.0,0.0,0.0,5.0,0.0,3.0,0.0,0.0,0.0,2.0,2.0,3.0,0.0,0.0,0.0
SFC-035SA2-8B-11B,0.0,0.0,0.0,1.0,0.0,0.0,0.0,0.0,1.0,0.0,0.0,0.0,0.0,0.0,0.0
SFC-035SA2-8B-12B,0.0,0.0,0.0,0.0,0.0,0.0,0.0,6.0,2.0,0.0,0.0,0.0,0.0,0.0,0.0
SFC-035SA2-8B-13B,0.0,114.0,0.0,0.0,0.0,0.0,0.0,0.0,18.0,40.0,0.0,14.0,2.0,22.0,52.0
SFC-035SA2-8B-14B,0.0,0.0,1.0,0.0,0.0,1.0,3.0,1.0,0.0,0.0,0.0,7.0,0.0,0.0,0.0
SFC-035SA2-8B-16B,0.0,0.0,2.0,0.0,0.0,0.0,1.0,0.0,0.0,0.0,2.0,0.0,0.0,0.0,0.0
SFC-035SA2-8B-8B,0.0,0.0,0.0,0.0,10.0,0.0,0.0,0.0,28.0,0.0,0.0,0.0,0.0,0.0,0.0
SFC-035SA2-8BH-13BH,0.0,14.0,30.0,0.0,0.0,30.0,6.0,0.0,0.0,0.0,0.0,0.0,0.0,0.0,4.0
SFC-035SA2-9B-14B,0.0,0.0,0.0,0.0,0.0,0.0,0.0,0.0,0.0,0.0,0.0,200.0,0.0,0.0,0.0
SFC-040DA2-10B-10B,5.0,0.0,5.0,0.0,5.0,0.0,5.0,0.0,0.0,5.0,0.0,6.0,2.0,0.0,0.0
SFC-040DA2-10B-10BH,0.0,0.0,0.0,0.0,0.0,0.0,0.0,0.0,1.0,0.0,0.0,0.0,0.0,0.0,0.0
SFC-040DA2-10B-11B,0.0,0.0,0.0,0.0,0.0,0.0,0.0,0.0,1.0,0.0,0.0,0.0,0.0,0.0,0.0
SFC-040DA2-10B-12B,0.0,3.0,30.0,0.0,0.0,0.0,0.0,0.0,0.0,2.0,0.0,0.0,0.0,0.0,6.0
SFC-040DA2-10B-14B,27.0,6.0,110.0,0.0,200.0,3.0,3.0,1.0,4.0,4.0,3.0,6.0,65.0,4.0,0.0
SFC-040DA2-10B-15B,0.0,0.0,0.0,0.0,0.0,0.0,0.0,0.0,0.0,0.0,0.0,2.0,0.0,0.0,0.0
SFC-040DA2-10B-16B,0.0,0.0,0.0,1.0,0.0,0.0,0.0,0.0,0.0,0.0,0.0,0.0,0.0,1.0,0.0
SFC-040DA2-10B-19B,31.0,0.0,5.0,3.0,5.0,2.0,6.0,107.0,7.0,0.0,23.0,123.0,0.0,1.0,111.0
SFC-040DA2-10B-22B,0.0,0.0,0.0,0.0,1.0,0.0,0.0,0.0,0.0,0.0,0.0,0.0,0.0,2.0,0.0
SFC-040DA2-10BH-19BH,2.0,0.0,0.0,0.0,0.0,0.0,0.0,0.0,0.0,0.0,0.0,0.0,0.0,0.0,4.0
SFC-040DA2-10BH-20B,0.0,0.0,0.0,0.0,0.0,0.0,0.0,0.0,0.0,0.0,0.0,0.0,0.0,0.0,2.0
SFC-040DA2-10K-16J,2.0,2.0,0.0,0.0,2.0,0.0,2.0,0.0,0.0,0.0,0.0,0.0,0.0,0.0,4.0
SFC-040DA2-11B-12B,0.0,1.0,0.0,0.0,0.0,0.0,0.0,0.0,0.0,0.0,0.0,0.0,0.0,0.0,0.0
SFC-040DA2-11B-15B,0.0,0.0,0.0,0.0,6.0,0.0,0.0,0.0,0.0,0.0,0.0,0.0,0.0,0.0,1.0
SFC-040DA2-11B-16B,0.0,0.0,2.0,0.0,0.0,4.0,0.0,8.0,0.0,8.0,0.0,0.0,0.0,3.0,0.0
SFC-040DA2-11B-19B,0.0,1.0,0.0,0.0,0.0,0.0,0.0,0.0,0.0,0.0,0.0,0.0,0.0,0.0,0.0
SFC-040DA2-11B-20B,0.0,2.0,0.0,0.0,0.0,0.0,0.0,0.0,0.0,0.0,0.0,0.0,0.0,0.0,0.0
SFC-040DA2-11J-19B,0.0,0.0,0.0,0.0,0.0,0.0,0.0,0.0,0.0,0.0,1.0,0.0,0.0,0.0,0.0
SFC-040DA2-11J-20B,0.0,0.0,0.0,0.0,0.0,0.0,0.0,0.0,0.0,0.0,2.0,0.0,0.0,0.0,0.0
SFC-040DA2-12B-12B,0.0,0.0,0.0,0.0,2.0,0.0,0.0,0.0,0.0,0.0,0.0,0.0,0.0,0.0,0.0
SFC-040DA2-12B-14B,10.0,28.0,16.0,0.0,20.0,7.0,8.0,8.0,12.0,2.0,4.0,22.0,24.0,7.0,10.0
SFC-040DA2-12B-14B L=50,0.0,0.0,0.0,0.0,0.0,0.0,0.0,1.0,0.0,0.0,0.0,0.0,0.0,0.0,0.0
SFC-040DA2-12B-14BH,0.0,0.0,0.0,0.0,6.0,0.0,0.0,0.0,0.0,0.0,0.0,0.0,0.0,0.0,0.0
SFC-040DA2-12B-15B,0.0,1.0,0.0,0.0,0.0,1.0,0.0,5.0,0.0,0.0,0.0,1.0,0.0,1.0,0.0
SFC-040DA2-12B-16B,0.0,0.0,0.0,0.0,0.0,0.0,0.0,0.0,0.0,2.0,0.0,0.0,0.0,0.0,6.0
SFC-040DA2-12B-19B,171.0,137.0,171.0,93.0,103.0,122.0,55.0,181.0,155.0,229.0,108.0,310.0,65.0,20.0,112.0
SFC-040DA2-12B-19BH,0.0,0.0,0.0,0.0,0.0,2.0,0.0,0.0,0.0,0.0,0.0,0.0,0.0,0.0,0.0
SFC-040DA2-12B-19K,0.0,0.0,0.0,0.0,0.0,0.0,0.0,0.0,1.0,0.0,2.0,0.0,0.0,0.0,0.0
SFC-040DA2-12B-20B,0.0,0.0,0.0,0.0,0.0,0.0,0.0,0.0,0.0,0.0,1.0,0.0,0.0,0.0,0.0
SFC-040DA2-12B-20B L=50,0.0,0.0,0.0,0.0,0.0,0.0,0.0,1.0,0.0,0.0,0.0,0.0,0.0,0.0,0.0
SFC-040DA2-12B-22B,0.0,0.0,0.0,2.0,0.0,0.0,0.0,0.0,0.0,0.0,0.0,4.0,0.0,0.0,0.0
SFC-040DA2-12B-22J,0.0,0.0,0.0,0.0,0.0,0.0,0.0,0.0,10.0,0.0,0.0,0.0,0.0,0.0,10.0
SFC-040DA2-12BH-14B,0.0,0.0,0.0,0.0,8.0,0.0,0.0,0.0,0.0,0.0,0.0,2.0,2.0,2.0,4.0
SFC-040DA2-12BH-16BH,0.0,0.0,0.0,0.0,0.0,0.0,0.0,0.0,0.0,0.0,0.0,2.0,0.0,0.0,0.0
SFC-040DA2-12BH-19BH,0.0,0.0,0.0,0.0,0.0,1.0,0.0,0.0,0.0,0.0,0.0,0.0,0.0,0.0,8.0
SFC-040DA2-13.5B-19B,0.0,0.0,0.0,0.0,0.0,0.0,0.0,0.0,1.0,0.0,0.0,0.0,0.0,0.0,0.0
SFC-040DA2-13B-13B,0.0,0.0,0.0,0.0,0.0,0.0,0.0,0.0,0.0,0.0,0.0,0.0,0.0,0.0,4.0
SFC-040DA2-13B-14B,0.0,0.0,0.0,0.0,0.0,0.0,0.0,0.0,1.0,0.0,0.0,0.0,0.0,0.0,0.0
SFC-040DA2-13B-16B,2.0,0.0,10.0,0.0,0.0,0.0,0.0,1.0,0.0,0.0,0.0,0.0,0.0,0.0,0.0
SFC-040DA2-13B-18BH,0.0,0.0,0.0,0.0,0.0,0.0,0.0,0.0,0.0,0.0,0.0,0.0,0.0,0.0,5.0
SFC-040DA2-13B-19B,0.0,0.0,2.0,0.0,0.0,0.0,0.0,0.0,0.0,0.0,0.0,0.0,0.0,0.0,0.0
SFC-040DA2-13B-20BH,0.0,0.0,0.0,0.0,0.0,0.0,0.0,0.0,0.0,0.0,0.0,0.0,15.0,0.0,0.0
SFC-040DA2-13K-16B,0.0,0.0,0.0,0.0,0.0,4.0,0.0,6.0,0.0,0.0,0.0,0.0,0.0,4.0,0.0
SFC-040DA2-14B-14B,0.0,0.0,0.0,0.0,0.0,4.0,0.0,6.0,0.0,0.0,4.0,0.0,4.0,2.0,3.0
SFC-040DA2-14B-14B L=60,0.0,0.0,0.0,0.0,0.0,0.0,0.0,0.0,0.0,0.0,0.0,0.0,0.0,0.0,2.0
SFC-040DA2-14B-15B,0.0,0.0,0.0,0.0,2.0,0.0,0.0,1.0,0.0,0.0,0.0,0.0,1.0,4.0,0.0
SFC-040DA2-14B-16B,0.0,0.0,10.0,0.0,0.0,0.0,0.0,0.0,0.0,0.0,0.0,0.0,0.0,10.0,100.0
SFC-040DA2-14B-17B,8.0,4.0,5.0,51.0,12.0,8.0,4.0,5.0,20.0,20.0,6.0,30.0,60.0,16.0,30.0
SFC-040DA2-14B-18B,0.0,2.0,0.0,0.0,0.0,0.0,0.0,0.0,0.0,0.0,0.0,0.0,0.0,0.0,0.0
SFC-040DA2-14B-19B,6.0,0.0,16.0,0.0,14.0,18.0,12.0,4.0,25.0,10.0,60.0,11.0,8.0,2.0,17.0
SFC-040DA2-14B-19B L=55,0.0,0.0,0.0,0.0,0.0,0.0,0.0,0.0,0.0,0.0,0.0,0.0,0.0,1.0,0.0
SFC-040DA2-14B-22B,0.0,0.0,0.0,5.0,0.0,0.0,0.0,0.0,0.0,0.0,0.0,0.0,0.0,0.0,0.0
SFC-040DA2-14BH-19BH,33.0,2.0,2.0,8.0,10.0,0.0,1.0,0.0,7.0,39.0,0.0,0.0,0.0,1.0,0.0
SFC-040DA2-14K-18B,0.0,0.0,100.0,0.0,0.0,0.0,0.0,0.0,0.0,0.0,0.0,2.0,0.0,0.0,0.0
SFC-040DA2-14K-18B L=62,0.0,0.0,0.0,50.0,0.0,0.0,0.0,0.0,0.0,0.0,0.0,0.0,0.0,0.0,0.0
SFC-040DA2-15B-15B,0.0,0.0,2.0,0.0,6.0,0.0,0.0,0.0,0.0,0.0,0.0,0.0,0.0,0.0,0.0
SFC-040DA2-15B-16B,0.0,0.0,0.0,0.0,5.0,0.0,0.0,0.0,0.0,0.0,0.0,0.0,0.0,0.0,0.0
SFC-040DA2-15B-18B,10.0,0.0,0.0,0.0,0.0,0.0,0.0,3.0,0.0,0.0,3.0,5.0,0.0,0.0,0.0
SFC-040DA2-15B-19B,113.0,41.0,59.0,22.0,230.0,162.0,158.0,8.0,5.0,1.0,32.0,23.0,0.0,127.0,19.0
SFC-040DA2-15B-20B,0.0,0.0,0.0,0.0,0.0,0.0,0.0,6.0,0.0,0.0,0.0,0.0,0.0,0.0,0.0
SFC-040DA2-15BH-16BH,0.0,0.0,0.0,0.0,0.0,1.0,0.0,0.0,0.0,0.0,0.0,0.0,0.0,0.0,0.0
SFC-040DA2-15BH-19BH,0.0,0.0,0.0,0.0,0.0,0.0,0.0,0.0,0.0,50.0,54.0,69.0,0.0,50.0,57.0
SFC-040DA2-15BH-22BH,0.0,0.0,0.0,0.0,0.0,0.0,0.0,0.0,0.0,10.0,0.0,0.0,0.0,0.0,0.0
SFC-040DA2-15K-16B,0.0,0.0,0.0,0.0,0.0,4.0,0.0,6.0,0.0,0.0,0.0,0.0,0.0,4.0,0.0
SFC-040DA2-16B-16B,0.0,0.0,1.0,0.0,0.0,0.0,0.0,0.0,0.0,0.0,0.0,0.0,0.0,0.0,1.0
SFC-040DA2-16B-17B,0.0,0.0,2.0,0.0,2.0,0.0,0.0,1.0,0.0,0.0,0.0,0.0,2.0,0.0,2.0
SFC-040DA2-16B-18B,0.0,0.0,0.0,0.0,5.0,5.0,0.0,0.0,0.0,2.0,0.0,0.0,2.0,2.0,0.0
SFC-040DA2-16B-19B,23.0,114.0,84.0,64.0,220.0,120.0,174.0,4.0,134.0,120.0,185.0,53.0,136.0,11.0,138.0
SFC-040DA2-16B-19B L=60,0.0,0.0,0.0,0.0,0.0,0.0,0.0,0.0,0.0,0.0,0.0,0.0,0.0,0.0,4.0
SFC-040DA2-16B-22B,0.0,0.0,0.0,2.0,0.0,0.0,0.0,0.0,0.0,0.0,0.0,4.0,0.0,0.0,0.0
SFC-040DA2-16BH-16BH,0.0,2.0,0.0,0.0,0.0,0.0,0.0,0.0,0.0,19.0,0.0,0.0,0.0,0.0,0.0
SFC-040DA2-16BH-22BH,0.0,0.0,0.0,0.0,2.0,0.0,0.0,0.0,0.0,0.0,0.0,0.0,0.0,0.0,0.0
SFC-040DA2-17B-17B L=65,0.0,0.0,1.0,0.0,0.0,0.0,5.0,0.0,0.0,0.0,0.0,0.0,0.0,0.0,0.0
SFC-040DA2-17B-18B,0.0,0.0,0.0,0.0,0.0,0.0,2.0,0.0,0.0,0.0,0.0,0.0,0.0,0.0,0.0
SFC-040DA2-17B-19B,177.0,12.0,34.0,155.0,400.0,2.0,26.0,600.0,24.0,13.0,14.0,173.0,206.0,158.0,225.0
SFC-040DA2-17B-22B,0.0,0.0,0.0,0.0,0.0,0.0,0.0,0.0,2.0,6.0,2.0,10.0,0.0,0.0,0.0
SFC-040DA2-17BH-19BH,0.0,0.0,0.0,0.0,0.0,0.0,3.0,0.0,0.0,0.0,0.0,0.0,4.0,0.0,5.0
SFC-040DA2-18B-18B,0.0,0.0,0.0,2.0,6.0,0.0,0.0,0.0,0.0,1.0,0.0,0.0,1.0,0.0,4.0
SFC-040DA2-18B-18J,0.0,0.0,0.0,0.0,0.0,0.0,0.0,0.0,0.0,0.0,0.0,0.0,0.0,6.0,6.0
SFC-040DA2-18B-19B,8.0,1.0,10.0,0.0,0.0,4.0,0.0,0.0,3.0,0.0,19.0,2.0,1.0,1.0,4.0
SFC-040DA2-18B-19B L=52,0.0,0.0,0.0,0.0,0.0,0.0,0.0,0.0,0.0,0.0,1.0,0.0,0.0,0.0,0.0
SFC-040DA2-18B-20B,6.0,0.0,0.0,0.0,8.0,0.0,0.0,0.0,2.0,2.0,0.0,8.0,0.0,0.0,0.0
SFC-040DA2-18B-22B,3.0,0.0,0.0,0.0,0.0,0.0,0.0,0.0,0.0,0.0,2.0,0.0,0.0,0.0,0.0
SFC-040DA2-18J-20B,0.0,18.0,0.0,0.0,0.0,0.0,0.0,0.0,6.0,6.0,0.0,0.0,0.0,0.0,0.0
SFC-040DA2-19B-19B,0.0,0.0,3.0,4.0,0.0,1.0,0.0,0.0,0.0,4.0,5.0,0.0,0.0,0.0,5.0
SFC-040DA2-19B-19BH,0.0,0.0,0.0,0.0,0.0,0.0,0.0,0.0,0.0,0.0,0.0,1.0,0.0,0.0,0.0
SFC-040DA2-19B-22B,0.0,0.0,1.0,0.0,0.0,5.0,0.0,0.0,0.0,0.0,2.0,0.0,5.0,0.0,0.0
SFC-040DA2-19BH-20BH,4.0,0.0,0.0,0.0,0.0,0.0,0.0,0.0,0.0,0.0,0.0,0.0,0.0,2.0,0.0
SFC-040DA2-6B-12B,0.0,0.0,0.0,0.0,0.0,0.0,0.0,0.0,0.0,0.0,1.0,0.0,0.0,0.0,0.0
SFC-040DA2-6B-14B,0.0,0.0,0.0,0.0,0.0,0.0,0.0,2.0,0.0,0.0,0.0,0.0,0.0,0.0,0.0
SFC-040DA2-8B-11B,0.0,0.0,0.0,0.0,0.0,0.0,1.0,0.0,0.0,0.0,0.0,0.0,0.0,0.0,0.0
SFC-040DA2-8B-15B,0.0,0.0,0.0,0.0,0.0,0.0,2.0,0.0,0.0,0.0,0.0,0.0,0.0,0.0,0.0
SFC-040DA2-8B-16B,20.0,0.0,20.0,20.0,41.0,0.0,0.0,0.0,40.0,0.0,40.0,0.0,30.0,2.0,0.0
SFC-040DA2-8B-19B,64.0,20.0,5.0,0.0,22.0,4.0,0.0,0.0,22.0,20.0,40.0,0.0,0.0,0.0,0.0
SFC-040DA2-8B-24B,0.0,0.0,0.0,0.0,0.0,0.0,0.0,0.0,1.0,0.0,0.0,0.0,0.0,0.0,0.0
SFC-040DA2-9.525B-16B,0.0,0.0,0.0,0.0,0.0,0.0,0.0,0.0,0.0,0.0,1.0,0.0,0.0,0.0,0.0
SFC-040DA2-9.525B-19B,0.0,0.0,0.0,0.0,0.0,0.0,0.0,0.0,0.0,0.0,0.0,0.0,0.0,2.0,0.0
SFC-040DA2-9B-12B,0.0,0.0,0.0,0.0,0.0,1.0,0.0,2.0,0.0,0.0,0.0,0.0,2.0,2.0,0.0
SFC-040DA2-9B-15B,0.0,0.0,0.0,0.0,0.0,0.0,0.0,0.0,1.0,9.0,0.0,10.0,0.0,0.0,0.0
SFC-040DA2-T129,0.0,50.0,0.0,0.0,0.0,50.0,0.0,0.0,0.0,0.0,0.0,0.0,0.0,0.0,0.0
SFC-040SA2-10B-10B,2.0,0.0,0.0,0.0,0.0,0.0,2.0,0.0,0.0,0.0,0.0,0.0,5.0,0.0,0.0
SFC-040SA2-10B-10BH,0.0,0.0,3.0,0.0,0.0,0.0,0.0,0.0,0.0,0.0,0.0,0.0,0.0,0.0,0.0
SFC-040SA2-10B-11B,30.0,0.0,50.0,100.0,80.0,50.0,0.0,100.0,0.0,100.0,0.0,100.0,100.0,0.0,0.0
SFC-040SA2-10B-12B,0.0,0.0,0.0,0.0,1.0,0.0,0.0,0.0,0.0,1.0,0.0,0.0,0.0,0.0,0.0
SFC-040SA2-10B-14B,8.0,4.0,124.0,4.0,2.0,107.0,30.0,122.0,39.0,122.0,60.0,105.0,319.0,74.0,144.0
SFC-040SA2-10B-15B,0.0,0.0,0.0,0.0,0.0,0.0,0.0,1.0,0.0,1.0,0.0,0.0,0.0,0.0,0.0
SFC-040SA2-10B-16B,0.0,0.0,0.0,0.0,0.0,0.0,0.0,2.0,11.0,0.0,0.0,0.0,1.0,0.0,0.0
SFC-040SA2-10B-19B,6.0,3.0,7.0,11.0,1.0,15.0,0.0,8.0,5.0,16.0,1.0,6.0,6.0,3.0,4.0
SFC-040SA2-10BH-12B,0.0,1.0,0.0,0.0,0.0,0.0,1.0,0.0,0.0,0.0,0.0,0.0,0.0,0.0,0.0
SFC-040SA2-10BH-14BH,16.0,0.0,0.0,2.0,5.0,0.0,0.0,0.0,0.0,7.0,0.0,1.0,0.0,0.0,0.0
SFC-040SA2-10BH-19BH,0.0,0.0,0.0,0.0,0.0,0.0,0.0,0.0,0.0,2.0,0.0,0.0,0.0,0.0,0.0
SFC-040SA2-11B-12B,11.0,0.0,0.0,0.0,0.0,0.0,10.0,0.0,0.0,14.0,0.0,20.0,0.0,0.0,48.0
SFC-040SA2-11B-15B,0.0,2.0,3.0,11.0,0.0,1.0,2.0,0.0,1.0,0.0,0.0,1.0,2.0,0.0,1.0
SFC-040SA2-11B-17K,0.0,0.0,0.0,0.0,0.0,0.0,0.0,0.0,0.0,0.0,0.0,0.0,0.0,0.0,8.0
SFC-040SA2-11B-20B,0.0,0.0,0.0,0.0,0.0,6.0,0.0,0.0,0.0,0.0,0.0,0.0,0.0,0.0,0.0
SFC-040SA2-11BH-20B,1.0,0.0,0.0,0.0,0.0,0.0,0.0,0.0,0.0,0.0,0.0,0.0,0.0,0.0,0.0
SFC-040SA2-11K-17B,0.0,0.0,0.0,0.0,0.0,0.0,0.0,0.0,0.0,0.0,0.0,0.0,0.0,0.0,6.0
SFC-040SA2-12B-12B,9.0,0.0,1.0,0.0,3.0,0.0,3.0,1.0,12.0,0.0,1.0,10.0,0.0,0.0,0.0
SFC-040SA2-12B-14B,210.0,126.0,224.0,65.0,466.0,344.0,256.0,113.0,336.0,106.0,429.0,100.0,152.0,22.0,393.0
SFC-040SA2-12B-16B,0.0,0.0,8.0,0.0,7.0,6.0,23.0,1.0,4.0,1.0,0.0,0.0,0.0,0.0,0.0
SFC-040SA2-12B-17B,0.0,0.0,0.0,0.0,0.0,36.0,2.0,0.0,2.0,0.0,0.0,0.0,0.0,0.0,22.0
SFC-040SA2-12B-19B,11.0,120.0,8.0,108.0,49.0,317.0,105.0,5.0,10.0,71.0,2.0,224.0,143.0,2.0,146.0
SFC-040SA2-12B-19BH,0.0,0.0,0.0,0.0,0.0,0.0,30.0,0.0,0.0,0.0,0.0,0.0,0.0,0.0,0.0
SFC-040SA2-12B-20B,0.0,0.0,0.0,0.0,0.0,0.0,0.0,1.0,2.0,1.0,1.0,0.0,1.0,0.0,0.0
SFC-040SA2-12B-22B,0.0,0.0,0.0,0.0,0.0,10.0,0.0,8.0,0.0,0.0,0.0,2.0,0.0,0.0,0.0
SFC-040SA2-12B-24B,0.0,0.0,0.0,0.0,0.0,2.0,0.0,0.0,0.0,0.0,0.0,0.0,0.0,0.0,0.0
SFC-040SA2-12BH-19BH,0.0,0.0,0.0,0.0,0.0,0.0,0.0,0.0,0.0,0.0,4.0,1.0,1.0,0.0,0.0
SFC-040SA2-12BH-24BH,4.0,0.0,0.0,0.0,0.0,0.0,0.0,3.0,0.0,0.0,0.0,0.0,0.0,0.0,0.0
SFC-040SA2-13B-14B,0.0,0.0,0.0,0.0,80.0,120.0,120.0,200.0,120.0,100.0,2.0,150.0,0.0,0.0,0.0
SFC-040SA2-13B-19B,80.0,0.0,0.0,100.0,0.0,100.0,100.0,200.0,0.0,0.0,100.0,200.0,100.0,0.0,0.0
SFC-040SA2-14B-14B,0.0,4.0,0.0,0.0,0.0,0.0,2.0,0.0,0.0,0.0,0.0,0.0,0.0,0.0,0.0
SFC-040SA2-14B-15B,0.0,0.0,18.0,0.0,6.0,0.0,0.0,2.0,0.0,2.0,11.0,0.0,5.0,0.0,25.0
SFC-040SA2-14B-16B,0.0,0.0,0.0,1.0,0.0,0.0,0.0,0.0,0.0,0.0,0.0,0.0,0.0,0.0,0.0
SFC-040SA2-14B-17B,0.0,2.0,0.0,0.0,0.0,0.0,0.0,0.0,0.0,0.0,0.0,0.0,0.0,0.0,0.0
SFC-040SA2-14B-18B,0.0,5.0,0.0,0.0,0.0,0.0,0.0,0.0,0.0,0.0,0.0,0.0,0.0,0.0,0.0
SFC-040SA2-14B-19B,56.0,0.0,1.0,22.0,10.0,4.0,0.0,3.0,10.0,0.0,0.0,8.0,17.0,0.0,25.0
SFC-040SA2-14B-20B,0.0,0.0,0.0,5.0,0.0,0.0,0.0,0.0,0.0,0.0,0.0,0.0,0.0,0.0,0.0
SFC-040SA2-14BH-14BH,32.0,0.0,2.0,4.0,10.0,0.0,0.0,0.0,0.0,38.0,0.0,6.0,0.0,0.0,0.0
SFC-040SA2-14BH-19BH,0.0,0.0,0.0,0.0,0.0,0.0,0.0,0.0,0.0,6.0,0.0,0.0,14.0,4.0,0.0
SFC-040SA2-15B-15B,0.0,0.0,0.0,0.0,6.0,0.0,0.0,0.0,0.0,0.0,0.0,0.0,0.0,0.0,2.0
SFC-040SA2-15B-16B,1.0,0.0,6.0,0.0,17.0,0.0,20.0,0.0,58.0,17.0,1.0,4.0,0.0,0.0,101.0
SFC-040SA2-15B-19B,0.0,0.0,0.0,0.0,0.0,0.0,0.0,0.0,2.0,0.0,2.0,0.0,4.0,3.0,0.0
SFC-040SA2-15B-22B,0.0,0.0,0.0,0.0,0.0,0.0,0.0,0.0,30.0,0.0,0.0,0.0,0.0,0.0,0.0
SFC-040SA2-15BH-16BH,0.0,1.0,0.0,0.0,1.0,0.0,0.0,0.0,2.0,0.0,0.0,0.0,0.0,0.0,0.0
SFC-040SA2-16B-16B,0.0,0.0,0.0,0.0,0.0,0.0,0.0,0.0,0.0,0.0,0.0,2.0,0.0,0.0,2.0
SFC-040SA2-16B-17B,0.0,0.0,0.0,0.0,0.0,1.0,1.0,0.0,0.0,4.0,0.0,1.0,0.0,1.0,1.0
SFC-040SA2-16B-19B,15.0,20.0,2.0,41.0,85.0,0.0,20.0,9.0,0.0,20.0,30.0,200.0,40.0,0.0,3.0
SFC-040SA2-16B-20B,0.0,0.0,0.0,0.0,0.0,0.0,3.0,0.0,0.0,0.0,0.0,0.0,0.0,0.0,0.0
SFC-040SA2-16B-24B,2.0,0.0,0.0,0.0,0.0,0.0,0.0,0.0,0.0,0.0,0.0,0.0,0.0,0.0,0.0
SFC-040SA2-17B-17B,0.0,0.0,0.0,0.0,0.0,0.0,0.0,0.0,0.0,0.0,1.0,0.0,0.0,0.0,0.0
SFC-040SA2-17B-18B,0.0,0.0,0.0,0.0,0.0,2.0,0.0,0.0,0.0,0.0,0.0,0.0,0.0,0.0,0.0
SFC-040SA2-17B-19B,2.0,0.0,0.0,4.0,1.0,1.0,6.0,2.0,1.0,0.0,0.0,1.0,2.0,2.0,15.0
SFC-040SA2-17B-22B,0.0,0.0,1.0,0.0,1.0,4.0,0.0,0.0,1.0,1.0,0.0,2.0,0.0,0.0,0.0
SFC-040SA2-18B-11BC,0.0,3.0,6.0,2.0,2.0,0.0,0.0,0.0,2.0,3.0,10.0,3.0,10.0,0.0,3.0
SFC-040SA2-18B-18B,2.0,0.0,0.0,0.0,0.0,0.0,0.0,0.0,0.0,0.0,0.0,0.0,0.0,0.0,0.0
SFC-040SA2-18B-19B,0.0,0.0,0.0,0.0,0.0,2.0,0.0,0.0,3.0,0.0,2.0,2.0,0.0,5.0,32.0
SFC-040SA2-18B-22B,0.0,0.0,3.0,2.0,0.0,0.0,0.0,0.0,0.0,0.0,0.0,0.0,0.0,0.0,0.0
SFC-040SA2-19B-19B,2.0,0.0,0.0,0.0,0.0,0.0,1.0,2.0,0.0,0.0,0.0,0.0,0.0,0.0,0.0
SFC-040SA2-19B-20B,0.0,0.0,0.0,0.0,0.0,0.0,0.0,0.0,0.0,0.0,1.0,0.0,2.0,0.0,0.0
SFC-040SA2-8B-12B,6.0,0.0,0.0,0.0,0.0,4.0,0.0,0.0,0.0,0.0,0.0,0.0,0.0,0.0,1.0
SFC-040SA2-8B-14B,27.0,0.0,0.0,0.0,0.0,4.0,0.0,1.0,0.0,9.0,17.0,1.0,10.0,2.0,16.0
SFC-040SA2-8B-18B,1.0,0.0,0.0,0.0,0.0,0.0,0.0,0.0,0.0,0.0,0.0,0.0,2.0,0.0,0.0
SFC-040SA2-8B-19B,0.0,3.0,0.0,1.0,4.0,0.0,0.0,0.0,2.0,0.0,0.0,0.0,0.0,2.0,1.0
SFC-040SA2-8B-24B,0.0,0.0,0.0,0.0,0.0,0.0,0.0,0.0,2.0,0.0,0.0,0.0,0.0,0.0,0.0
SFC-040SA2-9B-9B,0.0,0.0,5.0,0.0,0.0,0.0,0.0,0.0,0.0,0.0,0.0,0.0,0.0,0.0,0.0
SFC-050DA2-10B-12B,3.0,4.0,1.0,14.0,0.0,8.0,1.0,20.0,3.0,0.0,4.0,0.0,0.0,0.0,0.0
SFC-050DA2-10B-12B L=64,0.0,0.0,0.0,0.0,0.0,0.0,0.0,1.0,0.0,0.0,0.0,0.0,0.0,0.0,0.0
SFC-050DA2-10B-14B,2.0,0.0,4.0,0.0,0.0,0.0,2.0,0.0,3.0,0.0,10.0,0.0,0.0,0.0,0.0
SFC-050DA2-10B-15B,0.0,0.0,0.0,0.0,0.0,0.0,0.0,0.0,0.0,0.0,0.0,0.0,0.0,4.0,0.0
SFC-050DA2-10B-19B,13.0,10.0,1.0,0.0,0.0,0.0,0.0,1.0,0.0,10.0,2.0,0.0,3.0,2.0,33.0
SFC-050DA2-10B-22B,1.0,0.0,0.0,0.0,0.0,0.0,0.0,0.0,0.0,0.0,0.0,0.0,0.0,0.0,1.0
SFC-050DA2-10B-30B,2.0,0.0,0.0,0.0,0.0,0.0,0.0,0.0,0.0,0.0,0.0,0.0,0.0,0.0,0.0
SFC-050DA2-10BH-20BH,0.0,0.0,1.0,0.0,0.0,0.0,0.0,0.0,0.0,0.0,0.0,0.0,0.0,0.0,0.0
SFC-050DA2-11B-19B,0.0,2.0,1.0,0.0,0.0,0.0,2.0,2.0,2.0,0.0,10.0,4.0,1.0,0.0,1.0
SFC-050DA2-12B-14B,0.0,2.0,0.0,0.0,0.0,0.0,0.0,0.0,1.0,1.0,0.0,1.0,0.0,3.0,0.0
SFC-050DA2-12B-15B L=64,0.0,0.0,0.0,0.0,0.0,0.0,0.0,1.0,0.0,0.0,0.0,0.0,0.0,0.0,0.0
SFC-050DA2-12B-16B,0.0,0.0,0.0,0.0,0.0,0.0,1.0,0.0,0.0,0.0,0.0,0.0,0.0,0.0,0.0
SFC-050DA2-12B-19B,27.0,51.0,42.0,0.0,66.0,21.0,11.0,88.0,40.0,74.0,51.0,116.0,58.0,6.0,167.0
SFC-050DA2-12B-19K,0.0,0.0,0.0,0.0,0.0,0.0,0.0,0.0,2.0,0.0,4.0,0.0,0.0,0.0,12.0
SFC-050DA2-12B-20B,0.0,0.0,0.0,0.0,0.0,0.0,0.0,0.0,0.0,0.0,0.0,3.0,0.0,0.0,0.0
SFC-050DA2-12B-22B,10.0,4.0,12.0,15.0,5.0,7.0,0.0,15.0,15.0,0.0,3.0,0.0,0.0,0.0,0.0
SFC-050DA2-12B-24B,0.0,0.0,0.0,0.0,3.0,2.0,1.0,0.0,5.0,5.0,6.0,0.0,0.0,1.0,0.0
SFC-050DA2-12B-25B,0.0,0.0,0.0,4.0,0.0,0.0,4.0,0.0,0.0,0.0,0.0,0.0,0.0,0.0,0.0
SFC-050DA2-12B-28B,0.0,0.0,0.0,3.0,0.0,0.0,0.0,0.0,0.0,0.0,0.0,0.0,0.0,0.0,0.0
SFC-050DA2-12B-30B,0.0,0.0,0.0,0.0,0.0,0.0,0.0,0.0,0.0,0.0,0.0,1.0,1.0,0.0,0.0
SFC-050DA2-12BH-19BH,0.0,0.0,0.0,0.0,0.0,0.0,0.0,0.0,0.0,0.0,0.0,0.0,8.0,0.0,0.0
SFC-050DA2-12BH-24BH,0.0,0.0,0.0,0.0,0.0,0.0,0.0,12.0,0.0,0.0,0.0,0.0,0.0,0.0,0.0
SFC-050DA2-12BJ-25BJ,0.0,0.0,0.0,0.0,0.0,4.0,0.0,0.0,2.0,0.0,0.0,0.0,0.0,0.0,0.0
SFC-050DA2-13B-13B,0.0,0.0,0.0,0.0,0.0,0.0,0.0,0.0,0.0,0.0,1.0,0.0,0.0,0.0,0.0
SFC-050DA2-13B-14B,0.0,0.0,0.0,0.0,0.0,2.0,0.0,0.0,0.0,0.0,0.0,0.0,0.0,0.0,0.0
SFC-050DA2-13B-24B,0.0,0.0,0.0,0.0,0.0,4.0,0.0,4.0,0.0,0.0,0.0,0.0,0.0,0.0,4.0
SFC-050DA2-14B-14B,0.0,1.0,0.0,2.0,3.0,1.0,0.0,0.0,2.0,1.0,1.0,5.0,3.0,0.0,1.0
SFC-050DA2-14B-15B,0.0,0.0,0.0,10.0,0.0,0.0,1.0,14.0,4.0,3.0,1.0,2.0,2.0,2.0,0.0
SFC-050DA2-14B-16B,0.0,0.0,0.0,0.0,0.0,0.0,0.0,0.0,0.0,0.0,0.0,0.0,0.0,20.0,0.0
SFC-050DA2-14B-17B,0.0,0.0,2.0,0.0,0.0,2.0,1.0,0.0,0.0,1.0,0.0,0.0,10.0,11.0,12.0
SFC-050DA2-14B-18B,100.0,0.0,0.0,0.0,51.0,70.0,0.0,80.0,1.0,140.0,0.0,0.0,100.0,0.0,0.0
SFC-050DA2-14B-18B L=74,7.0,0.0,0.0,0.0,0.0,0.0,0.0,0.0,0.0,0.0,0.0,0.0,0.0,0.0,0.0
SFC-050DA2-14B-19B,1.0,0.0,0.0,2.0,0.0,2.0,4.0,0.0,5.0,10.0,12.0,10.0,1.0,1.0,1.0
SFC-050DA2-14B-19J,0.0,0.0,0.0,0.0,0.0,0.0,0.0,0.0,0.0,0.0,0.0,0.0,0.0,0.0,2.0
SFC-050DA2-14B-20B,2.0,0.0,0.0,0.0,0.0,1.0,7.0,2.0,0.0,0.0,2.0,1.0,0.0,2.0,0.0
SFC-050DA2-14B-22B,0.0,0.0,0.0,0.0,0.0,0.0,1.0,0.0,0.0,0.0,0.0,8.0,0.0,0.0,0.0
SFC-050DA2-14B-24B,0.0,0.0,0.0,0.0,2.0,0.0,0.0,0.0,0.0,0.0,0.0,0.0,3.0,0.0,0.0
SFC-050DA2-14B-25BH,0.0,0.0,0.0,0.0,0.0,0.0,0.0,0.0,0.0,0.0,0.0,1.0,0.0,0.0,0.0
SFC-050DA2-14B-28B,0.0,0.0,0.0,0.0,0.0,0.0,1.0,0.0,0.0,0.0,0.0,0.0,0.0,0.0,0.0
SFC-050DA2-14BH-22BH,0.0,0.0,0.0,0.0,0.0,0.0,0.0,0.0,0.0,0.0,0.0,0.0,15.0,0.0,0.0
SFC-050DA2-15B-15B,0.0,2.0,1.0,0.0,1.0,4.0,1.0,1.0,1.0,0.0,0.0,0.0,0.0,1.0,1.0
SFC-050DA2-15B-19B,3.0,6.0,0.0,2.0,4.0,5.0,20.0,17.0,1.0,13.0,56.0,50.0,6.0,16.0,9.0
SFC-050DA2-15B-19K,0.0,119.0,0.0,0.0,0.0,0.0,0.0,0.0,0.0,0.0,0.0,0.0,0.0,10.0,50.0
SFC-050DA2-15B-20B,0.0,0.0,2.0,0.0,0.0,0.0,0.0,0.0,0.0,0.0,0.0,0.0,0.0,0.0,0.0
SFC-050DA2-15B-20BH,0.0,0.0,0.0,0.0,0.0,0.0,0.0,0.0,0.0,0.0,1.0,0.0,0.0,0.0,0.0
SFC-050DA2-15B-22B,2.0,48.0,0.0,10.0,0.0,15.0,2.0,0.0,3.0,4.0,0.0,7.0,0.0,0.0,0.0
SFC-050DA2-15B-24B,4.0,3.0,0.0,4.0,0.0,0.0,0.0,0.0,2.0,1.0,14.0,7.0,0.0,0.0,3.0
SFC-050DA2-15B-25B,0.0,0.0,1.0,0.0,0.0,0.0,1.0,0.0,1.0,0.0,0.0,0.0,0.0,0.0,0.0
SFC-050DA2-15B-30B,2.0,0.0,2.0,0.0,1.0,0.0,0.0,0.0,0.0,0.0,0.0,1.0,0.0,0.0,0.0
SFC-050DA2-15BH-18BH L=63,0.0,0.0,0.0,0.0,0.0,0.0,2.0,1.0,0.0,0.0,0.0,0.0,0.0,0.0,0.0
SFC-050DA2-15BH-19BH,0.0,0.0,0.0,0.0,0.0,2.0,0.0,0.0,0.0,0.0,0.0,0.0,0.0,0.0,0.0
SFC-050DA2-15BH-22BH,0.0,0.0,0.0,3.0,0.0,0.0,0.0,0.0,0.0,0.0,0.0,0.0,0.0,0.0,0.0
SFC-050DA2-15BH-24BH,0.0,4.0,0.0,0.0,0.0,0.0,11.0,5.0,10.0,0.0,0.0,0.0,0.0,0.0,3.0
SFC-050DA2-16B-16B,6.0,10.0,9.0,0.0,6.0,0.0,4.0,0.0,0.0,3.0,5.0,0.0,15.0,0.0,0.0
SFC-050DA2-16B-19B,73.0,20.0,20.0,22.0,122.0,1.0,12.0,12.0,61.0,20.0,80.0,0.0,36.0,0.0,5.0
SFC-050DA2-16B-19K,0.0,0.0,0.0,0.0,0.0,0.0,0.0,0.0,0.0,0.0,0.0,0.0,0.0,0.0,2.0
SFC-050DA2-16B-20B,0.0,0.0,0.0,0.0,1.0,0.0,0.0,2.0,0.0,0.0,8.0,0.0,0.0,0.0,0.0
SFC-050DA2-16B-22B,0.0,5.0,0.0,0.0,0.0,52.0,2.0,0.0,0.0,0.0,55.0,0.0,0.0,0.0,0.0
SFC-050DA2-16B-24B,8.0,0.0,0.0,7.0,0.0,0.0,0.0,0.0,16.0,0.0,0.0,20.0,14.0,0.0,0.0
SFC-050DA2-16B-24B L=80,0.0,0.0,30.0,50.0,80.0,0.0,0.0,0.0,5.0,0.0,0.0,0.0,0.0,0.0,0.0
SFC-050DA2-16B-25B,0.0,0.0,2.0,0.0,0.0,0.0,0.0,0.0,1.0,1.0,0.0,2.0,0.0,3.0,0.0
SFC-050DA2-16B-28B,0.0,0.0,0.0,0.0,0.0,0.0,1.0,0.0,1.0,0.0,0.0,0.0,0.0,0.0,0.0
SFC-050DA2-16BH-16BH,0.0,0.0,0.0,0.0,0.0,3.0,0.0,0.0,0.0,0.0,0.0,0.0,0.0,0.0,0.0
SFC-050DA2-16BH-19BH,0.0,0.0,0.0,0.0,0.0,0.0,0.0,0.0,0.0,0.0,0.0,0.0,0.0,0.0,1.0
SFC-050DA2-16BH-22BH,0.0,0.0,0.0,0.0,0.0,0.0,0.0,0.0,0.0,0.0,0.0,0.0,0.0,0.0,1.0
SFC-050DA2-16BH-30B,0.0,0.0,0.0,0.0,0.0,0.0,0.0,0.0,0.0,0.0,0.0,2.0,0.0,0.0,0.0
SFC-050DA2-16BJ-20BJ,0.0,0.0,0.0,0.0,0.0,0.0,0.0,0.0,0.0,1.0,0.0,0.0,0.0,0.0,0.0
SFC-050DA2-16K-19B,0.0,0.0,0.0,6.0,0.0,0.0,0.0,0.0,0.0,0.0,0.0,0.0,0.0,0.0,0.0
SFC-050DA2-17B-17B,2.0,0.0,0.0,0.0,0.0,0.0,0.0,0.0,0.0,1.0,0.0,0.0,0.0,0.0,0.0
SFC-050DA2-17B-19B,7.0,85.0,72.0,29.0,94.0,55.0,38.0,8.0,41.0,114.0,19.0,135.0,124.0,8.0,121.0
SFC-050DA2-17B-19K,0.0,0.0,0.0,0.0,0.0,0.0,0.0,0.0,12.0,0.0,0.0,0.0,0.0,0.0,0.0
SFC-050DA2-17B-22B,0.0,20.0,0.0,20.0,0.0,0.0,26.0,2.0,129.0,5.0,0.0,101.0,82.0,32.0,56.0
SFC-050DA2-17B-24B,103.0,0.0,0.0,0.0,2.0,8.0,0.0,107.0,0.0,100.0,1.0,202.0,0.0,0.0,0.0
SFC-050DA2-17B-24BH,0.0,0.0,0.0,0.0,0.0,0.0,0.0,0.0,4.0,0.0,0.0,0.0,0.0,0.0,0.0
SFC-050DA2-17BH-19BH,0.0,0.0,0.0,0.0,0.0,0.0,0.0,2.0,8.0,0.0,0.0,0.0,0.0,0.0,0.0
SFC-050DA2-17BH-24BH,0.0,0.0,0.0,0.0,0.0,0.0,0.0,0.0,8.0,0.0,0.0,0.0,0.0,0.0,0.0
SFC-050DA2-17BH-25BH,0.0,0.0,0.0,1.0,0.0,0.0,0.0,0.0,0.0,0.0,0.0,0.0,0.0,0.0,0.0
SFC-050DA2-17BJ-25BJ,0.0,0.0,0.0,0.0,0.0,4.0,0.0,0.0,0.0,0.0,0.0,0.0,0.0,4.0,0.0
SFC-050DA2-18B-18B,0.0,50.0,0.0,25.0,38.0,17.0,10.0,0.0,4.0,52.0,1.0,15.0,30.0,1.0,51.0
SFC-050DA2-18B-19B,99.0,25.0,10.0,40.0,0.0,30.0,0.0,0.0,1.0,26.0,53.0,10.0,7.0,101.0,20.0
SFC-050DA2-18B-19B L=60,0.0,0.0,0.0,2.0,0.0,0.0,0.0,0.0,0.0,0.0,0.0,0.0,0.0,0.0,0.0
SFC-050DA2-18B-20B,0.0,6.0,0.0,6.0,0.0,0.0,0.0,0.0,0.0,0.0,0.0,0.0,0.0,0.0,0.0
SFC-050DA2-18B-20K,0.0,0.0,0.0,0.0,0.0,0.0,0.0,0.0,0.0,0.0,2.0,0.0,0.0,0.0,0.0
SFC-050DA2-18B-22B,0.0,0.0,49.0,0.0,0.0,60.0,5.0,0.0,2.0,0.0,50.0,0.0,0.0,0.0,0.0
SFC-050DA2-18B-24B,0.0,26.0,0.0,0.0,0.0,0.0,0.0,0.0,6.0,0.0,0.0,20.0,0.0,1.0,0.0
SFC-050DA2-18B-24K,2.0,4.0,0.0,0.0,0.0,0.0,0.0,0.0,0.0,0.0,0.0,0.0,0.0,0.0,0.0
SFC-050DA2-18BH-18BH,0.0,0.0,0.0,0.0,0.0,0.0,0.0,0.0,0.0,0.0,0.0,0.0,0.0,0.0,8.0
SFC-050DA2-18BH-19BH,0.0,0.0,0.0,0.0,0.0,0.0,0.0,0.0,0.0,0.0,0.0,0.0,0.0,0.0,1.0
SFC-050DA2-18BH-22BH,0.0,9.0,0.0,0.0,0.0,0.0,0.0,0.0,0.0,0.0,1.0,0.0,0.0,0.0,0.0
SFC-050DA2-19B-19B,4.0,19.0,17.0,3.0,4.0,1.0,50.0,2.0,39.0,11.0,7.0,25.0,27.0,0.0,26.0
SFC-050DA2-19B-20B,0.0,7.0,1.0,14.0,3.0,7.0,19.0,5.0,8.0,6.0,0.0,20.0,0.0,41.0,10.0
SFC-050DA2-19B-22B,2.0,0.0,1.0,4.0,2.0,0.0,2.0,4.0,6.0,18.0,4.0,20.0,0.0,0.0,0.0
SFC-050DA2-19B-22B L=80,0.0,0.0,0.0,0.0,0.0,0.0,0.0,0.0,0.0,0.0,2.0,0.0,0.0,0.0,0.0
SFC-050DA2-19B-24B,7.0,5.0,0.0,0.0,1.0,10.0,4.0,3.0,10.0,0.0,1.0,2.0,1.0,5.0,18.0
SFC-050DA2-19B-25B,2.0,10.0,0.0,0.0,0.0,5.0,1.0,6.0,2.0,10.0,2.0,0.0,4.0,1.0,1.0
SFC-050DA2-19BH-20BH,0.0,0.0,0.0,0.0,0.0,0.0,0.0,2.0,0.0,0.0,0.0,0.0,0.0,0.0,0.0
SFC-050DA2-19K-20B,5.0,0.0,0.0,2.0,0.0,0.0,0.0,0.0,0.0,0.0,0.0,0.0,0.0,0.0,0.0
SFC-050DA2-19K-22B,0.0,0.0,0.0,0.0,0.0,0.0,0.0,0.0,0.0,0.0,0.0,0.0,0.0,0.0,3.0
SFC-050DA2-19K-30K,0.0,0.0,0.0,0.0,0.0,0.0,0.0,0.0,0.0,0.0,0.0,0.0,0.0,5.0,0.0
SFC-050DA2-20B-20B,0.0,10.0,0.0,0.0,0.0,0.0,0.0,0.0,3.0,0.0,0.0,0.0,3.0,9.0,0.0
SFC-050DA2-20B-20K,0.0,0.0,0.0,0.0,0.0,0.0,0.0,0.0,0.0,0.0,8.0,0.0,0.0,0.0,0.0
SFC-050DA2-20B-22B,2.0,12.0,3.0,37.0,57.0,20.0,70.0,68.0,21.0,103.0,4.0,7.0,1.0,16.0,47.0
SFC-050DA2-20B-24B,9.0,4.0,7.0,14.0,0.0,41.0,0.0,53.0,33.0,2.0,0.0,30.0,30.0,0.0,16.0
SFC-050DA2-20B-25B,0.0,0.0,0.0,2.0,3.0,0.0,0.0,0.0,0.0,0.0,0.0,0.0,0.0,0.0,0.0
SFC-050DA2-20B-28B,0.0,0.0,0.0,0.0,2.0,0.0,0.0,0.0,0.0,0.0,0.0,0.0,0.0,0.0,0.0
SFC-050DA2-20B-29B,0.0,0.0,0.0,0.0,0.0,0.0,0.0,1.0,0.0,0.0,0.0,0.0,0.0,0.0,0.0
SFC-050DA2-20B-30B,0.0,2.0,0.0,0.0,0.0,0.0,0.0,0.0,0.0,0.0,0.0,1.0,0.0,0.0,0.0
SFC-050DA2-20BH-22BH,0.0,0.0,2.0,0.0,0.0,0.0,0.0,0.0,0.0,0.0,1.0,1.0,2.0,0.0,0.0
SFC-050DA2-20BH-24BH,1.0,0.0,0.0,0.0,0.0,0.0,0.0,0.0,0.0,0.0,0.0,0.0,0.0,0.0,0.0
SFC-050DA2-22B-22B,2.0,0.0,0.0,30.0,0.0,2.0,33.0,10.0,34.0,24.0,30.0,101.0,20.0,30.0,44.0
SFC-050DA2-22B-24B,22.0,36.0,0.0,40.0,0.0,50.0,3.0,18.0,25.0,40.0,60.0,34.0,0.0,20.0,15.0
SFC-050DA2-22B-24K,0.0,0.0,0.0,0.0,0.0,0.0,0.0,0.0,0.0,0.0,0.0,0.0,30.0,0.0,0.0
SFC-050DA2-22B-25B,0.0,0.0,0.0,3.0,0.0,2.0,0.0,0.0,0.0,0.0,0.0,0.0,0.0,0.0,0.0
SFC-050DA2-22B-28B,0.0,0.0,0.0,0.0,0.0,0.0,0.0,0.0,0.0,0.0,3.0,22.0,0.0,0.0,1.0
SFC-050DA2-22B-30B,0.0,0.0,0.0,0.0,0.0,0.0,1.0,0.0,0.0,0.0,0.0,0.0,0.0,0.0,0.0
SFC-050DA2-22BH-22BH,0.0,0.0,0.0,0.0,0.0,0.0,1.0,0.0,0.0,0.0,0.0,0.0,0.0,0.0,4.0
SFC-050DA2-22BH-24BH,0.0,0.0,0.0,0.0,0.0,0.0,0.0,0.0,0.0,0.0,0.0,0.0,0.0,0.0,2.0
SFC-050DA2-22BH-25BH,0.0,6.0,0.0,0.0,0.0,0.0,0.0,0.0,2.0,0.0,2.0,0.0,0.0,0.0,0.0
SFC-050DA2-24B-24B,4.0,8.0,2.0,0.0,66.0,0.0,7.0,0.0,24.0,1.0,26.0,114.0,0.0,0.0,3.0
SFC-050DA2-24B-24K,3.0,1.0,1.0,0.0,0.0,13.0,0.0,0.0,0.0,0.0,2.0,0.0,0.0,0.0,2.0
SFC-050DA2-24B-25B,0.0,4.0,2.0,0.0,0.0,0.0,15.0,0.0,6.0,40.0,1.0,0.0,9.0,1.0,2.0
SFC-050DA2-24B-28B,0.0,0.0,0.0,0.0,0.0,0.0,0.0,0.0,0.0,0.0,10.0,0.0,0.0,0.0,0.0
SFC-050DA2-24B-30B,0.0,0.0,1.0,0.0,0.0,0.0,0.0,0.0,0.0,0.0,0.0,0.0,0.0,0.0,0.0
SFC-050DA2-24BH-28BH,0.0,0.0,0.0,0.0,0.0,0.0,0.0,0.0,4.0,0.0,0.0,0.0,0.0,0.0,0.0
SFC-050DA2-24K-24K,0.0,0.0,0.0,0.0,0.0,0.0,0.0,0.0,0.0,0.0,0.0,0.0,0.0,4.0,0.0
SFC-050DA2-25B-25B,0.0,0.0,3.0,0.0,0.0,0.0,0.0,3.0,0.0,0.0,0.0,0.0,0.0,2.0,0.0
SFC-050DA2-8B-14B,0.0,3.0,0.0,0.0,0.0,0.0,0.0,0.0,0.0,0.0,0.0,0.0,0.0,0.0,0.0
SFC-050DA2-9B-12B,0.0,0.0,0.0,0.0,0.0,0.0,0.0,0.0,0.0,0.0,0.0,0.0,1.0,0.0,0.0
SFC-050DA2-T348,100.0,0.0,0.0,0.0,0.0,0.0,0.0,0.0,50.0,0.0,0.0,0.0,0.0,0.0,0.0
SFC-050SA2-10B-10B,0.0,0.0,0.0,0.0,0.0,0.0,0.0,0.0,0.0,1.0,0.0,0.0,0.0,0.0,0.0
SFC-050SA2-10B-11B,0.0,3.0,0.0,4.0,2.0,0.0,2.0,0.0,0.0,2.0,13.0,3.0,0.0,10.0,3.0
SFC-050SA2-10B-12B,1.0,2.0,0.0,0.0,0.0,0.0,0.0,0.0,0.0,0.0,0.0,0.0,0.0,0.0,0.0
SFC-050SA2-10B-12BJ,0.0,0.0,2.0,0.0,0.0,0.0,0.0,0.0,0.0,0.0,0.0,0.0,0.0,0.0,0.0
SFC-050SA2-10B-14B,0.0,0.0,0.0,0.0,2.0,0.0,4.0,0.0,0.0,0.0,0.0,0.0,0.0,0.0,0.0
SFC-050SA2-10B-15B,0.0,0.0,0.0,0.0,0.0,0.0,0.0,0.0,0.0,0.0,6.0,0.0,0.0,0.0,4.0
SFC-050SA2-10B-16B,13.0,0.0,3.0,3.0,1.0,10.0,0.0,12.0,0.0,0.0,0.0,0.0,0.0,0.0,0.0
SFC-050SA2-10B-18BH,0.0,1.0,0.0,0.0,0.0,0.0,0.0,0.0,0.0,0.0,0.0,0.0,0.0,0.0,0.0
SFC-050SA2-10B-19B,0.0,0.0,0.0,10.0,0.0,0.0,20.0,4.0,0.0,0.0,0.0,0.0,0.0,0.0,0.0
SFC-050SA2-10B-22B,0.0,0.0,0.0,0.0,0.0,0.0,0.0,0.0,0.0,5.0,0.0,0.0,0.0,0.0,0.0
SFC-050SA2-11B-11BC,0.0,3.0,0.0,6.0,2.0,0.0,2.0,0.0,0.0,2.0,13.0,3.0,0.0,10.0,3.0
SFC-050SA2-11B-14B,1.0,0.0,0.0,0.0,0.0,0.0,0.0,0.0,0.0,0.0,0.0,0.0,0.0,0.0,0.0
SFC-050SA2-12B-12B,0.0,1.0,1.0,0.0,0.0,0.0,6.0,0.0,1.0,0.0,0.0,0.0,0.0,0.0,0.0
SFC-050SA2-12B-14B,100.0,0.0,54.0,50.0,100.0,50.0,40.0,110.0,0.0,100.0,1.0,221.0,200.0,0.0,2.0
SFC-050SA2-12B-15B,0.0,0.0,0.0,0.0,0.0,0.0,0.0,0.0,0.0,0.0,1.0,0.0,0.0,0.0,0.0
SFC-050SA2-12B-16B,0.0,0.0,1.0,100.0,166.0,100.0,120.0,100.0,150.0,226.0,150.0,563.0,0.0,260.0,341.0
SFC-050SA2-12B-19B,2.0,12.0,8.0,0.0,17.0,0.0,29.0,7.0,120.0,14.0,0.0,10.0,131.0,0.0,76.0
SFC-050SA2-12B-20B,0.0,0.0,0.0,0.0,0.0,0.0,5.0,0.0,0.0,0.0,0.0,0.0,0.0,0.0,0.0
SFC-050SA2-12B-22B,0.0,0.0,0.0,0.0,0.0,0.0,0.0,0.0,0.0,0.0,0.0,3.0,0.0,0.0,0.0
SFC-050SA2-12B-28B,0.0,0.0,1.0,0.0,0.0,0.0,0.0,0.0,0.0,0.0,0.0,0.0,0.0,0.0,0.0
SFC-050SA2-12BH-16BH,0.0,0.0,0.0,0.0,0.0,0.0,0.0,1.0,0.0,0.0,0.0,0.0,0.0,0.0,0.0
SFC-050SA2-12BH-24B,0.0,0.0,0.0,0.0,0.0,0.0,0.0,0.0,0.0,0.0,0.0,1.0,0.0,0.0,0.0
SFC-050SA2-12BJ-12BJ,0.0,0.0,2.0,0.0,0.0,0.0,0.0,0.0,0.0,0.0,0.0,0.0,0.0,0.0,0.0
SFC-050SA2-14B-14B,130.0,100.0,0.0,5.0,0.0,61.0,1.0,120.0,0.0,0.0,104.0,100.0,50.0,0.0,0.0
SFC-050SA2-14B-15B,5.0,1.0,16.0,0.0,0.0,26.0,0.0,0.0,15.0,5.0,2.0,40.0,20.0,30.0,30.0
SFC-050SA2-14B-16B,1.0,1.0,26.0,0.0,50.0,6.0,1.0,3.0,0.0,0.0,55.0,11.0,0.0,0.0,3.0
SFC-050SA2-14B-17B,5.0,0.0,15.0,0.0,0.0,10.0,0.0,0.0,0.0,0.0,0.0,0.0,0.0,30.0,0.0
SFC-050SA2-14B-18B,0.0,10.0,0.0,48.0,0.0,0.0,0.0,0.0,2.0,0.0,32.0,0.0,0.0,0.0,0.0
SFC-050SA2-14B-19B,10.0,10.0,15.0,0.0,20.0,0.0,0.0,20.0,0.0,0.0,0.0,0.0,22.0,1.0,2.0
SFC-050SA2-14B-22B,5.0,15.0,0.0,0.0,0.0,0.0,0.0,0.0,5.0,0.0,4.0,0.0,0.0,10.0,5.0
SFC-050SA2-14B-24B,0.0,0.0,0.0,0.0,0.0,50.0,6.0,8.0,0.0,50.0,0.0,50.0,205.0,100.0,0.0
SFC-050SA2-14BH-16B,0.0,0.0,0.0,0.0,0.0,0.0,0.0,0.0,0.0,0.0,1.0,1.0,0.0,1.0,0.0
SFC-050SA2-14K-15B,0.0,0.0,0.0,0.0,0.0,0.0,0.0,0.0,0.0,1.0,0.0,0.0,0.0,0.0,0.0
SFC-050SA2-14K-17B,0.0,0.0,0.0,0.0,0.0,0.0,0.0,0.0,0.0,0.0,0.0,0.0,0.0,0.0,2.0
SFC-050SA2-15B-15B,0.0,0.0,0.0,2.0,0.0,0.0,0.0,0.0,3.0,0.0,0.0,0.0,1.0,0.0,0.0
SFC-050SA2-15B-16B,0.0,0.0,0.0,0.0,0.0,2.0,0.0,0.0,0.0,0.0,4.0,0.0,0.0,0.0,20.0
SFC-050SA2-15B-18B,0.0,0.0,11.0,0.0,0.0,0.0,0.0,0.0,0.0,0.0,0.0,0.0,0.0,1.0,0.0
SFC-050SA2-15B-19B,10.0,14.0,1.0,0.0,0.0,1.0,0.0,1.0,0.0,3.0,0.0,10.0,10.0,2.0,1.0
SFC-050SA2-15B-19K,1.0,0.0,0.0,0.0,2.0,0.0,0.0,0.0,0.0,0.0,0.0,2.0,0.0,0.0,0.0
SFC-050SA2-15B-20B,2.0,0.0,0.0,0.0,0.0,0.0,0.0,0.0,1.0,0.0,0.0,0.0,0.0,0.0,0.0
SFC-050SA2-15B-22B,0.0,0.0,1.0,0.0,0.0,0.0,0.0,0.0,0.0,0.0,0.0,0.0,0.0,0.0,0.0
SFC-050SA2-15B-24B,1.0,0.0,0.0,0.0,0.0,1.0,0.0,0.0,0.0,3.0,0.0,3.0,1.0,3.0,0.0
SFC-050SA2-15B-25B,0.0,0.0,0.0,0.0,0.0,0.0,0.0,0.0,0.0,0.0,0.0,0.0,1.0,0.0,0.0
SFC-050SA2-15BH-16BH,0.0,0.0,0.0,3.0,2.0,2.0,0.0,0.0,0.0,0.0,0.0,0.0,0.0,0.0,1.0
SFC-050SA2-15BH-22BH,0.0,0.0,1.0,0.0,0.0,0.0,0.0,0.0,0.0,0.0,10.0,0.0,0.0,0.0,8.0
SFC-050SA2-16B-11BC,490.0,0.0,100.0,40.0,210.0,280.0,170.0,70.0,430.0,220.0,170.0,310.0,160.0,320.0,240.0
SFC-050SA2-16B-14BC,735.0,0.0,100.0,60.0,365.0,425.0,255.0,105.0,645.0,330.0,255.0,465.0,240.0,480.0,0.0
SFC-050SA2-16B-16B,311.0,12.0,14.0,2.0,17.0,41.0,8.0,504.0,105.0,6.0,269.0,53.0,51.0,2.0,0.0
SFC-050SA2-16B-16BC,0.0,0.0,0.0,0.0,0.0,0.0,8.0,0.0,0.0,16.0,0.0,0.0,0.0,0.0,0.0
SFC-050SA2-16B-17B,0.0,0.0,0.0,6.0,6.0,12.0,3.0,0.0,12.0,0.0,0.0,3.0,22.0,0.0,0.0
SFC-050SA2-16B-18B,0.0,4.0,2.0,0.0,0.0,0.0,0.0,0.0,0.0,0.0,0.0,0.0,0.0,0.0,0.0
SFC-050SA2-16B-19B,17.0,0.0,32.0,6.0,8.0,17.0,40.0,12.0,0.0,20.0,43.0,60.0,4.0,10.0,21.0
SFC-050SA2-16B-20B,3.0,7.0,11.0,12.0,0.0,3.0,6.0,2.0,7.0,0.0,2.0,6.0,2.0,0.0,0.0
SFC-050SA2-16B-22B,10.0,5.0,5.0,0.0,20.0,17.0,0.0,20.0,6.0,1.0,56.0,6.0,13.0,74.0,0.0
SFC-050SA2-16B-22BH,0.0,0.0,0.0,0.0,0.0,0.0,0.0,0.0,0.0,0.0,0.0,0.0,0.0,0.0,4.0
SFC-050SA2-16B-24B,354.0,185.0,478.0,100.0,200.0,75.0,80.0,50.0,350.0,102.0,275.0,725.0,202.0,325.0,0.0
SFC-050SA2-16B-24BH,0.0,0.0,0.0,2.0,0.0,0.0,0.0,0.0,0.0,0.0,0.0,0.0,0.0,0.0,0.0
SFC-050SA2-16BH-16BH,0.0,0.0,0.0,5.0,2.0,3.0,0.0,0.0,1.0,1.0,0.0,0.0,0.0,0.0,0.0
SFC-050SA2-16BH-17BH,0.0,0.0,0.0,0.0,0.0,0.0,0.0,0.0,0.0,0.0,0.0,0.0,0.0,0.0,2.0
SFC-050SA2-16BH-20B,0.0,0.0,0.0,0.0,0.0,1.0,0.0,0.0,0.0,0.0,0.0,0.0,0.0,0.0,0.0
SFC-050SA2-16BH-20BH,9.0,0.0,5.0,8.0,1.0,0.0,0.0,3.0,1.0,3.0,10.0,7.0,5.0,1.0,0.0
SFC-050SA2-16BH-22BH,8.0,0.0,0.0,0.0,0.0,0.0,0.0,0.0,0.0,0.0,0.0,0.0,0.0,0.0,0.0
SFC-050SA2-17B-19B,102.0,34.0,142.0,0.0,0.0,0.0,124.0,201.0,633.0,167.0,84.0,1.0,112.0,203.0,200.0
SFC-050SA2-17B-20B,0.0,0.0,0.0,0.0,0.0,0.0,2.0,0.0,0.0,0.0,0.0,0.0,4.0,0.0,0.0
SFC-050SA2-17B-22B,0.0,0.0,52.0,0.0,0.0,6.0,75.0,100.0,2.0,105.0,0.0,100.0,14.0,0.0,0.0
SFC-050SA2-17B-24B,11.0,10.0,0.0,11.0,59.0,10.0,28.0,24.0,160.0,10.0,10.0,60.0,0.0,0.0,181.0
SFC-050SA2-17B-24BH,0.0,0.0,0.0,0.0,0.0,1.0,11.0,0.0,0.0,0.0,0.0,0.0,2.0,0.0,10.0
SFC-050SA2-17B-25B,0.0,0.0,0.0,5.0,0.0,0.0,2.0,0.0,0.0,0.0,0.0,8.0,4.0,0.0,0.0
SFC-050SA2-17BH-19BH,0.0,0.0,0.0,0.0,0.0,0.0,0.0,0.0,0.0,0.0,0.0,0.0,0.0,0.0,4.0
SFC-050SA2-17BH（6)-24BH,0.0,0.0,3.0,0.0,0.0,0.0,0.0,0.0,0.0,0.0,0.0,0.0,0.0,0.0,0.0
SFC-050SA2-18B-18B,20.0,0.0,0.0,21.0,0.0,0.0,1.0,1.0,20.0,0.0,2.0,0.0,0.0,20.0,0.0
SFC-050SA2-18B-19B,0.0,305.0,510.0,0.0,202.0,201.0,164.0,343.0,184.0,102.0,111.0,102.0,370.0,160.0,391.0
SFC-050SA2-18B-20B,0.0,0.0,0.0,0.0,0.0,4.0,0.0,0.0,2.0,0.0,0.0,0.0,0.0,0.0,0.0
SFC-050SA2-18B-22B,0.0,0.0,0.0,8.0,2.0,10.0,0.0,0.0,0.0,0.0,0.0,3.0,0.0,0.0,0.0
SFC-050SA2-18B-22K,4.0,0.0,0.0,0.0,0.0,0.0,0.0,0.0,0.0,1.0,0.0,2.0,2.0,0.0,1.0
SFC-050SA2-18B-24B,2.0,1.0,3.0,8.0,22.0,0.0,0.0,1.0,26.0,0.0,0.0,7.0,0.0,1.0,30.0
SFC-050SA2-18B-25B,0.0,0.0,0.0,0.0,0.0,0.0,0.0,0.0,0.0,0.0,0.0,1.0,0.0,0.0,0.0
SFC-050SA2-18B-28B,0.0,0.0,1.0,0.0,0.0,0.0,0.0,0.0,0.0,0.0,0.0,1.0,0.0,0.0,0.0
SFC-050SA2-18BH-28BH,0.0,1.0,0.0,0.0,0.0,0.0,0.0,0.0,0.0,0.0,0.0,0.0,0.0,0.0,0.0
SFC-050SA2-19B-19B,20.0,52.0,37.0,13.0,56.0,10.0,74.0,71.0,24.0,0.0,15.0,115.0,7.0,14.0,8.0
SFC-050SA2-19B-19BH,0.0,0.0,0.0,0.0,2.0,0.0,0.0,0.0,0.0,0.0,0.0,0.0,0.0,0.0,0.0
SFC-050SA2-19B-20B,177.0,14.0,1.0,8.0,5.0,11.0,3.0,22.0,2.0,106.0,13.0,101.0,8.0,4.0,31.0
SFC-050SA2-19B-22B,30.0,0.0,50.0,0.0,2.0,0.0,50.0,0.0,16.0,50.0,103.0,100.0,4.0,0.0,0.0
SFC-050SA2-19B-24B,0.0,0.0,0.0,0.0,0.0,4.0,2.0,0.0,6.0,4.0,0.0,10.0,2.0,0.0,0.0
SFC-050SA2-19B-25B,0.0,68.0,20.0,26.0,23.0,16.0,38.0,18.0,26.0,12.0,32.0,2.0,47.0,0.0,18.0
SFC-050SA2-19BH-20BH,0.0,0.0,0.0,0.0,0.0,0.0,0.0,0.0,0.0,2.0,0.0,0.0,0.0,2.0,0.0
SFC-050SA2-19BJ-25BJ,0.0,0.0,0.0,0.0,0.0,0.0,0.0,2.0,2.0,3.0,0.0,2.0,1.0,0.0,0.0
SFC-050SA2-20B-20B,21.0,0.0,6.0,12.0,0.0,3.0,3.0,1.0,11.0,10.0,8.0,14.0,11.0,0.0,2.0
SFC-050SA2-20B-20BH,0.0,0.0,0.0,0.0,0.0,1.0,0.0,0.0,0.0,0.0,0.0,0.0,0.0,0.0,0.0
SFC-050SA2-20B-22B,3.0,0.0,2.0,5.0,11.0,5.0,10.0,5.0,28.0,14.0,10.0,6.0,8.0,0.0,46.0
SFC-050SA2-20B-24B,0.0,1.0,0.0,1.0,0.0,2.0,10.0,0.0,2.0,0.0,0.0,6.0,6.0,3.0,28.0
SFC-050SA2-20B-28B,0.0,0.0,0.0,0.0,0.0,0.0,0.0,0.0,0.0,18.0,0.0,0.0,0.0,0.0,0.0
SFC-050SA2-20BH-20BH,10.0,0.0,5.0,8.0,1.0,0.0,0.0,2.0,1.0,8.0,7.0,7.0,5.0,3.0,0.0
SFC-050SA2-22B-22B,2.0,1.0,1.0,0.0,0.0,0.0,0.0,0.0,0.0,0.0,0.0,0.0,0.0,0.0,0.0
SFC-050SA2-22B-24B,0.0,0.0,0.0,0.0,50.0,5.0,0.0,0.0,0.0,50.0,2.0,0.0,30.0,0.0,0.0
SFC-050SA2-22B-25B,20.0,0.0,0.0,20.0,0.0,0.0,0.0,0.0,0.0,0.0,11.0,0.0,0.0,0.0,0.0
SFC-050SA2-22B-25BH,0.0,0.0,0.0,0.0,0.0,0.0,0.0,0.0,0.0,0.0,0.0,0.0,0.0,0.0,6.0
SFC-050SA2-22BH-25B,0.0,0.0,0.0,0.0,0.0,0.0,0.0,0.0,0.0,0.0,0.0,0.0,0.0,0.0,2.0
SFC-050SA2-24B-24B,0.0,1.0,0.0,4.0,50.0,0.0,0.0,2.0,0.0,0.0,4.0,0.0,0.0,0.0,0.0
SFC-050SA2-24B-25B,2.0,0.0,0.0,2.0,0.0,4.0,2.0,0.0,14.0,2.0,8.0,0.0,8.0,10.0,10.0
SFC-050SA2-24BH-25BH,0.0,0.0,2.0,0.0,0.0,0.0,0.0,0.0,0.0,0.0,0.0,0.0,0.0,0.0,0.0
SFC-050SA2-25B-25B,12.0,0.0,0.0,0.0,0.0,0.0,0.0,1.0,0.0,1.0,0.0,2.0,0.0,2.0,0.0
SFC-050SA2-25B-30B,0.0,0.0,0.0,0.0,0.0,2.0,0.0,400.0,0.0,0.0,0.0,1.0,0.0,0.0,300.0
SFC-050SA2-T081,100.0,0.0,0.0,100.0,100.0,100.0,0.0,0.0,0.0,100.0,100.0,0.0,0.0,0.0,0.0
SFC-050SA2-T092,0.0,233.0,0.0,0.0,0.0,0.0,0.0,0.0,0.0,0.0,0.0,135.0,15.0,0.0,0.0
SFC-050SA2-T122,0.0,60.0,0.0,0.0,0.0,25.0,0.0,0.0,75.0,15.0,0.0,90.0,0.0,90.0,100.0
SFC-050SA2-T171,0.0,0.0,0.0,0.0,42.0,0.0,0.0,0.0,0.0,0.0,0.0,0.0,0.0,0.0,0.0
SFC-050SA2-T172,0.0,0.0,0.0,0.0,22.0,0.0,0.0,0.0,0.0,0.0,0.0,0.0,0.0,0.0,0.0
SFC-050SA2-T173,15.0,0.0,0.0,0.0,0.0,0.0,0.0,0.0,0.0,0.0,0.0,0.0,0.0,0.0,0.0
SFC-050SA2-T184,72.0,144.0,37.0,120.0,240.0,0.0,0.0,1.0,0.0,0.0,0.0,0.0,0.0,0.0,0.0
SFC-050SA2-T196,24.0,24.0,48.0,24.0,48.0,0.0,0.0,6.0,0.0,0.0,0.0,0.0,0.0,0.0,0.0
SFC-050SA2-T211,0.0,0.0,0.0,40.0,280.0,0.0,100.0,420.0,140.0,560.0,300.0,200.0,180.0,260.0,700.0
SFC-050SA2-T212,0.0,0.0,0.0,120.0,620.0,460.0,460.0,440.0,360.0,1020.0,700.0,460.0,620.0,1560.0,1040.0
SFC-050SA2-T221,0.0,0.0,40.0,0.0,60.0,0.0,40.0,0.0,20.0,0.0,0.0,0.0,60.0,20.0,80.0
SFC-050SA2-T228,200.0,0.0,60.0,560.0,1260.0,1020.0,520.0,640.0,280.0,680.0,540.0,480.0,480.0,0.0,480.0
SFC-050SA2-T229,0.0,60.0,80.0,140.0,1080.0,800.0,400.0,620.0,260.0,560.0,500.0,420.0,360.0,0.0,340.0
SFC-050SA2-T240,0.0,0.0,0.0,0.0,0.0,0.0,0.0,0.0,0.0,0.0,0.0,0.0,0.0,0.0,350.0
SFC-050SA2-T241,0.0,0.0,0.0,0.0,0.0,0.0,0.0,0.0,0.0,0.0,0.0,0.0,0.0,0.0,360.0
SFC-055DA2-12B-15B,0.0,0.0,0.0,0.0,0.0,0.0,0.0,0.0,0.0,0.0,0.0,5.0,0.0,0.0,0.0
SFC-055DA2-17B-24B,0.0,0.0,0.0,0.0,0.0,0.0,0.0,0.0,7.0,0.0,0.0,0.0,0.0,0.0,0.0
SFC-055DA2-19B-24B,0.0,0.0,0.0,0.0,0.0,0.0,0.0,0.0,0.0,0.0,0.0,0.0,0.0,1.0,0.0
SFC-055DA2-30B-30B,0.0,0.0,0.0,0.0,3.0,0.0,0.0,0.0,0.0,0.0,0.0,0.0,0.0,0.0,0.0
SFC-055SA2-15B-18B,0.0,0.0,0.0,0.0,0.0,0.0,0.0,0.0,0.0,0.0,0.0,0.0,0.0,3.0,0.0
SFC-055SA2-15B-19B,0.0,0.0,1.0,0.0,0.0,0.0,0.0,0.0,0.0,0.0,0.0,0.0,0.0,0.0,0.0
SFC-055SA2-15B-19K,0.0,0.0,0.0,0.0,0.0,0.0,0.0,0.0,0.0,0.0,0.0,0.0,0.0,0.0,1.0
SFC-055SA2-19B-22B,0.0,0.0,0.0,0.0,0.0,0.0,0.0,0.0,0.0,0.0,0.0,3.0,0.0,0.0,0.0
SFC-055SA2-19B-24B,0.0,0.0,0.0,0.0,0.0,0.0,0.0,1.0,0.0,0.0,0.0,0.0,0.0,0.0,0.0
SFC-060DA-T032,0.0,0.0,0.0,0.0,0.0,0.0,0.0,0.0,15.0,0.0,0.0,0.0,10.0,0.0,0.0
SFC-060DA2-11B-24B,0.0,0.0,0.0,0.0,0.0,0.0,0.0,2.0,0.0,0.0,0.0,0.0,0.0,0.0,0.0
SFC-060DA2-12B-15B,0.0,0.0,1.0,2.0,0.0,0.0,0.0,0.0,0.0,0.0,0.0,0.0,0.0,0.0,0.0
SFC-060DA2-12B-22B,0.0,0.0,0.0,0.0,0.0,0.0,0.0,0.0,0.0,0.0,1.0,0.0,0.0,0.0,0.0
SFC-060DA2-12B-24B,0.0,0.0,0.0,0.0,0.0,0.0,0.0,0.0,0.0,1.0,4.0,0.0,0.0,0.0,0.0
SFC-060DA2-12B-28B,0.0,0.0,0.0,0.0,0.0,0.0,0.0,0.0,0.0,0.0,0.0,1.0,0.0,0.0,0.0
SFC-060DA2-12B-35B,3.0,0.0,0.0,0.0,0.0,0.0,0.0,0.0,0.0,0.0,0.0,0.0,0.0,0.0,0.0
SFC-060DA2-14B-14B,0.0,0.0,0.0,0.0,4.0,0.0,0.0,0.0,0.0,0.0,0.0,1.0,0.0,0.0,0.0
SFC-060DA2-14B-16B,0.0,0.0,0.0,0.0,4.0,0.0,0.0,0.0,0.0,0.0,0.0,0.0,0.0,0.0,0.0
SFC-060DA2-14BH-28BH,0.0,0.0,0.0,0.0,0.0,0.0,0.0,0.0,0.0,3.0,0.0,0.0,7.0,2.0,0.0
SFC-060DA2-15B-24B,0.0,0.0,0.0,0.0,0.0,0.0,0.0,0.0,0.0,1.0,0.0,0.0,0.0,0.0,0.0
SFC-060DA2-15B-24K,0.0,2.0,0.0,0.0,0.0,0.0,0.0,0.0,0.0,0.0,0.0,0.0,0.0,0.0,0.0
SFC-060DA2-15B-28B,0.0,0.0,0.0,1.0,0.0,2.0,2.0,0.0,0.0,0.0,0.0,0.0,0.0,0.0,0.0
SFC-060DA2-15B-30B,0.0,0.0,0.0,2.0,0.0,0.0,0.0,0.0,0.0,0.0,0.0,0.0,0.0,0.0,0.0
SFC-060DA2-15BH-16BH,0.0,0.0,26.0,0.0,0.0,0.0,0.0,0.0,0.0,0.0,0.0,0.0,0.0,0.0,0.0
SFC-060DA2-16B-16B,0.0,0.0,0.0,0.0,0.0,0.0,0.0,0.0,0.0,0.0,0.0,6.0,0.0,0.0,0.0
SFC-060DA2-16B-18B,0.0,0.0,0.0,0.0,0.0,0.0,0.0,0.0,0.0,0.0,0.0,0.0,2.0,0.0,0.0
SFC-060DA2-16B-19B,0.0,0.0,0.0,0.0,0.0,8.0,0.0,0.0,0.0,0.0,0.0,0.0,0.0,0.0,0.0
SFC-060DA2-16B-20B,0.0,0.0,0.0,0.0,1.0,0.0,0.0,3.0,0.0,4.0,0.0,0.0,0.0,4.0,5.0
SFC-060DA2-16B-22B,0.0,4.0,0.0,0.0,0.0,0.0,5.0,4.0,0.0,0.0,0.0,0.0,2.0,0.0,0.0
SFC-060DA2-16B-24B,0.0,0.0,0.0,4.0,19.0,8.0,19.0,6.0,4.0,0.0,3.0,36.0,0.0,0.0,0.0
SFC-060DA2-16B-32B,0.0,0.0,0.0,0.0,0.0,0.0,0.0,2.0,0.0,0.0,0.0,0.0,0.0,0.0,0.0
SFC-060DA2-16BH-20BH,0.0,0.0,0.0,0.0,0.0,0.0,0.0,0.0,1.0,0.0,0.0,3.0,6.0,0.0,0.0
SFC-060DA2-16BH-22BH,4.0,0.0,0.0,0.0,0.0,0.0,0.0,0.0,0.0,0.0,0.0,0.0,0.0,0.0,0.0
SFC-060DA2-16BH-25BH,0.0,0.0,0.0,0.0,8.0,0.0,0.0,0.0,0.0,0.0,0.0,2.0,0.0,0.0,0.0
SFC-060DA2-16BH-25BJ,0.0,0.0,0.0,0.0,0.0,0.0,0.0,0.0,0.0,0.0,0.0,0.0,0.0,1.0,0.0
SFC-060DA2-17B-19B,0.0,0.0,0.0,0.0,0.0,1.0,0.0,0.0,0.0,0.0,31.0,0.0,0.0,0.0,1.0
SFC-060DA2-17B-22B,8.0,0.0,0.0,1.0,21.0,0.0,0.0,0.0,0.0,31.0,0.0,2.0,0.0,12.0,0.0
SFC-060DA2-17B-24B,2.0,0.0,4.0,16.0,2.0,5.0,0.0,1.0,2.0,4.0,15.0,13.0,24.0,8.0,8.0
SFC-060DA2-17B-25B,0.0,0.0,0.0,0.0,0.0,0.0,0.0,0.0,0.0,1.0,0.0,0.0,0.0,0.0,0.0
SFC-060DA2-17B-28B,0.0,0.0,0.0,0.0,0.0,3.0,0.0,0.0,0.0,0.0,0.0,0.0,0.0,0.0,0.0
SFC-060DA2-17B-32B,0.0,0.0,0.0,1.0,0.0,0.0,0.0,0.0,0.0,0.0,0.0,0.0,0.0,0.0,0.0
SFC-060DA2-17B-35B,0.0,0.0,0.0,0.0,0.0,0.0,0.0,0.0,0.0,0.0,0.0,3.0,0.0,0.0,0.0
SFC-060DA2-17BH-18BH,0.0,0.0,0.0,0.0,0.0,0.0,0.0,0.0,0.0,1.0,0.0,0.0,0.0,0.0,0.0
SFC-060DA2-17BH-28BH,0.0,0.0,0.0,1.0,0.0,0.0,0.0,0.0,0.0,0.0,0.0,0.0,0.0,0.0,0.0
SFC-060DA2-18B-19B,0.0,0.0,0.0,0.0,0.0,3.0,0.0,0.0,0.0,3.0,1.0,25.0,0.0,6.0,0.0
SFC-060DA2-18B-20B,5.0,0.0,0.0,6.0,0.0,4.0,4.0,0.0,8.0,20.0,2.0,0.0,6.0,0.0,18.0
SFC-060DA2-18B-22B,4.0,10.0,10.0,20.0,12.0,21.0,0.0,0.0,5.0,0.0,0.0,5.0,0.0,0.0,0.0
SFC-060DA2-18B-24B,0.0,0.0,4.0,0.0,0.0,0.0,0.0,0.0,0.0,2.0,0.0,31.0,0.0,0.0,0.0
SFC-060DA2-18B-24J,0.0,0.0,0.0,0.0,0.0,0.0,0.0,0.0,4.0,0.0,0.0,0.0,0.0,0.0,0.0
SFC-060DA2-18B-25B,1.0,0.0,0.0,0.0,0.0,0.0,0.0,0.0,0.0,0.0,0.0,0.0,0.0,0.0,0.0
SFC-060DA2-18B-28B,0.0,0.0,0.0,0.0,0.0,0.0,0.0,0.0,0.0,0.0,5.0,12.0,0.0,0.0,0.0
SFC-060DA2-18B-32B,0.0,0.0,0.0,0.0,0.0,0.0,0.0,0.0,8.0,0.0,0.0,0.0,0.0,0.0,0.0
SFC-060DA2-18BH-18BH,0.0,0.0,0.0,0.0,0.0,0.0,0.0,0.0,0.0,0.0,0.0,0.0,0.0,0.0,2.0
SFC-060DA2-18BH-20BH,0.0,7.0,0.0,0.0,0.0,0.0,0.0,0.0,6.0,0.0,2.0,0.0,4.0,0.0,0.0
SFC-060DA2-18BH-22BH,0.0,0.0,6.0,0.0,0.0,0.0,0.0,0.0,2.0,0.0,2.0,0.0,0.0,0.0,0.0
SFC-060DA2-18BH-24BH,0.0,0.0,1.0,0.0,0.0,0.0,0.0,0.0,0.0,0.0,0.0,0.0,0.0,0.0,0.0
SFC-060DA2-19B-19B,0.0,0.0,20.0,0.0,12.0,26.0,0.0,0.0,0.0,0.0,0.0,0.0,0.0,0.0,0.0
SFC-060DA2-19B-20B,15.0,0.0,0.0,0.0,74.0,3.0,0.0,3.0,0.0,36.0,0.0,60.0,40.0,76.0,60.0
SFC-060DA2-19B-22B,5.0,0.0,30.0,0.0,0.0,5.0,0.0,12.0,20.0,1.0,0.0,20.0,30.0,0.0,0.0
SFC-060DA2-19B-24B,0.0,0.0,0.0,0.0,0.0,22.0,0.0,0.0,7.0,0.0,0.0,5.0,0.0,5.0,0.0
SFC-060DA2-19B-25B,0.0,0.0,0.0,2.0,0.0,0.0,0.0,0.0,0.0,0.0,0.0,5.0,0.0,0.0,0.0
SFC-060DA2-19B-28B,9.0,2.0,0.0,0.0,2.0,0.0,0.0,0.0,0.0,0.0,2.0,0.0,0.0,0.0,0.0
SFC-060DA2-19B-30B,0.0,0.0,0.0,0.0,0.0,2.0,0.0,0.0,0.0,0.0,0.0,0.0,0.0,0.0,0.0
SFC-060DA2-19B-32B,0.0,0.0,0.0,0.0,0.0,0.0,0.0,0.0,5.0,0.0,0.0,5.0,0.0,5.0,0.0
SFC-060DA2-19B-35J,0.0,0.0,0.0,1.0,0.0,0.0,0.0,0.0,0.0,0.0,0.0,0.0,0.0,0.0,0.0
SFC-060DA2-19BH-19BH,0.0,0.0,0.0,0.0,0.0,2.0,2.0,0.0,0.0,0.0,0.0,0.0,0.0,0.0,0.0
SFC-060DA2-20B-16BC,19.0,0.0,0.0,15.0,0.0,0.0,0.0,0.0,15.0,0.0,0.0,15.0,0.0,0.0,0.0
SFC-060DA2-20B-20B,15.0,3.0,1.0,0.0,0.0,0.0,9.0,1.0,0.0,0.0,0.0,7.0,3.0,2.0,0.0
SFC-060DA2-20B-22B,7.0,33.0,60.0,24.0,83.0,6.0,18.0,9.0,4.0,0.0,3.0,14.0,13.0,22.0,41.0
SFC-060DA2-20B-24B,32.0,37.0,20.0,114.0,66.0,33.0,4.0,16.0,32.0,36.0,54.0,104.0,100.0,146.0,91.0
SFC-060DA2-20B-25B,1.0,1.0,1.0,5.0,3.0,66.0,0.0,26.0,0.0,5.0,0.0,6.0,0.0,0.0,0.0
SFC-060DA2-20B-28B,0.0,0.0,0.0,0.0,0.0,2.0,0.0,0.0,0.0,4.0,0.0,2.0,0.0,0.0,0.0
SFC-060DA2-20B-32B,0.0,0.0,0.0,5.0,0.0,0.0,1.0,0.0,2.0,6.0,22.0,0.0,5.0,0.0,0.0
SFC-060DA2-20B-35B,0.0,0.0,0.0,62.0,14.0,10.0,50.0,10.0,0.0,10.0,60.0,20.0,30.0,20.0,0.0
SFC-060DA2-20B-35J,0.0,2.0,0.0,1.0,0.0,0.0,0.0,0.0,0.0,0.0,0.0,0.0,0.0,0.0,0.0
SFC-060DA2-20BH-20BH,17.0,2.0,2.0,0.0,10.0,0.0,2.0,0.0,4.0,3.0,1.0,6.0,5.0,3.0,2.0
SFC-060DA2-20BH-22BH,0.0,6.0,0.0,0.0,0.0,0.0,0.0,10.0,0.0,0.0,0.0,0.0,0.0,0.0,0.0
SFC-060DA2-20BH-28BH,0.0,0.0,0.0,0.0,6.0,0.0,0.0,0.0,0.0,0.0,0.0,0.0,0.0,0.0,0.0
SFC-060DA2-20BH-32BH,0.0,7.0,0.0,0.0,0.0,0.0,0.0,0.0,0.0,0.0,0.0,0.0,0.0,0.0,0.0
SFC-060DA2-22B-22B,100.0,1.0,32.0,4.0,40.0,70.0,5.0,5.0,7.0,20.0,70.0,3.0,15.0,0.0,28.0
SFC-060DA2-22B-22B L=65,0.0,0.0,0.0,0.0,0.0,0.0,0.0,0.0,2.0,0.0,0.0,0.0,0.0,0.0,0.0
SFC-060DA2-22B-23B,0.0,0.0,0.0,3.0,0.0,0.0,0.0,0.0,2.0,0.0,0.0,0.0,0.0,0.0,0.0
SFC-060DA2-22B-24B,25.0,50.0,36.0,10.0,40.0,0.0,18.0,21.0,11.0,10.0,10.0,27.0,1.0,13.0,3.0
SFC-060DA2-22B-24K,0.0,0.0,0.0,2.0,0.0,0.0,0.0,10.0,0.0,0.0,0.0,0.0,0.0,0.0,0.0
SFC-060DA2-22B-25B,52.0,10.0,3.0,8.0,18.0,2.0,25.0,4.0,7.0,1.0,5.0,8.0,33.0,7.0,7.0
SFC-060DA2-22B-28B,4.0,8.0,24.0,0.0,0.0,0.0,0.0,0.0,0.0,18.0,25.0,1.0,0.0,0.0,5.0
SFC-060DA2-22B-30B,0.0,0.0,0.0,1.0,0.0,4.0,0.0,5.0,0.0,0.0,0.0,0.0,0.0,0.0,0.0
SFC-060DA2-22B-32B,0.0,0.0,10.0,0.0,0.0,0.0,0.0,0.0,0.0,0.0,0.0,0.0,0.0,3.0,0.0
SFC-060DA2-22B-35B,0.0,12.0,0.0,0.0,0.0,0.0,0.0,0.0,0.0,0.0,0.0,2.0,0.0,0.0,20.0
SFC-060DA2-22BH-22BH,0.0,6.0,0.0,0.0,0.0,0.0,0.0,6.0,0.0,0.0,0.0,0.0,0.0,1.0,4.0
SFC-060DA2-22BH-22JH,0.0,0.0,0.0,0.0,0.0,0.0,2.0,0.0,0.0,0.0,0.0,0.0,0.0,0.0,0.0
SFC-060DA2-22BH-25BH,0.0,0.0,0.0,0.0,0.0,0.0,0.0,0.0,0.0,0.0,0.0,0.0,0.0,0.0,4.0
SFC-060DA2-22BH-28B,0.0,0.0,0.0,0.0,0.0,0.0,0.0,0.0,0.0,0.0,0.0,0.0,0.0,2.0,0.0
SFC-060DA2-24B-24B,14.0,2.0,9.0,23.0,4.0,5.0,26.0,2.0,6.0,16.0,8.0,5.0,41.0,17.0,0.0
SFC-060DA2-24B-25B,203.0,0.0,250.0,400.0,205.0,0.0,205.0,0.0,0.0,400.0,4.0,10.0,402.0,4.0,10.0
SFC-060DA2-24B-26B,0.0,10.0,0.0,0.0,0.0,0.0,0.0,0.0,1.0,0.0,0.0,5.0,0.0,0.0,9.0
SFC-060DA2-24B-28B,0.0,0.0,0.0,0.0,100.0,100.0,0.0,0.0,0.0,0.0,0.0,1.0,10.0,0.0,100.0
SFC-060DA2-24B-30B,0.0,0.0,0.0,0.0,3.0,4.0,10.0,0.0,0.0,4.0,0.0,0.0,0.0,12.0,4.0
SFC-060DA2-24B-32B,0.0,3.0,0.0,4.0,2.0,0.0,2.0,0.0,0.0,2.0,13.0,3.0,10.0,0.0,3.0
SFC-060DA2-24B-35B,10.0,0.0,20.0,0.0,20.0,12.0,50.0,30.0,0.0,3.0,0.0,0.0,50.0,3.0,0.0
SFC-060DA2-24BH-30B,0.0,0.0,0.0,0.0,0.0,0.0,0.0,8.0,0.0,0.0,20.0,0.0,0.0,0.0,0.0
SFC-060DA2-24J-28B,0.0,0.0,0.0,0.0,1.0,0.0,0.0,0.0,0.0,0.0,0.0,0.0,0.0,0.0,0.0
SFC-060DA2-24K-32B,20.0,0.0,0.0,0.0,0.0,0.0,0.0,0.0,0.0,0.0,0.0,0.0,0.0,0.0,0.0
SFC-060DA2-25B-25B,2.0,1.0,0.0,0.0,2.0,0.0,0.0,0.0,2.0,0.0,0.0,0.0,0.0,0.0,0.0
SFC-060DA2-25B-28B,0.0,0.0,0.0,0.0,3.0,0.0,0.0,0.0,0.0,0.0,8.0,0.0,0.0,0.0,0.0
SFC-060DA2-25B-30B,2.0,0.0,0.0,0.0,0.0,0.0,2.0,0.0,0.0,0.0,0.0,0.0,2.0,0.0,0.0
SFC-060DA2-25B-32B,0.0,0.0,0.0,0.0,1.0,0.0,0.0,0.0,0.0,4.0,0.0,1.0,0.0,0.0,2.0
SFC-060DA2-25B-32K,0.0,0.0,0.0,2.0,0.0,0.0,0.0,0.0,0.0,0.0,0.0,0.0,0.0,0.0,0.0
SFC-060DA2-25B-35B,240.0,0.0,330.0,430.0,160.0,200.0,30.0,1.0,0.0,0.0,264.0,30.0,200.0,1.0,400.0
SFC-060DA2-28B-28B,0.0,0.0,0.0,0.0,0.0,0.0,0.0,1.0,2.0,2.0,1.0,0.0,0.0,0.0,0.0
SFC-060DA2-28B-32B,0.0,0.0,0.0,0.0,0.0,0.0,0.0,0.0,2.0,0.0,0.0,0.0,6.0,0.0,0.0
SFC-060DA2-28B-35B,300.0,300.0,0.0,300.0,300.0,300.0,300.0,300.0,307.0,300.0,300.0,300.0,300.0,0.0,300.0
SFC-060DA2-30B-30B,0.0,0.0,3.0,0.0,0.0,0.0,0.0,0.0,0.0,0.0,0.0,0.0,0.0,0.0,0.0
SFC-060DA2-30B-32B,0.0,0.0,0.0,5.0,0.0,1.0,0.0,0.0,0.0,0.0,0.0,0.0,0.0,0.0,0.0
SFC-060DA2-30B-35B,0.0,0.0,0.0,0.0,0.0,0.0,0.0,2.0,0.0,0.0,0.0,0.0,3.0,0.0,0.0
SFC-060DA2-30B-35BH,0.0,0.0,0.0,0.0,0.0,0.0,0.0,0.0,0.0,0.0,0.0,0.0,0.0,10.0,0.0
SFC-060DA2-30B-35J,0.0,0.0,0.0,1.0,0.0,0.0,0.0,0.0,0.0,0.0,0.0,0.0,0.0,0.0,0.0
SFC-060DA2-30BH-30BH,0.0,0.0,0.0,0.0,2.0,0.0,0.0,0.0,0.0,0.0,0.0,0.0,0.0,2.0,0.0
SFC-060SA2-10B-16B,0.0,0.0,0.0,0.0,0.0,0.0,0.0,3.0,0.0,0.0,0.0,0.0,0.0,0.0,0.0
SFC-060SA2-12B-18B,0.0,0.0,0.0,0.0,0.0,0.0,0.0,0.0,1.0,0.0,0.0,0.0,0.0,0.0,0.0
SFC-060SA2-12B-35B,1.0,2.0,0.0,0.0,0.0,0.0,0.0,0.0,0.0,0.0,0.0,0.0,0.0,0.0,0.0
SFC-060SA2-14B-14B,0.0,0.0,0.0,0.0,0.0,0.0,0.0,1.0,0.0,0.0,0.0,1.0,0.0,0.0,0.0
SFC-060SA2-14B-16B,0.0,0.0,0.0,0.0,0.0,0.0,0.0,5.0,0.0,0.0,24.0,1.0,2.0,0.0,1.0
SFC-060SA2-14B-18B,0.0,0.0,1.0,0.0,0.0,0.0,0.0,0.0,0.0,0.0,1.0,0.0,0.0,0.0,1.0
SFC-060SA2-14B-20B,1.0,0.0,0.0,3.0,5.0,2.0,4.0,1.0,1.0,0.0,4.0,4.0,2.0,1.0,2.0
SFC-060SA2-14BH-16BH,0.0,0.0,0.0,0.0,0.0,0.0,0.0,0.0,0.0,0.0,0.0,0.0,6.0,0.0,0.0
SFC-060SA2-14BH-20BH,9.0,4.0,2.0,1.0,5.0,9.0,5.0,0.0,14.0,21.0,38.0,12.0,3.0,1.0,2.0
SFC-060SA2-14K-25.4B,0.0,0.0,0.0,0.0,0.0,0.0,15.0,0.0,0.0,0.0,0.0,0.0,0.0,0.0,12.0
SFC-060SA2-15B-15B,0.0,0.0,0.0,0.0,0.0,0.0,0.0,0.0,0.0,10.0,0.0,0.0,0.0,0.0,0.0
SFC-060SA2-15B-16B,0.0,1.0,0.0,0.0,0.0,1.0,0.0,0.0,0.0,7.0,0.0,0.0,0.0,0.0,0.0
SFC-060SA2-15B-18B,0.0,0.0,0.0,0.0,0.0,0.0,0.0,0.0,0.0,0.0,0.0,0.0,0.0,51.0,0.0
SFC-060SA2-15B-19B,0.0,0.0,17.0,0.0,8.0,2.0,9.0,0.0,43.0,9.0,18.0,55.0,22.0,22.0,80.0
SFC-060SA2-15B-20B,0.0,0.0,8.0,0.0,0.0,0.0,0.0,0.0,0.0,3.0,7.0,3.0,0.0,0.0,0.0
SFC-060SA2-15B-22B,1.0,0.0,0.0,0.0,0.0,0.0,1.0,0.0,5.0,0.0,3.0,0.0,0.0,0.0,2.0
SFC-060SA2-15B-24B,0.0,0.0,0.0,0.0,0.0,0.0,0.0,1.0,0.0,0.0,0.0,0.0,0.0,0.0,0.0
SFC-060SA2-15BH-20BH,1.0,0.0,0.0,0.0,0.0,0.0,0.0,0.0,0.0,0.0,0.0,0.0,0.0,0.0,0.0
SFC-060SA2-16B-16B,0.0,0.0,0.0,0.0,0.0,0.0,0.0,1.0,0.0,0.0,0.0,0.0,0.0,0.0,0.0
SFC-060SA2-16B-17B,2.0,0.0,0.0,2.0,0.0,3.0,0.0,0.0,0.0,0.0,0.0,0.0,0.0,0.0,0.0
SFC-060SA2-16B-18B,0.0,3.0,0.0,38.0,4.0,4.0,0.0,0.0,4.0,8.0,16.0,12.0,4.0,4.0,0.0
SFC-060SA2-16B-19B,0.0,7.0,0.0,1.0,0.0,0.0,0.0,2.0,7.0,20.0,20.0,0.0,40.0,161.0,110.0
SFC-060SA2-16B-20B,0.0,0.0,9.0,0.0,0.0,0.0,3.0,0.0,1.0,0.0,0.0,0.0,0.0,0.0,0.0
SFC-060SA2-16B-22B,0.0,0.0,0.0,0.0,0.0,0.0,0.0,0.0,4.0,0.0,0.0,11.0,20.0,164.0,90.0
SFC-060SA2-16B-24B,0.0,0.0,0.0,0.0,0.0,0.0,0.0,0.0,50.0,89.0,20.0,80.0,160.0,645.0,380.0
SFC-060SA2-16B-25B,0.0,0.0,0.0,0.0,0.0,0.0,0.0,0.0,0.0,0.0,0.0,0.0,0.0,10.0,0.0
SFC-060SA2-16B-28B,2.0,2.0,0.0,0.0,0.0,3.0,0.0,0.0,0.0,0.0,0.0,0.0,6.0,0.0,0.0
SFC-060SA2-16BH-16BH,2.0,0.0,0.0,8.0,0.0,10.0,0.0,0.0,0.0,0.0,0.0,0.0,0.0,0.0,0.0
SFC-060SA2-16BH-25B,0.0,0.0,0.0,0.0,0.0,0.0,0.0,2.0,0.0,0.0,0.0,0.0,0.0,0.0,0.0
SFC-060SA2-16BH-25BH,0.0,0.0,0.0,0.0,0.0,0.0,0.0,0.0,0.0,0.0,0.0,2.0,2.0,0.0,2.0
SFC-060SA2-17B-19K,0.0,0.0,0.0,0.0,0.0,0.0,0.0,0.0,0.0,0.0,0.0,0.0,0.0,0.0,4.0
SFC-060SA2-17B-22B,20.0,70.0,86.0,120.0,30.0,25.0,23.0,0.0,23.0,0.0,35.0,50.0,0.0,40.0,0.0
SFC-060SA2-17B-24B,0.0,0.0,2.0,4.0,0.0,0.0,0.0,0.0,0.0,1.0,0.0,0.0,0.0,0.0,0.0
SFC-060SA2-17B-25B,0.0,0.0,0.0,0.0,0.0,0.0,0.0,0.0,0.0,0.0,2.0,3.0,0.0,0.0,0.0
SFC-060SA2-17B-35B,0.0,0.0,0.0,0.0,0.0,0.0,0.0,0.0,0.0,0.0,1.0,0.0,0.0,0.0,0.0
SFC-060SA2-17BH-19BH,0.0,0.0,0.0,0.0,0.0,1.0,1.0,1.0,0.0,2.0,3.0,0.0,0.0,0.0,1.0
SFC-060SA2-18B-16BC,0.0,0.0,10.0,0.0,0.0,0.0,0.0,50.0,0.0,0.0,0.0,0.0,0.0,0.0,0.0
SFC-060SA2-18B-18B,0.0,1.0,0.0,0.0,0.0,20.0,0.0,0.0,0.0,0.0,0.0,20.0,0.0,0.0,20.0
SFC-060SA2-18B-19B,0.0,1.0,5.0,5.0,2.0,0.0,0.0,1.0,5.0,5.0,0.0,0.0,0.0,0.0,0.0
SFC-060SA2-18B-20B,0.0,0.0,1.0,1.0,0.0,1.0,0.0,0.0,0.0,0.0,1.0,1.0,0.0,0.0,1.0
SFC-060SA2-18B-22B,0.0,103.0,23.0,5.0,2.0,80.0,0.0,50.0,20.0,0.0,35.0,31.0,0.0,0.0,0.0
SFC-060SA2-18B-24B,35.0,3.0,4.0,89.0,28.0,31.0,8.0,12.0,40.0,108.0,47.0,144.0,208.0,46.0,161.0
SFC-060SA2-18B-28BH,0.0,0.0,0.0,0.0,0.0,0.0,0.0,0.0,0.0,0.0,0.0,0.0,0.0,0.0,2.0
SFC-060SA2-18B-35B,10.0,0.0,0.0,27.0,41.0,0.0,0.0,0.0,13.0,1.0,0.0,0.0,0.0,0.0,12.0
SFC-060SA2-18BH-19BH,1.0,0.0,0.0,0.0,0.0,0.0,0.0,0.0,4.0,2.0,0.0,0.0,0.0,0.0,0.0
SFC-060SA2-18BH-20BH,0.0,0.0,0.0,0.0,0.0,0.0,0.0,0.0,0.0,0.0,0.0,0.0,20.0,0.0,0.0
SFC-060SA2-18BH-22BH,0.0,0.0,0.0,0.0,0.0,0.0,0.0,0.0,3.0,0.0,0.0,0.0,0.0,70.0,0.0
SFC-060SA2-19B-19B,0.0,0.0,0.0,0.0,2.0,0.0,0.0,0.0,0.0,0.0,0.0,0.0,0.0,0.0,0.0
SFC-060SA2-19B-20B,0.0,4.0,3.0,9.0,0.0,1.0,2.0,0.0,1.0,0.0,0.0,7.0,2.0,2.0,6.0
SFC-060SA2-19B-22B,0.0,1.0,1.0,0.0,0.0,1.0,1.0,0.0,8.0,0.0,16.0,0.0,17.0,2.0,0.0
SFC-060SA2-19B-24B,0.0,0.0,0.0,0.0,0.0,3.0,0.0,0.0,0.0,0.0,1.0,0.0,0.0,0.0,2.0
SFC-060SA2-19B-25B,2.0,5.0,0.0,18.0,4.0,3.0,2.0,7.0,0.0,30.0,3.0,4.0,0.0,11.0,36.0
SFC-060SA2-19B-35B,0.0,0.0,1.0,0.0,0.0,12.0,0.0,0.0,0.0,0.0,0.0,0.0,0.0,0.0,0.0
SFC-060SA2-19BH-25BH,0.0,0.0,0.0,0.0,0.0,0.0,2.0,0.0,0.0,0.0,0.0,0.0,0.0,0.0,0.0
SFC-060SA2-19BH-35BH,0.0,0.0,1.0,2.0,0.0,0.0,0.0,0.0,0.0,0.0,0.0,0.0,0.0,0.0,0.0
SFC-060SA2-19BJ-28BJ,0.0,0.0,2.0,0.0,0.0,1.0,0.0,1.0,1.0,0.0,0.0,3.0,4.0,0.0,0.0
SFC-060SA2-20B-16BC,0.0,0.0,0.0,0.0,0.0,0.0,0.0,10.0,10.0,0.0,0.0,0.0,0.0,0.0,0.0
SFC-060SA2-20B-20B,3.0,7.0,0.0,13.0,4.0,0.0,0.0,5.0,1.0,1.0,0.0,5.0,0.0,0.0,0.0
SFC-060SA2-20B-22B,24.0,2.0,18.0,1.0,5.0,14.0,5.0,12.0,10.0,9.0,2.0,7.0,15.0,23.0,2.0
SFC-060SA2-20B-24B,34.0,29.0,32.0,47.0,30.0,54.0,77.0,14.0,25.0,56.0,70.0,54.0,56.0,18.0,15.0
SFC-060SA2-20B-24K,0.0,0.0,0.0,3.0,3.0,0.0,0.0,0.0,2.0,0.0,0.0,6.0,0.0,0.0,0.0
SFC-060SA2-20B-25B,0.0,0.0,2.0,0.0,6.0,6.0,7.0,0.0,32.0,10.0,62.0,2.0,4.0,66.0,50.0
SFC-060SA2-20B-32B,0.0,6.0,0.0,0.0,0.0,0.0,0.0,0.0,2.0,2.0,0.0,0.0,0.0,0.0,0.0
SFC-060SA2-20B-32J,0.0,0.0,0.0,0.0,0.0,0.0,9.0,24.0,45.0,2.0,1.0,0.0,0.0,21.0,0.0
SFC-060SA2-20B-32K,0.0,0.0,0.0,0.0,0.0,0.0,0.0,0.0,0.0,0.0,0.0,2.0,0.0,0.0,0.0
SFC-060SA2-20B-35B,27.0,0.0,14.0,40.0,18.0,8.0,11.0,40.0,9.0,0.0,30.0,41.0,13.0,16.0,36.0
SFC-060SA2-20BH-22B,0.0,3.0,0.0,0.0,0.0,0.0,0.0,0.0,0.0,0.0,0.0,0.0,0.0,0.0,0.0
SFC-060SA2-20BH-24BH,2.0,0.0,0.0,0.0,0.0,0.0,0.0,0.0,2.0,0.0,0.0,0.0,0.0,0.0,0.0
SFC-060SA2-22B-22B,5.0,0.0,10.0,1.0,0.0,0.0,5.0,0.0,0.0,7.0,0.0,10.0,0.0,1.0,0.0
SFC-060SA2-22B-24B,0.0,0.0,10.0,0.0,0.0,0.0,0.0,2.0,0.0,0.0,15.0,15.0,27.0,0.0,18.0
SFC-060SA2-22B-25B,0.0,4.0,2.0,0.0,1.0,0.0,0.0,0.0,0.0,1.0,4.0,0.0,0.0,2.0,1.0
SFC-060SA2-22B-28B,0.0,2.0,0.0,0.0,0.0,2.0,0.0,0.0,0.0,0.0,0.0,0.0,0.0,0.0,0.0
SFC-060SA2-22B-32B,0.0,0.0,0.0,0.0,0.0,0.0,1.0,0.0,0.0,0.0,0.0,0.0,0.0,0.0,0.0
SFC-060SA2-22B-35B,0.0,0.0,0.0,0.0,0.0,10.0,0.0,2.0,2.0,0.0,10.0,0.0,0.0,0.0,4.0
SFC-060SA2-22BJ-28BJ,0.0,0.0,0.0,0.0,1.0,0.0,0.0,0.0,0.0,0.0,0.0,0.0,0.0,0.0,1.0
SFC-060SA2-23B-24B,0.0,0.0,0.0,0.0,0.0,0.0,0.0,0.0,0.0,10.0,10.0,2.0,6.0,0.0,0.0
SFC-060SA2-24B-24B,2.0,7.0,4.0,2.0,1.0,0.0,0.0,3.0,2.0,2.0,0.0,5.0,0.0,0.0,0.0
SFC-060SA2-24B-25B,2.0,98.0,20.0,74.0,32.0,38.0,64.0,25.0,30.0,29.0,50.0,9.0,67.0,12.0,26.0
SFC-060SA2-24B-28B,26.0,16.0,2.0,6.0,4.0,4.0,6.0,2.0,0.0,21.0,12.0,2.0,12.0,32.0,22.0
SFC-060SA2-24B-30B,0.0,0.0,0.0,0.0,0.0,0.0,0.0,0.0,0.0,0.0,0.0,0.0,2.0,0.0,0.0
SFC-060SA2-24B-32B,0.0,0.0,0.0,0.0,0.0,0.0,0.0,0.0,7.0,0.0,0.0,5.0,1.0,5.0,0.0
SFC-060SA2-24B-35B,0.0,0.0,1.0,0.0,8.0,0.0,5.0,0.0,0.0,0.0,0.0,0.0,0.0,0.0,0.0
SFC-060SA2-24BH-35BH,0.0,0.0,0.0,0.0,0.0,0.0,2.0,0.0,0.0,0.0,0.0,0.0,0.0,0.0,2.0
SFC-060SA2-24BJ-28BJ,0.0,0.0,0.0,0.0,0.0,0.0,0.0,0.0,0.0,2.0,0.0,0.0,0.0,0.0,2.0
SFC-060SA2-24J-25B,0.0,0.0,0.0,0.0,1.0,0.0,0.0,0.0,0.0,0.0,0.0,0.0,0.0,0.0,0.0
SFC-060SA2-25B-25B,0.0,0.0,0.0,10.0,0.0,0.0,0.0,0.0,4.0,1.0,5.0,2.0,0.0,2.0,0.0
SFC-060SA2-25B-28B,0.0,0.0,0.0,0.0,0.0,0.0,0.0,0.0,0.0,0.0,0.0,0.0,2.0,0.0,0.0
SFC-060SA2-25B-32B,0.0,1.0,0.0,0.0,0.0,0.0,0.0,0.0,0.0,0.0,1.0,0.0,0.0,0.0,0.0
SFC-060SA2-25B-35B,0.0,0.0,0.0,1.0,0.0,25.0,0.0,0.0,3.0,0.0,0.0,1.0,10.0,10.0,0.0
SFC-060SA2-28B-28B,0.0,0.0,0.0,0.0,0.0,0.0,0.0,0.0,2.0,0.0,0.0,0.0,0.0,0.0,0.0
SFC-060SA2-30B-30B,0.0,0.0,0.0,0.0,0.0,0.0,16.0,0.0,4.0,0.0,0.0,0.0,0.0,3.0,0.0
SFC-060SA2-30B-32B,0.0,1.0,0.0,0.0,0.0,0.0,0.0,0.0,0.0,0.0,1.0,0.0,0.0,0.0,0.0
SFC-060SA2-30B-35B,0.0,0.0,0.0,0.0,0.0,3.0,1.0,0.0,0.0,0.0,0.0,2.0,0.0,0.0,1.0
SFC-080DA2-18B-18B,0.0,0.0,0.0,1.0,0.0,0.0,0.0,0.0,0.0,0.0,0.0,0.0,0.0,0.0,0.0
SFC-080DA2-18B-20B,0.0,0.0,0.0,4.0,0.0,0.0,0.0,0.0,0.0,0.0,4.0,0.0,0.0,0.0,12.0
SFC-080DA2-18B-25B,0.0,0.0,0.0,0.0,0.0,0.0,0.0,0.0,0.0,0.0,0.0,0.0,0.0,0.0,2.0
SFC-080DA2-18B-30B,0.0,0.0,0.0,0.0,0.0,0.0,0.0,0.0,2.0,0.0,0.0,0.0,0.0,0.0,0.0
SFC-080DA2-18B-32B,0.0,0.0,0.0,0.0,1.0,0.0,0.0,0.0,0.0,0.0,0.0,0.0,0.0,0.0,0.0
SFC-080DA2-18B-35B,2.0,0.0,0.0,0.0,0.0,2.0,0.0,0.0,0.0,0.0,0.0,0.0,0.0,0.0,0.0
SFC-080DA2-18B-38B,0.0,0.0,0.0,1.0,0.0,0.0,0.0,0.0,0.0,0.0,0.0,0.0,0.0,0.0,2.0
SFC-080DA2-18BH-25BH,0.0,0.0,0.0,0.0,0.0,0.0,0.0,0.0,0.0,1.0,0.0,0.0,0.0,0.0,0.0
SFC-080DA2-19B-35B,0.0,0.0,3.0,0.0,0.0,0.0,0.0,0.0,0.0,0.0,0.0,0.0,0.0,0.0,0.0
SFC-080DA2-20B-22B,0.0,8.0,0.0,52.0,0.0,0.0,0.0,0.0,0.0,0.0,4.0,0.0,14.0,0.0,52.0
SFC-080DA2-20B-24B,0.0,0.0,0.0,0.0,0.0,6.0,5.0,0.0,0.0,0.0,0.0,0.0,0.0,0.0,5.0
SFC-080DA2-20B-25B,0.0,0.0,0.0,0.0,0.0,1.0,0.0,0.0,0.0,0.0,0.0,0.0,0.0,0.0,0.0
SFC-080DA2-20B-28B,0.0,0.0,1.0,2.0,0.0,0.0,0.0,0.0,0.0,0.0,0.0,0.0,0.0,0.0,0.0
SFC-080DA2-20B-30B,0.0,0.0,0.0,0.0,0.0,2.0,0.0,0.0,0.0,0.0,0.0,0.0,0.0,0.0,0.0
SFC-080DA2-20B-32B,0.0,0.0,0.0,0.0,1.0,1.0,0.0,0.0,0.0,0.0,6.0,0.0,0.0,2.0,0.0
SFC-080DA2-20B-32K,0.0,0.0,0.0,0.0,0.0,0.0,0.0,0.0,0.0,0.0,0.0,2.0,0.0,0.0,2.0
SFC-080DA2-20B-35B,0.0,0.0,16.0,5.0,12.0,0.0,19.0,0.0,0.0,4.0,7.0,4.0,0.0,0.0,0.0
SFC-080DA2-22B-24B,0.0,0.0,0.0,0.0,0.0,0.0,0.0,0.0,0.0,5.0,6.0,0.0,0.0,0.0,0.0
SFC-080DA2-22B-24K,0.0,0.0,0.0,0.0,0.0,0.0,0.0,0.0,0.0,0.0,1.0,0.0,0.0,0.0,0.0
SFC-080DA2-22B-25B,0.0,1.0,0.0,8.0,0.0,10.0,0.0,0.0,0.0,4.0,0.0,0.0,0.0,0.0,0.0
SFC-080DA2-22B-30B,1.0,0.0,0.0,0.0,0.0,0.0,0.0,0.0,0.0,0.0,0.0,3.0,3.0,0.0,0.0
SFC-080DA2-22B-32B,10.0,8.0,12.0,0.0,60.0,0.0,0.0,0.0,5.0,0.0,15.0,0.0,0.0,3.0,0.0
SFC-080DA2-22B-32K,0.0,0.0,6.0,0.0,0.0,7.0,0.0,1.0,1.0,1.0,2.0,0.0,5.0,0.0,2.0
SFC-080DA2-22B-35B,1.0,0.0,0.0,6.0,52.0,6.0,0.0,5.0,2.0,0.0,5.0,0.0,0.0,0.0,6.0
SFC-080DA2-22B-38B,0.0,0.0,2.0,0.0,0.0,0.0,0.0,2.0,2.0,1.0,0.0,0.0,0.0,0.0,2.0
SFC-080DA2-22B-38K,0.0,0.0,0.0,0.0,0.0,0.0,0.0,0.0,0.0,0.0,0.0,0.0,0.0,0.0,1.0
SFC-080DA2-22BH-24BH,0.0,3.0,0.0,0.0,0.0,0.0,0.0,0.0,1.0,0.0,0.0,0.0,0.0,0.0,0.0
SFC-080DA2-22BH-30B,0.0,0.0,1.0,0.0,0.0,0.0,0.0,0.0,0.0,0.0,0.0,0.0,0.0,0.0,0.0
SFC-080DA2-22BH-30BH,0.0,0.0,0.0,0.0,0.0,0.0,0.0,0.0,0.0,0.0,1.0,0.0,0.0,0.0,0.0
SFC-080DA2-22K-30K,0.0,0.0,0.0,0.0,0.0,0.0,0.0,0.0,0.0,0.0,1.0,0.0,0.0,0.0,0.0
SFC-080DA2-22K-32B,0.0,0.0,0.0,0.0,0.0,6.0,0.0,0.0,0.0,2.0,4.0,0.0,0.0,0.0,2.0
SFC-080DA2-24B-24B,0.0,0.0,0.0,2.0,0.0,0.0,0.0,0.0,0.0,0.0,1.0,0.0,0.0,0.0,0.0
SFC-080DA2-24B-25B,0.0,0.0,40.0,0.0,0.0,10.0,40.0,0.0,0.0,0.0,0.0,40.0,0.0,0.0,40.0
SFC-080DA2-24B-28B,20.0,5.0,6.0,2.0,56.0,0.0,84.0,122.0,74.0,0.0,2.0,2.0,30.0,0.0,41.0
SFC-080DA2-24B-30B,0.0,0.0,0.0,0.0,0.0,1.0,0.0,0.0,0.0,0.0,0.0,0.0,0.0,0.0,1.0
SFC-080DA2-24B-32B,8.0,8.0,8.0,5.0,8.0,0.0,4.0,0.0,23.0,0.0,7.0,34.0,2.0,10.0,4.0
SFC-080DA2-24B-32K,0.0,0.0,0.0,2.0,0.0,0.0,0.0,0.0,0.0,0.0,0.0,0.0,0.0,0.0,0.0
SFC-080DA2-24B-35B,3.0,0.0,0.0,1.0,1.0,31.0,0.0,6.0,0.0,2.0,5.0,10.0,3.0,0.0,2.0
SFC-080DA2-24B-35K,0.0,0.0,0.0,0.0,0.0,0.0,3.0,0.0,0.0,0.0,0.0,0.0,0.0,0.0,0.0
SFC-080DA2-24B-38B,0.0,0.0,0.0,2.0,2.0,0.0,0.0,0.0,0.0,1.0,4.0,0.0,0.0,0.0,0.0
SFC-080DA2-24B-38K,0.0,0.0,0.0,1.0,0.0,0.0,0.0,0.0,0.0,0.0,0.0,0.0,0.0,0.0,0.0
SFC-080DA2-24BH-25BH,0.0,0.0,0.0,0.0,1.0,0.0,0.0,0.0,0.0,0.0,0.0,0.0,0.0,0.0,0.0
SFC-080DA2-24K-28B,0.0,0.0,0.0,0.0,0.0,0.0,0.0,0.0,0.0,0.0,0.0,0.0,0.0,0.0,1.0
SFC-080DA2-25B-25B,0.0,0.0,0.0,2.0,0.0,0.0,0.0,3.0,0.0,6.0,0.0,0.0,0.0,0.0,2.0
SFC-080DA2-25B-28B,0.0,0.0,0.0,0.0,0.0,0.0,0.0,0.0,0.0,0.0,6.0,0.0,0.0,0.0,0.0
SFC-080DA2-25B-32B,2.0,0.0,0.0,0.0,5.0,0.0,0.0,0.0,10.0,0.0,0.0,0.0,10.0,0.0,0.0
SFC-080DA2-25B-32K,0.0,0.0,0.0,4.0,0.0,0.0,0.0,0.0,0.0,0.0,0.0,6.0,0.0,12.0,0.0
SFC-080DA2-25B-35B,1.0,2.0,0.0,62.0,3.0,3.0,13.0,6.0,10.0,15.0,14.0,116.0,27.0,16.0,28.0
SFC-080DA2-25B-35K,0.0,0.0,0.0,8.0,0.0,0.0,0.0,0.0,0.0,0.0,0.0,0.0,0.0,0.0,0.0
SFC-080DA2-25B-38B,2.0,0.0,0.0,0.0,0.0,0.0,0.0,0.0,0.0,0.0,0.0,0.0,0.0,0.0,0.0
SFC-080DA2-25BH-28BH,0.0,0.0,0.0,0.0,9.0,0.0,0.0,6.0,0.0,0.0,0.0,0.0,0.0,0.0,0.0
SFC-080DA2-26B-35B,50.0,0.0,78.0,0.0,0.0,40.0,0.0,40.0,143.0,40.0,80.0,40.0,40.0,0.0,40.0
SFC-080DA2-28B-28B,0.0,0.0,0.0,0.0,0.0,0.0,0.0,0.0,0.0,0.0,0.0,0.0,5.0,0.0,30.0
SFC-080DA2-28B-32B,0.0,0.0,50.0,3.0,54.0,0.0,0.0,53.0,0.0,0.0,0.0,0.0,0.0,0.0,0.0
SFC-080DA2-28B-32K,0.0,0.0,0.0,0.0,1.0,0.0,0.0,0.0,1.0,3.0,3.0,5.0,0.0,15.0,0.0
SFC-080DA2-28B-35B,400.0,200.0,50.0,350.0,1220.0,2.0,509.0,604.0,315.0,453.0,400.0,500.0,550.0,251.0,550.0
SFC-080DA2-28B-38B,0.0,5.0,0.0,0.0,0.0,0.0,0.0,0.0,0.0,0.0,0.0,0.0,0.0,0.0,0.0
SFC-080DA2-28K-32B,2.0,0.0,0.0,0.0,0.0,0.0,0.0,0.0,0.0,0.0,0.0,0.0,0.0,0.0,0.0
SFC-080DA2-30B-32B,6.0,0.0,0.0,0.0,9.0,0.0,9.0,3.0,5.0,0.0,15.0,7.0,0.0,0.0,5.0
SFC-080DA2-30B-35B,0.0,0.0,0.0,0.0,3.0,15.0,0.0,40.0,14.0,0.0,3.0,10.0,50.0,0.0,30.0
SFC-080DA2-30B-35BH,0.0,0.0,0.0,0.0,0.0,0.0,0.0,5.0,0.0,0.0,10.0,0.0,0.0,0.0,0.0
SFC-080DA2-30B-38B,0.0,0.0,0.0,1.0,0.0,0.0,0.0,1.0,0.0,0.0,0.0,0.0,0.0,0.0,0.0
SFC-080DA2-30BH-32BH,0.0,0.0,4.0,0.0,3.0,0.0,0.0,0.0,0.0,0.0,3.0,0.0,0.0,0.0,0.0
SFC-080DA2-32B-32B,6.0,0.0,2.0,0.0,4.0,0.0,0.0,0.0,0.0,0.0,2.0,1.0,1.0,0.0,0.0
SFC-080DA2-32B-32K,6.0,0.0,0.0,0.0,0.0,0.0,0.0,0.0,0.0,0.0,0.0,0.0,0.0,0.0,0.0
SFC-080DA2-32B-35B,55.0,4.0,109.0,16.0,1.0,4.0,105.0,4.0,0.0,106.0,9.0,50.0,64.0,3.0,16.0
SFC-080DA2-32B-35K,0.0,1.0,0.0,0.0,0.0,6.0,0.0,0.0,0.0,2.0,4.0,0.0,0.0,0.0,2.0
SFC-080DA2-32B-38B,0.0,0.0,0.0,1.0,1.0,0.0,0.0,0.0,2.0,0.0,0.0,0.0,0.0,0.0,0.0
SFC-080DA2-35B-35B,127.0,15.0,102.0,8.0,119.0,7.0,6.0,8.0,69.0,52.0,15.0,24.0,105.0,4.0,9.0
SFC-080DA2-35B-38B,30.0,0.0,0.0,30.0,50.0,0.0,44.0,50.0,20.0,3.0,23.0,20.0,50.0,30.0,10.0
SFC-080DA2-35B-38K,0.0,0.0,0.0,1.0,0.0,0.0,0.0,0.0,0.0,0.0,0.0,0.0,0.0,0.0,0.0
SFC-080DA2-T012,0.0,0.0,0.0,0.0,0.0,0.0,0.0,15.0,0.0,0.0,0.0,0.0,10.0,0.0,0.0
SFC-080DA2-T088,0.0,50.0,100.0,50.0,50.0,100.0,0.0,50.0,50.0,0.0,92.0,8.0,0.0,50.0,50.0
SFC-080DA2-T090,0.0,0.0,0.0,0.0,10.0,17.0,0.0,6.0,16.0,0.0,8.0,0.0,0.0,0.0,0.0
SFC-080DA2-T091,0.0,0.0,0.0,0.0,0.0,3.0,9.0,0.0,1.0,0.0,1.0,0.0,0.0,3.0,6.0
SFC-080DA2-T094,0.0,0.0,0.0,0.0,0.0,0.0,0.0,0.0,10.0,0.0,0.0,0.0,0.0,0.0,0.0
SFC-080DA2-T130,0.0,0.0,3.0,0.0,0.0,3.0,3.0,0.0,1.0,0.0,4.0,4.0,0.0,0.0,0.0
SFC-080DA2-T170,0.0,0.0,0.0,0.0,0.0,0.0,2.0,0.0,0.0,0.0,0.0,0.0,0.0,0.0,0.0
SFC-080SA2-18B-20B,0.0,0.0,0.0,0.0,0.0,0.0,0.0,1.0,0.0,0.0,0.0,0.0,0.0,0.0,0.0
SFC-080SA2-18B-24B,0.0,0.0,0.0,0.0,0.0,0.0,0.0,0.0,5.0,50.0,20.0,20.0,80.0,196.0,131.0
SFC-080SA2-18B-25B,0.0,0.0,0.0,0.0,0.0,0.0,0.0,1.0,0.0,0.0,0.0,0.0,0.0,0.0,0.0
SFC-080SA2-18B-35B,0.0,0.0,0.0,0.0,0.0,0.0,0.0,0.0,35.0,30.0,0.0,60.0,130.0,323.0,180.0
SFC-080SA2-18B-38B,0.0,0.0,0.0,0.0,0.0,0.0,2.0,0.0,0.0,0.0,0.0,0.0,0.0,0.0,1.0
SFC-080SA2-18BH-19BH,0.0,0.0,0.0,3.0,0.0,0.0,0.0,2.0,0.0,1.0,0.0,1.0,0.0,0.0,4.0
SFC-080SA2-19B-20B,0.0,0.0,0.0,0.0,0.0,0.0,0.0,1.0,0.0,0.0,0.0,10.0,0.0,0.0,0.0
SFC-080SA2-19B-22B,0.0,0.0,0.0,0.0,0.0,0.0,0.0,0.0,0.0,0.0,0.0,0.0,1.0,0.0,0.0
SFC-080SA2-19B-30B,1.0,0.0,0.0,0.0,0.0,0.0,0.0,1.0,0.0,0.0,0.0,0.0,0.0,1.0,0.0
SFC-080SA2-19B-35B,0.0,0.0,0.0,0.0,0.0,0.0,0.0,0.0,0.0,0.0,0.0,0.0,1.0,0.0,1.0
SFC-080SA2-19B-36B,0.0,0.0,0.0,0.0,0.0,0.0,0.0,0.0,0.0,0.0,0.0,0.0,1.0,0.0,0.0
SFC-080SA2-20B-22B,1.0,0.0,0.0,0.0,0.0,0.0,0.0,0.0,0.0,0.0,0.0,0.0,0.0,0.0,0.0
SFC-080SA2-20B-24B,1.0,0.0,0.0,0.0,0.0,1.0,0.0,0.0,0.0,0.0,0.0,0.0,0.0,0.0,0.0
SFC-080SA2-20B-32B,0.0,0.0,0.0,11.0,0.0,1.0,0.0,2.0,0.0,0.0,0.0,0.0,0.0,0.0,2.0
SFC-080SA2-20B-32K,0.0,0.0,0.0,0.0,0.0,0.0,0.0,0.0,0.0,0.0,0.0,0.0,2.0,0.0,0.0
SFC-080SA2-20B-35B,0.0,0.0,0.0,12.0,0.0,0.0,0.0,0.0,0.0,0.0,0.0,0.0,0.0,0.0,0.0
SFC-080SA2-20B-38K,0.0,0.0,0.0,0.0,0.0,0.0,0.0,0.0,0.0,1.0,0.0,0.0,0.0,0.0,0.0
SFC-080SA2-22B-22B,8.0,0.0,0.0,0.0,0.0,6.0,0.0,0.0,0.0,0.0,0.0,0.0,0.0,0.0,0.0
SFC-080SA2-22B-24B,3.0,0.0,16.0,2.0,60.0,1.0,0.0,60.0,0.0,0.0,0.0,0.0,0.0,10.0,0.0
SFC-080SA2-22B-25B,0.0,0.0,4.0,0.0,0.0,1.0,0.0,0.0,0.0,0.0,0.0,0.0,12.0,0.0,0.0
SFC-080SA2-22B-28B,0.0,0.0,0.0,0.0,1.0,0.0,0.0,0.0,0.0,0.0,0.0,0.0,0.0,0.0,0.0
SFC-080SA2-22B-30B,0.0,0.0,0.0,0.0,0.0,0.0,0.0,0.0,0.0,2.0,0.0,0.0,0.0,0.0,0.0
SFC-080SA2-22B-32B,40.0,24.0,53.0,26.0,0.0,50.0,20.0,10.0,16.0,24.0,54.0,70.0,50.0,0.0,42.0
SFC-080SA2-22B-35B,0.0,0.0,0.0,0.0,1.0,1.0,0.0,3.0,0.0,0.0,6.0,0.0,0.0,10.0,17.0
SFC-080SA2-22BH-25B,0.0,0.0,0.0,0.0,0.0,0.0,0.0,1.0,0.0,1.0,0.0,0.0,0.0,1.0,0.0
SFC-080SA2-22J-25B,0.0,0.0,0.0,0.0,0.0,0.0,0.0,0.0,0.0,0.0,0.0,0.0,5.0,0.0,0.0
SFC-080SA2-24B-24B,1.0,0.0,2.0,0.0,0.0,0.0,0.0,2.0,6.0,0.0,1.0,4.0,0.0,0.0,2.0
SFC-080SA2-24B-28B,3.0,10.0,6.0,0.0,0.0,0.0,0.0,0.0,0.0,0.0,0.0,0.0,0.0,0.0,0.0
SFC-080SA2-24B-30B,0.0,0.0,0.0,0.0,2.0,1.0,3.0,0.0,0.0,0.0,0.0,0.0,0.0,0.0,0.0
SFC-080SA2-24B-32B,0.0,10.0,4.0,2.0,2.0,0.0,0.0,11.0,3.0,0.0,0.0,0.0,0.0,0.0,0.0
SFC-080SA2-24B-35B,2.0,0.0,0.0,0.0,3.0,0.0,0.0,0.0,0.0,0.0,0.0,1.0,0.0,0.0,0.0
SFC-080SA2-24K-25B,0.0,0.0,0.0,0.0,0.0,0.0,0.0,0.0,2.0,0.0,0.0,0.0,0.0,0.0,0.0
SFC-080SA2-25B-25B,3.0,2.0,0.0,0.0,0.0,2.0,0.0,2.0,1.0,0.0,0.0,0.0,3.0,0.0,3.0
SFC-080SA2-25B-28B,0.0,0.0,0.0,4.0,0.0,0.0,0.0,0.0,0.0,20.0,21.0,2.0,4.0,0.0,0.0
SFC-080SA2-25B-28J,0.0,0.0,0.0,0.0,0.0,12.0,0.0,0.0,0.0,0.0,8.0,8.0,0.0,0.0,0.0
SFC-080SA2-25B-32B,6.0,0.0,0.0,0.0,0.0,1.0,0.0,0.0,0.0,0.0,0.0,0.0,0.0,0.0,4.0
SFC-080SA2-25B-32BH,0.0,0.0,0.0,0.0,0.0,0.0,0.0,0.0,0.0,0.0,0.0,0.0,0.0,0.0,1.0
SFC-080SA2-25B-32J,50.0,2.0,46.0,14.0,12.0,29.0,34.0,10.0,26.0,53.0,21.0,71.0,10.0,166.0,26.0
SFC-080SA2-25B-32K,8.0,0.0,10.0,0.0,0.0,4.0,4.0,22.0,20.0,21.0,0.0,50.0,19.0,53.0,70.0
SFC-080SA2-25B-35B,6.0,9.0,0.0,50.0,10.0,0.0,54.0,3.0,74.0,20.0,41.0,110.0,1.0,100.0,0.0
SFC-080SA2-25B-35K,0.0,0.0,0.0,0.0,0.0,0.0,0.0,0.0,0.0,0.0,0.0,70.0,0.0,0.0,20.0
SFC-080SA2-25B-38B,0.0,0.0,4.0,0.0,0.0,0.0,0.0,0.0,0.0,0.0,0.0,0.0,0.0,0.0,0.0
SFC-080SA2-25B-38K,0.0,2.0,20.0,2.0,0.0,2.0,0.0,10.0,0.0,10.0,0.0,4.0,1.0,0.0,4.0
SFC-080SA2-25B-40B,0.0,0.0,0.0,1.0,0.0,0.0,0.0,1.0,0.0,0.0,0.0,0.0,0.0,0.0,0.0
SFC-080SA2-25BH-30BH,0.0,0.0,0.0,0.0,0.0,0.0,0.0,0.0,0.0,1.0,0.0,0.0,0.0,0.0,0.0
SFC-080SA2-28B-28B,0.0,0.0,0.0,0.0,0.0,0.0,0.0,0.0,0.0,0.0,0.0,0.0,0.0,3.0,0.0
SFC-080SA2-28B-32B,0.0,10.0,0.0,20.0,0.0,0.0,1.0,0.0,0.0,0.0,0.0,20.0,2.0,0.0,10.0
SFC-080SA2-28B-35B,0.0,0.0,0.0,3.0,0.0,0.0,6.0,16.0,17.0,0.0,0.0,0.0,12.0,50.0,4.0
SFC-080SA2-28B-40B,0.0,0.0,0.0,0.0,0.0,0.0,5.0,0.0,0.0,0.0,0.0,0.0,0.0,0.0,0.0
SFC-080SA2-30B-30B,0.0,0.0,0.0,1.0,0.0,0.0,0.0,0.0,0.0,0.0,1.0,0.0,0.0,0.0,0.0
SFC-080SA2-30B-32B,0.0,0.0,1.0,0.0,0.0,2.0,30.0,1.0,1.0,0.0,30.0,0.0,0.0,0.0,0.0
SFC-080SA2-30B-32K,0.0,0.0,0.0,0.0,6.0,0.0,0.0,0.0,0.0,0.0,0.0,0.0,0.0,0.0,0.0
SFC-080SA2-30B-35B,0.0,0.0,0.0,1.0,2.0,0.0,300.0,1.0,0.0,0.0,0.0,10.0,0.0,0.0,0.0
SFC-080SA2-30B-35K,0.0,0.0,0.0,0.0,0.0,0.0,0.0,0.0,0.0,0.0,3.0,0.0,0.0,0.0,0.0
SFC-080SA2-30B-38B,0.0,0.0,0.0,0.0,0.0,0.0,0.0,1.0,0.0,0.0,2.0,0.0,0.0,0.0,0.0
SFC-080SA2-30BJ-30BJ,0.0,0.0,0.0,0.0,0.0,0.0,0.0,0.0,0.0,0.0,0.0,4.0,0.0,0.0,0.0
SFC-080SA2-32B-32B,0.0,0.0,0.0,0.0,0.0,0.0,2.0,0.0,8.0,0.0,0.0,0.0,0.0,5.0,0.0
SFC-080SA2-32B-35B,6.0,0.0,8.0,0.0,0.0,1.0,0.0,1.0,5.0,10.0,0.0,0.0,55.0,3.0,2.0
SFC-080SA2-32B-38B,0.0,0.0,0.0,0.0,0.0,0.0,0.0,0.0,0.0,1.0,0.0,0.0,0.0,0.0,0.0
SFC-080SA2-32BH-35B,0.0,0.0,0.0,0.0,0.0,0.0,0.0,1.0,2.0,0.0,0.0,0.0,1.0,0.0,0.0
SFC-080SA2-32K-35B,0.0,0.0,0.0,0.0,0.0,0.0,0.0,0.0,0.0,1.0,0.0,0.0,0.0,0.0,0.0
SFC-080SA2-35B-35B,210.0,0.0,0.0,105.0,0.0,150.0,201.0,205.0,200.0,113.0,212.0,1.0,200.0,0.0,202.0
SFC-080SA2-35B-38B,0.0,0.0,2.0,0.0,0.0,4.0,0.0,3.0,2.0,0.0,2.0,0.0,0.0,5.0,2.0
SFC-080SA2-35B-38K,0.0,0.0,0.0,0.0,0.0,0.0,0.0,0.0,0.0,1.0,0.0,0.0,0.0,0.0,0.0
SFC-080SA2-35B-40B,10.0,0.0,0.0,0.0,0.0,0.0,0.0,0.0,0.0,0.0,0.0,0.0,10.0,0.0,0.0
SFC-080SA2-T002,0.0,0.0,0.0,0.0,0.0,0.0,0.0,0.0,0.0,0.0,0.0,10.0,0.0,0.0,0.0
SFC-080SA2-T158,0.0,0.0,0.0,0.0,0.0,0.0,1.0,0.0,0.0,0.0,0.0,0.0,0.0,0.0,0.0
SFC-080SA2-T220,0.0,0.0,0.0,20.0,30.0,20.0,13.0,0.0,19.0,0.0,13.0,0.0,0.0,0.0,0.0
SFC-080SA2-T221,45.0,10.0,3.0,60.0,0.0,26.0,15.0,0.0,102.0,1.0,20.0,0.0,0.0,0.0,0.0
SFC-080SA2-T222,0.0,50.0,100.0,50.0,0.0,100.0,0.0,0.0,100.0,0.0,100.0,0.0,0.0,50.0,50.0
SFC-080SA2-T223,0.0,0.0,46.0,22.0,10.0,10.0,20.0,0.0,16.0,0.0,33.0,16.0,0.0,39.0,0.0
SFC-080SA2-T224,13.0,8.0,15.0,10.0,0.0,10.0,5.0,0.0,2.0,0.0,0.0,0.0,0.0,18.0,0.0
SFC-080SA2-T235,0.0,2.0,0.0,0.0,0.0,0.0,0.0,0.0,0.0,0.0,2.0,0.0,0.0,0.0,0.0
SFC-080SA2-T248,0.0,0.0,0.0,0.0,0.0,0.0,0.0,50.0,80.0,0.0,0.0,0.0,0.0,80.0,0.0
SFC-080SA2-T259,0.0,0.0,0.0,0.0,0.0,0.0,11.0,0.0,2.0,0.0,0.0,0.0,0.0,0.0,2.0
SFC-080SA2-T269,0.0,0.0,0.0,0.0,0.0,0.0,1.0,0.0,0.0,2.0,0.0,0.0,0.0,0.0,0.0
SFC-090DA2-25B-25B,0.0,0.0,0.0,3.0,0.0,0.0,0.0,0.0,0.0,0.0,0.0,0.0,0.0,0.0,0.0
SFC-090DA2-25B-32B,0.0,0.0,0.0,0.0,0.0,0.0,0.0,0.0,4.0,0.0,0.0,0.0,0.0,0.0,0.0
SFC-090DA2-25B-35B,3.0,0.0,0.0,3.0,5.0,0.0,1.0,1.0,1.0,1.0,5.0,2.0,0.0,0.0,0.0
SFC-090DA2-25B-40B,0.0,1.0,27.0,10.0,0.0,0.0,5.0,0.0,15.0,0.0,1.0,1.0,15.0,0.0,8.0
SFC-090DA2-25B-42B,0.0,0.0,0.0,0.0,0.0,0.0,0.0,0.0,0.0,0.0,22.0,0.0,0.0,22.0,0.0
SFC-090DA2-26B-40B,0.0,0.0,0.0,0.0,0.0,0.0,0.0,0.0,0.0,0.0,0.0,0.0,2.0,0.0,0.0
SFC-090DA2-28B-28B,0.0,0.0,0.0,0.0,0.0,0.0,0.0,0.0,0.0,0.0,2.0,0.0,0.0,0.0,15.0
SFC-090DA2-28B-32B,15.0,0.0,0.0,0.0,0.0,0.0,10.0,0.0,6.0,0.0,0.0,0.0,0.0,3.0,0.0
SFC-090DA2-28B-35B,10.0,0.0,0.0,0.0,0.0,0.0,0.0,0.0,0.0,0.0,0.0,0.0,0.0,0.0,10.0
SFC-090DA2-28B-38B,0.0,0.0,0.0,4.0,0.0,0.0,0.0,0.0,0.0,0.0,0.0,0.0,0.0,0.0,10.0
SFC-090DA2-28B-38K,0.0,0.0,30.0,0.0,0.0,0.0,0.0,0.0,0.0,0.0,0.0,0.0,0.0,0.0,0.0
SFC-090DA2-28B-40B,0.0,0.0,0.0,8.0,4.0,0.0,4.0,0.0,0.0,0.0,0.0,0.0,0.0,0.0,0.0
SFC-090DA2-30B-30B,0.0,0.0,2.0,1.0,0.0,9.0,0.0,0.0,0.0,0.0,0.0,3.0,0.0,0.0,0.0
SFC-090DA2-30B-32B,0.0,0.0,0.0,0.0,5.0,0.0,0.0,6.0,0.0,0.0,0.0,0.0,0.0,0.0,0.0
SFC-090DA2-30B-35B,0.0,20.0,13.0,0.0,5.0,0.0,0.0,15.0,0.0,1.0,106.0,0.0,40.0,0.0,0.0
SFC-090DA2-30B-38B,0.0,0.0,3.0,12.0,0.0,0.0,0.0,5.0,7.0,4.0,5.0,2.0,5.0,0.0,5.0
SFC-090DA2-30B-38K,1.0,0.0,1.0,1.0,0.0,0.0,2.0,0.0,0.0,1.0,0.0,0.0,0.0,0.0,0.0
SFC-090DA2-30B-40B,3.0,0.0,2.0,7.0,0.0,0.0,0.0,0.0,0.0,0.0,5.0,3.0,3.0,0.0,0.0
SFC-090DA2-30BH-30BH,0.0,0.0,0.0,0.0,0.0,0.0,0.0,0.0,3.0,0.0,0.0,0.0,0.0,0.0,5.0
SFC-090DA2-30BH-42B,0.0,0.0,0.0,0.0,0.0,0.0,0.0,0.0,0.0,0.0,0.0,0.0,0.0,0.0,1.0
SFC-090DA2-30BH-42BH,1.0,0.0,0.0,0.0,0.0,0.0,0.0,0.0,0.0,0.0,0.0,0.0,0.0,0.0,0.0
SFC-090DA2-32B-32B,10.0,0.0,1.0,10.0,9.0,10.0,4.0,0.0,2.0,0.0,0.0,0.0,0.0,0.0,0.0
SFC-090DA2-32B-35B,2.0,0.0,0.0,3.0,10.0,2.0,0.0,0.0,17.0,2.0,10.0,3.0,10.0,8.0,21.0
SFC-090DA2-32B-38B,0.0,0.0,0.0,0.0,0.0,0.0,0.0,2.0,0.0,0.0,0.0,0.0,0.0,0.0,1.0
SFC-090DA2-32B-38K,0.0,0.0,6.0,0.0,0.0,0.0,0.0,10.0,0.0,3.0,0.0,0.0,6.0,4.0,0.0
SFC-090DA2-32B-40B,0.0,0.0,0.0,0.0,0.0,0.0,0.0,1.0,0.0,0.0,0.0,0.0,2.0,0.0,1.0
SFC-090DA2-32BH-32BH,0.0,0.0,0.0,0.0,0.0,0.0,0.0,0.0,0.0,0.0,0.0,0.0,0.0,0.0,10.0
SFC-090DA2-32BH-35BH,0.0,0.0,0.0,0.0,0.0,0.0,0.0,0.0,0.0,0.0,0.0,0.0,0.0,0.0,2.0
SFC-090DA2-32K-35B,0.0,0.0,0.0,0.0,40.0,0.0,0.0,0.0,0.0,0.0,0.0,0.0,0.0,0.0,0.0
SFC-090DA2-32K-35K,0.0,0.0,0.0,0.0,0.0,0.0,0.0,0.0,0.0,0.0,1.0,0.0,0.0,0.0,0.0
SFC-090DA2-32K-38K,0.0,0.0,0.0,0.0,0.0,0.0,0.0,0.0,0.0,0.0,0.0,0.0,4.0,0.0,0.0
SFC-090DA2-35B-35B,35.0,0.0,54.0,122.0,35.0,115.0,62.0,63.0,93.0,10.0,160.0,122.0,40.0,89.0,50.0
SFC-090DA2-35B-38B,0.0,0.0,30.0,10.0,2.0,0.0,5.0,0.0,7.0,6.0,18.0,0.0,15.0,3.0,39.0
SFC-090DA2-35B-38K,0.0,0.0,1.0,0.0,3.0,0.0,0.0,0.0,0.0,21.0,0.0,5.0,5.0,16.0,0.0
SFC-090DA2-35B-40B,0.0,1.0,0.0,0.0,6.0,10.0,0.0,6.0,4.0,0.0,10.0,5.0,18.0,0.0,0.0
SFC-090DA2-35B-42B,0.0,0.0,0.0,0.0,0.0,0.0,1.0,0.0,0.0,0.0,2.0,0.0,2.0,0.0,0.0
SFC-090DA2-35BH-35BH,0.0,0.0,0.0,0.0,2.0,0.0,0.0,0.0,0.0,0.0,0.0,0.0,0.0,2.0,4.0
SFC-090DA2-38B-38B,0.0,0.0,0.0,0.0,0.0,0.0,0.0,2.0,0.0,0.0,0.0,0.0,0.0,0.0,0.0
SFC-090DA2-38B-38K,0.0,0.0,1.0,0.0,0.0,0.0,0.0,0.0,0.0,0.0,3.0,0.0,0.0,0.0,0.0
SFC-090DA2-38B-40B,0.0,0.0,1.0,0.0,0.0,0.0,0.0,8.0,0.0,0.0,0.0,5.0,5.0,0.0,0.0
SFC-090DA2-38B-42B,0.0,0.0,0.0,0.0,0.0,0.0,5.0,0.0,5.0,0.0,0.0,4.0,5.0,0.0,0.0
SFC-090DA2-38K-38K,0.0,4.0,0.0,8.0,0.0,0.0,11.0,5.0,0.0,0.0,1.0,20.0,0.0,0.0,0.0
SFC-090DA2-38K-40K,0.0,2.0,0.0,5.0,0.0,0.0,15.0,5.0,0.0,0.0,0.0,20.0,0.0,0.0,0.0
SFC-090DA2-40B-40B,0.0,0.0,0.0,1.0,0.0,0.0,0.0,0.0,0.0,0.0,0.0,0.0,0.0,0.0,0.0
SFC-090DA2-40B-42B,0.0,0.0,0.0,0.0,0.0,0.0,3.0,2.0,5.0,0.0,0.0,4.0,5.0,0.0,3.0
SFC-090DA2-T072,0.0,0.0,0.0,0.0,0.0,0.0,0.0,0.0,10.0,0.0,0.0,0.0,0.0,0.0,0.0
SFC-090SA2-25.385B-38B,0.0,0.0,0.0,0.0,0.0,12.0,0.0,0.0,0.0,0.0,6.0,0.0,0.0,0.0,0.0
SFC-090SA2-25B-30B,0.0,0.0,2.0,0.0,5.0,0.0,0.0,0.0,0.0,0.0,0.0,0.0,0.0,0.0,0.0
SFC-090SA2-25B-32J,1.0,2.0,11.0,1.0,5.0,18.0,19.0,3.0,2.0,2.0,7.0,28.0,25.0,60.0,11.0
SFC-090SA2-25B-32K,8.0,0.0,0.0,0.0,0.0,0.0,0.0,0.0,0.0,0.0,1.0,0.0,0.0,0.0,0.0
SFC-090SA2-25B-35B,30.0,0.0,35.0,18.0,10.0,31.0,40.0,20.0,86.0,15.0,20.0,10.0,35.0,55.0,15.0
SFC-090SA2-25B-35K,0.0,0.0,0.0,0.0,0.0,0.0,0.0,2.0,0.0,4.0,0.0,8.0,0.0,0.0,20.0
SFC-090SA2-25B-38B,0.0,0.0,0.0,0.0,0.0,0.0,2.0,0.0,0.0,0.0,0.0,0.0,0.0,0.0,46.0
SFC-090SA2-25B-38K,11.0,0.0,0.0,0.0,0.0,4.0,4.0,0.0,0.0,0.0,0.0,2.0,0.0,8.0,2.0
SFC-090SA2-25B-42B,0.0,0.0,0.0,0.0,0.0,0.0,0.0,1.0,0.0,2.0,0.0,4.0,0.0,0.0,10.0
SFC-090SA2-28B-28B,0.0,0.0,0.0,0.0,0.0,3.0,0.0,0.0,0.0,0.0,0.0,0.0,0.0,0.0,0.0
SFC-090SA2-28B-35B,0.0,0.0,0.0,0.0,0.0,0.0,0.0,0.0,0.0,0.0,0.0,0.0,4.0,0.0,0.0
SFC-090SA2-28B-40B,0.0,0.0,0.0,0.0,0.0,0.0,0.0,1.0,0.0,0.0,0.0,0.0,14.0,0.0,4.0
SFC-090SA2-28B-42B,0.0,0.0,0.0,0.0,0.0,0.0,0.0,1.0,0.0,0.0,0.0,1.0,0.0,0.0,0.0
SFC-090SA2-30B-30B,0.0,0.0,19.0,10.0,10.0,0.0,0.0,9.0,4.0,0.0,10.0,0.0,0.0,0.0,0.0
SFC-090SA2-30B-32B,0.0,33.0,0.0,25.0,10.0,0.0,9.0,0.0,16.0,6.0,11.0,0.0,26.0,0.0,3.0
SFC-090SA2-30B-35B,0.0,0.0,0.0,0.0,2.0,0.0,0.0,0.0,0.0,1.0,5.0,0.0,0.0,0.0,0.0
SFC-090SA2-30B-38B,0.0,0.0,8.0,0.0,0.0,0.0,0.0,0.0,3.0,0.0,0.0,0.0,0.0,0.0,0.0
SFC-090SA2-30B-40B,0.0,0.0,6.0,0.0,0.0,0.0,4.0,5.0,0.0,0.0,0.0,0.0,0.0,0.0,0.0
SFC-090SA2-30BH-30BH,0.0,0.0,0.0,0.0,0.0,0.0,0.0,0.0,7.0,0.0,0.0,0.0,0.0,0.0,5.0
SFC-090SA2-30BH-32BH,0.0,0.0,0.0,0.0,0.0,0.0,0.0,0.0,0.0,0.0,1.0,0.0,0.0,0.0,0.0
SFC-090SA2-32B-32B,4.0,0.0,0.0,0.0,0.0,0.0,0.0,0.0,0.0,0.0,0.0,0.0,14.0,0.0,4.0
SFC-090SA2-32B-35B,0.0,0.0,0.0,1.0,0.0,0.0,0.0,0.0,3.0,0.0,0.0,0.0,0.0,1.0,0.0
SFC-090SA2-32B-38B,0.0,0.0,0.0,1.0,0.0,0.0,0.0,0.0,0.0,0.0,0.0,0.0,0.0,0.0,0.0
SFC-090SA2-32B-40B,0.0,0.0,0.0,0.0,0.0,0.0,0.0,0.0,0.0,0.0,0.0,0.0,4.0,0.0,0.0
SFC-090SA2-32B-42B,0.0,0.0,0.0,0.0,0.0,0.0,0.0,0.0,0.0,0.0,0.0,2.0,0.0,0.0,0.0
SFC-090SA2-32J-35B,27.0,10.0,20.0,10.0,0.0,10.0,0.0,0.0,2.0,0.0,18.0,14.0,4.0,6.0,4.0
SFC-090SA2-32K-35B,1.0,4.0,0.0,3.0,0.0,2.0,3.0,0.0,0.0,0.0,4.0,0.0,2.0,3.0,4.0
SFC-090SA2-35B-35B,130.0,30.0,80.0,90.0,80.0,100.0,97.0,60.0,116.0,70.0,180.0,119.0,252.0,83.0,90.0
SFC-090SA2-35B-38K,19.0,10.0,4.0,10.0,4.0,28.0,0.0,1.0,4.0,17.0,19.0,27.0,15.0,41.0,6.0
SFC-090SA2-35B-40B,0.0,0.0,4.0,0.0,0.0,0.0,0.0,0.0,0.0,1.0,0.0,0.0,0.0,0.0,0.0
SFC-090SA2-35B-42B,0.0,0.0,0.0,0.0,0.0,1.0,0.0,2.0,0.0,0.0,0.0,0.0,0.0,0.0,0.0
SFC-090SA2-38B-38B,2.0,0.0,0.0,0.0,19.0,0.0,0.0,5.0,5.0,0.0,0.0,0.0,0.0,12.0,0.0
SFC-090SA2-38B-40B,0.0,0.0,0.0,0.0,0.0,1.0,0.0,0.0,1.0,0.0,0.0,0.0,0.0,0.0,0.0
SFC-090SA2-40B-40B,0.0,0.0,0.0,0.0,0.0,0.0,0.0,8.0,0.0,0.0,0.0,0.0,0.0,0.0,0.0
SFC-090SA2-T041,2.0,0.0,5.0,2.0,0.0,5.0,2.0,1.0,5.0,0.0,0.0,3.0,9.0,0.0,12.0
SFC-090SA2-T045,0.0,0.0,0.0,0.0,0.0,0.0,1.0,0.0,0.0,0.0,0.0,0.0,1.0,0.0,0.0
SFC-100DA2-28B-35B,0.0,0.0,0.0,0.0,0.0,0.0,0.0,0.0,0.0,0.0,1.0,0.0,0.0,0.0,0.0
SFC-100DA2-32B-32B,0.0,0.0,0.0,0.0,0.0,1.0,0.0,0.0,0.0,0.0,0.0,1.0,0.0,0.0,0.0
SFC-100DA2-32B-35B,0.0,0.0,0.0,0.0,3.0,0.0,0.0,0.0,0.0,0.0,0.0,0.0,0.0,0.0,0.0
SFC-100DA2-32B-40B,0.0,0.0,4.0,0.0,0.0,0.0,0.0,0.0,0.0,0.0,0.0,3.0,0.0,0.0,0.0
SFC-100DA2-32BH-32BH,0.0,0.0,0.0,0.0,0.0,0.0,0.0,0.0,0.0,0.0,0.0,0.0,1.0,0.0,0.0
SFC-100DA2-35B-35B,1.0,0.0,0.0,0.0,0.0,0.0,0.0,0.0,2.0,0.0,0.0,0.0,0.0,0.0,0.0
SFC-100DA2-35B-38B,0.0,0.0,0.0,0.0,0.0,0.0,5.0,0.0,0.0,0.0,0.0,0.0,0.0,0.0,0.0
SFC-100DA2-35B-38K,0.0,0.0,0.0,0.0,0.0,0.0,0.0,0.0,0.0,0.0,0.0,0.0,0.0,1.0,0.0
SFC-100DA2-35B-40B,0.0,0.0,3.0,0.0,3.0,0.0,10.0,1.0,3.0,0.0,0.0,0.0,0.0,0.0,3.0
SFC-100DA2-35B-42B,0.0,0.0,45.0,5.0,0.0,0.0,0.0,0.0,0.0,0.0,20.0,30.0,0.0,0.0,0.0
SFC-100DA2-35B-45B,4.0,0.0,1.0,0.0,0.0,0.0,0.0,0.0,0.0,0.0,0.0,0.0,0.0,0.0,0.0
SFC-100DA2-38B-38B,0.0,1.0,0.0,0.0,0.0,0.0,0.0,0.0,0.0,0.0,0.0,0.0,0.0,0.0,0.0
SFC-100DA2-38B-38K,0.0,0.0,0.0,0.0,0.0,0.0,0.0,0.0,0.0,0.0,1.0,0.0,0.0,0.0,0.0
SFC-100DA2-38B-40B,0.0,0.0,0.0,0.0,0.0,0.0,0.0,0.0,0.0,0.0,0.0,0.0,1.0,0.0,0.0
SFC-100DA2-38B-45B,0.0,0.0,0.0,0.0,0.0,0.0,0.0,0.0,3.0,0.0,0.0,0.0,10.0,0.0,0.0
SFC-100DA2-38K-40K,0.0,2.0,0.0,5.0,0.0,0.0,5.0,5.0,0.0,0.0,0.0,20.0,0.0,0.0,0.0
SFC-100DA2-40B-40B,0.0,0.0,0.0,0.0,6.0,0.0,0.0,0.0,1.0,3.0,1.0,8.0,0.0,0.0,0.0
SFC-100DA2-40B-40K,0.0,0.0,0.0,0.0,0.0,0.0,0.0,0.0,0.0,0.0,0.0,0.0,10.0,0.0,0.0
SFC-100DA2-40B-42B,0.0,0.0,0.0,2.0,0.0,0.0,3.0,0.0,5.0,0.0,1.0,5.0,5.0,0.0,2.0
SFC-100DA2-40B-45B,0.0,0.0,0.0,0.0,0.0,0.0,0.0,0.0,1.0,0.0,0.0,0.0,0.0,0.0,0.0
SFC-100DA2-40K-40K,0.0,4.0,0.0,9.0,0.0,0.0,8.0,0.0,0.0,0.0,0.0,10.0,0.0,0.0,0.0
SFC-100DA2-42B-42B,0.0,0.0,0.0,0.0,0.0,0.0,0.0,0.0,2.0,0.0,5.0,0.0,0.0,0.0,5.0
SFC-100DA2-45B-45B,0.0,0.0,3.0,0.0,0.0,0.0,0.0,0.0,0.0,0.0,0.0,0.0,0.0,0.0,0.0
SFC-100SA2-32B-32B,0.0,1.0,0.0,0.0,0.0,0.0,0.0,0.0,0.0,0.0,0.0,0.0,0.0,0.0,0.0
SFC-100SA2-32B-38B,0.0,0.0,0.0,0.0,0.0,0.0,0.0,0.0,0.0,0.0,1.0,0.0,0.0,0.0,0.0
SFC-100SA2-32B-40B,1.0,0.0,0.0,0.0,0.0,0.0,0.0,0.0,0.0,0.0,0.0,0.0,1.0,0.0,0.0
SFC-100SA2-32B-42B,0.0,0.0,0.0,1.0,0.0,0.0,0.0,0.0,0.0,0.0,0.0,0.0,0.0,0.0,0.0
SFC-100SA2-32B-45B,0.0,0.0,0.0,0.0,0.0,0.0,1.0,0.0,0.0,0.0,0.0,0.0,0.0,0.0,0.0
SFC-100SA2-35B-35B,0.0,0.0,0.0,0.0,0.0,1.0,0.0,0.0,0.0,0.0,0.0,0.0,0.0,0.0,0.0
SFC-100SA2-35B-35K,0.0,0.0,0.0,0.0,0.0,0.0,0.0,0.0,0.0,0.0,0.0,12.0,0.0,0.0,0.0
SFC-100SA2-35B-38K,12.0,8.0,1.0,1.0,5.0,4.0,4.0,1.0,9.0,8.0,27.0,1.0,9.0,6.0,8.0
SFC-100SA2-35B-40B,4.0,0.0,1.0,0.0,0.0,0.0,0.0,0.0,0.0,0.0,0.0,0.0,0.0,0.0,0.0
SFC-100SA2-36B-38B,0.0,24.0,12.0,0.0,20.0,0.0,14.0,0.0,2.0,0.0,0.0,0.0,0.0,0.0,0.0
SFC-100SA2-38B-38J,5.0,0.0,20.0,0.0,0.0,0.0,2.0,12.0,0.0,0.0,0.0,0.0,32.0,0.0,52.0
SFC-100SA2-38B-38K,0.0,0.0,4.0,0.0,0.0,0.0,11.0,0.0,0.0,0.0,0.0,0.0,0.0,0.0,0.0
SFC-100SA2-38B-40B,1.0,0.0,0.0,0.0,0.0,0.0,0.0,0.0,0.0,0.0,0.0,0.0,0.0,0.0,0.0
SFC-100SA2-38BH-38BH,2.0,0.0,0.0,0.0,0.0,0.0,0.0,0.0,0.0,0.0,0.0,0.0,0.0,0.0,0.0
SFC-100SA2-38K-45B,0.0,0.0,0.0,0.0,0.0,0.0,0.0,0.0,0.0,0.0,0.0,0.0,0.0,5.0,0.0
SFF-040SS-8B-14B-8N,0.0,0.0,0.0,0.0,0.0,0.0,0.0,0.0,0.0,1.0,0.0,0.0,0.0,0.0,0.0
SFF-040SS-T001N,0.0,0.0,1.0,0.0,0.0,0.0,2.0,0.0,0.0,0.0,0.0,0.0,0.0,0.0,0.0
SFF-050DS-15B-14CN-25N  ,0.0,0.0,0.0,0.0,0.0,1.0,0.0,0.0,0.0,0.0,0.0,0.0,0.0,0.0,0.0
SFF-050SS-14B-16B-25N,0.0,0.0,0.0,0.0,0.0,0.0,2.0,0.0,0.0,0.0,0.0,0.0,0.0,0.0,0.0
SFF-050SS-17B-19B-25N,0.0,0.0,0.0,0.0,6.0,2.0,0.0,0.0,0.0,0.0,0.0,0.0,0.0,0.0,0.0
SFF-060DS-18B-18B-60N,0.0,0.0,0.0,0.0,3.0,2.0,0.0,0.0,0.0,0.0,0.0,0.0,0.0,0.0,0.0
SFF-060DS-18B-24BK-60N,0.0,0.0,0.0,0.0,0.0,0.0,0.0,0.0,0.0,0.0,0.0,4.0,0.0,0.0,0.0
SFF-060DS-20B-24BK-80N,0.0,0.0,0.0,0.0,0.0,0.0,0.0,0.0,0.0,0.0,0.0,8.0,0.0,0.0,0.0
SFF-060SS-14BK-16B-60N,0.0,0.0,0.0,0.0,0.0,0.0,0.0,0.0,5.0,0.0,0.0,0.0,0.0,0.0,0.0
SFF-060SS-16B-22B-60N,0.0,0.0,0.0,1.0,0.0,0.0,0.0,0.0,0.0,0.0,0.0,0.0,0.0,0.0,0.0
SFF-060SS-16B-22BJ-60N,0.0,0.0,0.0,0.0,0.0,0.0,0.0,0.0,0.0,0.0,0.0,0.0,0.0,0.0,2.0
SFF-060SS-17B-24B-60N,0.0,0.0,20.0,0.0,0.0,0.0,0.0,0.0,15.0,0.0,5.0,0.0,0.0,0.0,0.0
SFF-060SS-19B-22B-60N,5.0,0.0,0.0,0.0,2.0,0.0,6.0,0.0,0.0,6.0,13.0,0.0,12.0,0.0,4.0
SFF-060SS-19B-25B-60N,0.0,0.0,0.0,0.0,0.0,0.0,0.0,0.0,0.0,0.0,2.0,0.0,0.0,0.0,0.0
SFF-060SS-22B-22B-80N,0.0,0.0,0.0,0.0,0.0,0.0,0.0,0.0,0.0,0.0,0.0,0.0,0.0,0.0,2.0
SFF-060SS-T011N,0.0,0.0,0.0,0.0,0.0,0.0,1.0,0.0,0.0,0.0,0.0,0.0,0.0,0.0,0.0
SFF-070DS-18B-22BK-90N,0.0,0.0,0.0,0.0,0.0,0.0,0.0,0.0,5.0,0.0,0.0,0.0,0.0,0.0,0.0
SFF-070DS-18B-32BK-90N,0.0,0.0,0.0,0.0,0.0,0.0,0.0,0.0,0.0,0.0,0.0,4.0,0.0,0.0,0.0
SFF-070DS-20B-32BK-100N,0.0,0.0,0.0,0.0,0.0,0.0,0.0,0.0,0.0,0.0,0.0,8.0,0.0,0.0,0.0
SFF-070DS-20K-32KK,0.0,0.0,0.0,0.0,0.0,0.0,0.0,4.0,0.0,0.0,0.0,0.0,0.0,0.0,0.0
SFF-070DS-22K-22K,0.0,0.0,0.0,0.0,0.0,4.0,4.0,0.0,0.0,0.0,0.0,0.0,0.0,0.0,0.0
SFF-070DS-22K-28K,0.0,0.0,0.0,0.0,0.0,4.0,4.0,0.0,0.0,0.0,0.0,0.0,0.0,0.0,0.0
SFF-070DS-24K-30K,4.0,0.0,0.0,0.0,0.0,0.0,0.0,0.0,0.0,0.0,0.0,0.0,0.0,0.0,0.0
SFF-070DS-25B-35BS-100N,0.0,0.0,0.0,0.0,0.0,0.0,0.0,0.0,0.0,0.0,0.0,0.0,5.0,0.0,0.0
SFF-070DS-28K-35K,4.0,0.0,0.0,0.0,0.0,0.0,0.0,0.0,0.0,0.0,0.0,0.0,0.0,0.0,0.0
SFF-070DS-32B-35B-100N,0.0,0.0,0.0,0.0,4.0,0.0,0.0,0.0,0.0,0.0,0.0,16.0,0.0,0.0,0.0
SFF-070SS-18B-20B-90N,0.0,0.0,0.0,0.0,0.0,0.0,0.0,0.0,0.0,1.0,0.0,0.0,0.0,0.0,0.0
SFF-070SS-18B-28BJ-90N,0.0,0.0,0.0,0.0,0.0,0.0,0.0,0.0,0.0,0.0,0.0,5.0,0.0,0.0,0.0
SFF-070SS-18K-32K,0.0,0.0,0.0,0.0,0.0,0.0,0.0,0.0,0.0,0.0,0.0,0.0,1.0,0.0,0.0
SFF-070SS-19B-24B-90N,0.0,0.0,0.0,0.0,0.0,0.0,0.0,1.0,0.0,0.0,0.0,0.0,0.0,1.0,0.0
SFF-070SS-20B-25B-100N,0.0,0.0,0.0,0.0,0.0,1.0,0.0,0.0,0.0,0.0,0.0,0.0,0.0,0.0,0.0
SFF-070SS-20K-24K,0.0,0.0,0.0,3.0,0.0,0.0,0.0,0.0,0.0,0.0,0.0,0.0,0.0,0.0,20.0
SFF-070SS-20K-35K,0.0,0.0,0.0,0.0,0.0,0.0,0.0,0.0,0.0,0.0,4.0,0.0,30.0,0.0,0.0
SFF-070SS-22B-24B-100N,0.0,0.0,0.0,0.0,0.0,0.0,0.0,30.0,12.0,34.0,0.0,20.0,0.0,0.0,0.0
SFF-070SS-22K-22K,0.0,0.0,3.0,0.0,0.0,0.0,0.0,0.0,0.0,0.0,0.0,0.0,0.0,0.0,0.0
SFF-070SS-22K-24K,0.0,0.0,3.0,0.0,0.0,0.0,0.0,0.0,0.0,0.0,80.0,0.0,0.0,0.0,0.0
SFF-070SS-22K-32K-100N,5.0,0.0,0.0,0.0,0.0,0.0,0.0,0.0,0.0,0.0,0.0,0.0,0.0,0.0,0.0
SFF-070SS-24B-30B-100N,0.0,0.0,0.0,1.0,0.0,0.0,0.0,0.0,0.0,0.0,0.0,0.0,0.0,0.0,0.0
SFF-070SS-24K-24K,0.0,0.0,0.0,0.0,0.0,2.0,0.0,0.0,0.0,0.0,0.0,0.0,0.0,0.0,0.0
SFF-070SS-24K-25K,0.0,0.0,0.0,2.0,0.0,0.0,0.0,0.0,0.0,0.0,0.0,0.0,0.0,0.0,0.0
SFF-070SS-24K-25K-100N,0.0,0.0,0.0,0.0,0.0,0.0,0.0,0.0,0.0,0.0,0.0,0.0,6.0,0.0,0.0
SFF-070SS-24K-28K,0.0,0.0,0.0,0.0,0.0,0.0,0.0,0.0,0.0,0.0,0.0,0.0,0.0,0.0,10.0
SFF-070SS-24K-28K-100N,0.0,0.0,0.0,0.0,0.0,0.0,0.0,0.0,0.0,0.0,0.0,0.0,0.0,0.0,6.0
SFF-070SS-24K-35K,0.0,0.0,4.0,0.0,0.0,0.0,0.0,0.0,0.0,0.0,0.0,0.0,0.0,0.0,0.0
SFF-070SS-24K-35K-100N,0.0,0.0,0.0,0.0,0.0,0.0,0.0,0.0,0.0,0.0,0.0,0.0,0.0,9.0,0.0
SFF-070SS-25K-25K-100N,0.0,0.0,0.0,0.0,0.0,0.0,0.0,0.0,1.0,0.0,0.0,0.0,0.0,0.0,0.0
SFF-070SS-28K-35KS,0.0,0.0,0.0,0.0,0.0,0.0,3.0,0.0,0.0,0.0,0.0,0.0,0.0,0.0,0.0
SFF-070SS-32B-35BS-100N,0.0,0.0,0.0,4.0,6.0,0.0,11.0,1.0,0.0,9.0,26.0,0.0,18.0,0.0,12.0
SFF-080DS-22K-22K,0.0,0.0,0.0,0.0,0.0,0.0,6.0,0.0,0.0,36.0,0.0,0.0,2.0,0.0,0.0
SFF-080DS-22K-24KK,0.0,0.0,6.0,0.0,0.0,13.0,0.0,1.0,0.0,10.0,0.0,0.0,0.0,14.0,9.0
SFF-080DS-22K-30K,0.0,0.0,0.0,0.0,0.0,0.0,0.0,0.0,0.0,0.0,0.0,1.0,0.0,0.0,0.0
SFF-080DS-22K-32KK,0.0,0.0,0.0,0.0,0.0,0.0,0.0,0.0,0.0,0.0,0.0,3.0,1.0,0.0,0.0
SFF-080DS-22K-35KS,0.0,0.0,1.0,0.0,0.0,0.0,0.0,0.0,0.0,0.0,0.0,0.0,0.0,0.0,0.0
SFF-080DS-24K-28K,0.0,3.0,0.0,0.0,0.0,0.0,0.0,0.0,0.0,0.0,0.0,0.0,0.0,0.0,0.0
SFF-080DS-24K-32K,0.0,0.0,0.0,4.0,0.0,0.0,0.0,0.0,0.0,0.0,0.0,0.0,0.0,0.0,0.0
SFF-080DS-24K-35K,2.0,0.0,0.0,0.0,0.0,0.0,0.0,0.0,0.0,0.0,0.0,0.0,0.0,0.0,0.0
SFF-080DS-24K-35KS,0.0,0.0,0.0,6.0,0.0,0.0,3.0,0.0,0.0,0.0,0.0,0.0,0.0,0.0,0.0
SFF-080DS-24KK-35K,0.0,0.0,0.0,0.0,0.0,0.0,0.0,0.0,0.0,1.0,0.0,0.0,0.0,0.0,0.0
SFF-080DS-25B-38BK-200N,0.0,0.0,0.0,0.0,0.0,0.0,0.0,0.0,0.0,0.0,0.0,0.0,0.0,0.0,1.0
SFF-080DS-25K-32KK,0.0,0.0,0.0,0.0,0.0,0.0,0.0,0.0,0.0,0.0,0.0,0.0,3.0,0.0,0.0
SFF-080DS-25K-32KK-150N,0.0,0.0,0.0,0.0,0.0,0.0,0.0,2.0,0.0,0.0,0.0,0.0,0.0,0.0,0.0
SFF-080DS-25K-35K,0.0,0.0,0.0,4.0,0.0,0.0,0.0,0.0,0.0,0.0,0.0,0.0,0.0,0.0,0.0
SFF-080DS-25K-35K-150N,0.0,1.0,0.0,3.0,2.0,10.0,0.0,0.0,0.0,0.0,0.0,0.0,0.0,0.0,0.0
SFF-080DS-25K-35KS,0.0,2.0,0.0,0.0,0.0,0.0,0.0,0.0,0.0,0.0,0.0,0.0,0.0,0.0,0.0
SFF-080DS-25K-35KS-200N,0.0,0.0,0.0,0.0,0.0,0.0,0.0,0.0,0.0,0.0,0.0,0.0,2.0,0.0,0.0
SFF-080DS-28BM-32BJ-200N,0.0,0.0,1.0,0.0,0.0,0.0,0.0,0.0,0.0,0.0,0.0,0.0,0.0,0.0,0.0
SFF-080DS-28K-32KK,30.0,2.0,30.0,0.0,32.0,0.0,30.0,30.0,0.0,0.0,0.0,6.0,0.0,18.0,0.0
SFF-080DS-28K-35K,0.0,1.0,0.0,0.0,4.0,0.0,0.0,0.0,0.0,0.0,0.0,2.0,0.0,0.0,0.0
SFF-080DS-28K-35KS-200N,0.0,0.0,0.0,0.0,0.0,0.0,0.0,0.0,0.0,0.0,0.0,0.0,0.0,1.0,0.0
SFF-080DS-28K-38K,1.0,0.0,0.0,0.0,0.0,0.0,0.0,0.0,0.0,0.0,0.0,0.0,0.0,0.0,0.0
SFF-080DS-30K-35K,0.0,0.0,2.0,0.0,0.0,0.0,0.0,0.0,1.0,0.0,0.0,1.0,6.0,0.0,2.0
SFF-080DS-30K-35K-200N,0.0,0.0,0.0,0.0,0.0,0.0,0.0,0.0,0.0,0.0,0.0,0.0,0.0,4.0,0.0
SFF-080DS-32K-32KK,0.0,0.0,3.0,12.0,18.0,0.0,15.0,0.0,0.0,12.0,0.0,0.0,0.0,0.0,12.0
SFF-080DS-32KK-35K-200N,0.0,0.0,0.0,0.0,0.0,0.0,0.0,0.0,0.0,0.0,0.0,0.0,0.0,19.0,0.0
SFF-080DS-35K-35K,0.0,0.0,3.0,0.0,0.0,4.0,0.0,0.0,0.0,0.0,0.0,0.0,0.0,0.0,0.0
SFF-080DS-35K-35K-150N,0.0,1.0,0.0,5.0,0.0,10.0,0.0,0.0,0.0,0.0,0.0,0.0,0.0,0.0,0.0
SFF-080DS-35K-35KS-200N,0.0,0.0,0.0,0.0,0.0,0.0,0.0,0.0,0.0,0.0,0.0,0.0,1.0,0.0,0.0
SFF-080DS-38K-38K-200N,0.0,0.0,0.0,0.0,0.0,0.0,0.0,0.0,0.0,0.0,0.0,0.0,0.0,3.0,0.0
SFF-080DS-T003,0.0,15.0,20.0,20.0,0.0,22.0,10.0,22.0,0.0,0.0,0.0,5.0,5.0,8.0,0.0
SFF-080DS-T041,65.0,10.0,66.0,15.0,0.0,17.0,0.0,0.0,6.0,0.0,0.0,0.0,0.0,14.0,0.0
SFF-080DS-T042,0.0,0.0,0.0,5.0,0.0,0.0,0.0,0.0,3.0,0.0,0.0,0.0,0.0,0.0,0.0
SFF-080DS-T082N,0.0,0.0,0.0,0.0,0.0,0.0,0.0,2.0,0.0,0.0,0.0,1.0,0.0,0.0,0.0
SFF-080DS-T084N,0.0,0.0,0.0,0.0,0.0,0.0,0.0,0.0,0.0,0.0,0.0,0.0,1.0,0.0,0.0
SFF-080SS-22B-24B-200N,11.0,0.0,1.0,0.0,0.0,0.0,0.0,0.0,0.0,0.0,0.0,0.0,0.0,0.0,0.0
SFF-080SS-22B-35B-200N,0.0,0.0,18.0,0.0,0.0,0.0,0.0,0.0,0.0,0.0,0.0,0.0,0.0,15.0,0.0
SFF-080SS-22K-24K,0.0,0.0,10.0,20.0,0.0,24.0,20.0,24.0,2.0,23.0,0.0,10.0,1.0,0.0,10.0
SFF-080SS-22K-24K-150N,0.0,0.0,0.0,0.0,0.0,0.0,0.0,0.0,10.0,0.0,0.0,0.0,0.0,0.0,0.0
SFF-080SS-22K-24K-200N,0.0,0.0,5.0,0.0,0.0,0.0,0.0,0.0,0.0,0.0,0.0,0.0,0.0,0.0,0.0
SFF-080SS-22K-25K-200N,0.0,0.0,0.0,2.0,0.0,0.0,0.0,0.0,0.0,0.0,0.0,0.0,0.0,0.0,0.0
SFF-080SS-22K-28K,2.0,0.0,0.0,0.0,0.0,10.0,3.0,0.0,0.0,0.0,0.0,2.0,0.0,0.0,0.0
SFF-080SS-22K-30K-200N,0.0,0.0,0.0,2.0,0.0,0.0,0.0,0.0,0.0,0.0,0.0,0.0,0.0,0.0,0.0
SFF-080SS-22K-35KS,0.0,11.0,21.0,20.0,0.0,22.0,17.0,16.0,0.0,0.0,0.0,5.0,5.0,0.0,11.0
SFF-080SS-22KK-25KK,0.0,0.0,0.0,0.0,0.0,1.0,1.0,0.0,0.0,0.0,0.0,0.0,0.0,0.0,0.0
SFF-080SS-24K-32K,0.0,2.0,0.0,0.0,0.0,0.0,0.0,0.0,0.0,0.0,0.0,0.0,0.0,0.0,0.0
SFF-080SS-24KK-32K,0.0,0.0,0.0,0.0,0.0,0.0,2.0,0.0,0.0,0.0,0.0,0.0,0.0,0.0,0.0
SFF-080SS-24KK-32KK,0.0,0.0,0.0,10.0,11.0,0.0,0.0,0.0,0.0,0.0,0.0,0.0,0.0,0.0,0.0
SFF-080SS-25B-25B-150N,0.0,0.0,0.0,0.0,1.0,0.0,0.0,0.0,0.0,0.0,0.0,0.0,0.0,0.0,0.0
SFF-080SS-25B-35BK-150N,0.0,0.0,0.0,0.0,0.0,5.0,0.0,0.0,0.0,0.0,0.0,0.0,0.0,0.0,0.0
SFF-080SS-25K-25K,0.0,0.0,0.0,0.0,2.0,0.0,0.0,0.0,0.0,0.0,0.0,0.0,0.0,0.0,0.0
SFF-080SS-25K-25K-150N,0.0,0.0,0.0,0.0,0.0,0.0,1.0,0.0,0.0,0.0,0.0,4.0,0.0,0.0,0.0
SFF-080SS-25K-25K-200N,0.0,0.0,0.0,4.0,0.0,0.0,0.0,0.0,0.0,0.0,0.0,0.0,0.0,0.0,0.0
SFF-080SS-25K-32K,0.0,0.0,0.0,3.0,0.0,1.0,0.0,7.0,2.0,0.0,0.0,3.0,0.0,0.0,1.0
SFF-080SS-25K-32KK,0.0,0.0,0.0,0.0,0.0,0.0,0.0,6.0,0.0,0.0,0.0,0.0,0.0,0.0,0.0
SFF-080SS-25K-35K,22.0,0.0,3.0,0.0,0.0,0.0,0.0,0.0,2.0,0.0,0.0,2.0,2.0,0.0,0.0
SFF-080SS-25K-35KS,0.0,7.0,0.0,15.0,9.0,0.0,0.0,12.0,18.0,0.0,0.0,0.0,0.0,0.0,0.0
SFF-080SS-28B-28B-200N,0.0,0.0,0.0,0.0,0.0,0.0,0.0,0.0,2.0,0.0,0.0,0.0,0.0,0.0,0.0
SFF-080SS-28K-32KK,0.0,0.0,29.0,0.0,0.0,0.0,29.0,0.0,30.0,0.0,40.0,0.0,0.0,0.0,0.0
SFF-080SS-28K-35K,0.0,0.0,0.0,0.0,0.0,0.0,0.0,0.0,0.0,0.0,0.0,0.0,0.0,0.0,5.0
SFF-080SS-28K-35KK,0.0,0.0,0.0,12.0,0.0,0.0,0.0,0.0,0.0,0.0,0.0,0.0,0.0,12.0,0.0
SFF-080SS-28K-35KS,0.0,0.0,0.0,3.0,0.0,0.0,7.0,0.0,0.0,0.0,0.0,0.0,0.0,0.0,0.0
SFF-080SS-30B-30B-200N,0.0,0.0,0.0,0.0,0.0,0.0,0.0,0.0,0.0,0.0,0.0,0.0,0.0,0.0,1.0
SFF-080SS-30K-35K,18.0,0.0,0.0,0.0,6.0,0.0,0.0,0.0,0.0,0.0,0.0,0.0,0.0,0.0,0.0
SFF-080SS-30K-35KS,42.0,15.0,0.0,9.0,21.0,41.0,45.0,37.0,63.0,0.0,57.0,5.0,34.0,2.0,12.0
SFF-080SS-30K-35KS-150N,0.0,0.0,0.0,0.0,0.0,0.0,0.0,0.0,0.0,0.0,0.0,0.0,0.0,3.0,0.0
SFF-080SS-32B-35BS-150N,0.0,0.0,0.0,0.0,0.0,0.0,0.0,0.0,0.0,0.0,0.0,0.0,0.0,0.0,2.0
SFF-080SS-32K-32KK,0.0,0.0,0.0,0.0,0.0,0.0,4.0,0.0,0.0,0.0,0.0,0.0,0.0,0.0,0.0
SFF-080SS-32K-35K,0.0,0.0,3.0,0.0,0.0,1.0,0.0,9.0,0.0,0.0,0.0,0.0,0.0,0.0,1.0
SFF-080SS-32K-35KS,0.0,0.0,2.0,0.0,0.0,0.0,6.0,0.0,0.0,0.0,6.0,0.0,0.0,9.0,21.0
SFF-080SS-32KJ-35K,0.0,0.0,0.0,0.0,0.0,0.0,0.0,0.0,0.0,0.0,1.0,0.0,3.0,0.0,0.0
SFF-080SS-35B-35B-200N,0.0,0.0,0.0,3.0,0.0,0.0,0.0,0.0,0.0,0.0,0.0,0.0,0.0,0.0,0.0
SFF-080SS-35B-35BS-200N,0.0,0.0,0.0,0.0,0.0,0.0,0.0,0.0,0.0,0.0,3.0,0.0,0.0,0.0,0.0
SFF-080SS-35K-35K,0.0,0.0,0.0,0.0,4.0,0.0,0.0,0.0,0.0,0.0,0.0,0.0,0.0,0.0,0.0
SFF-080SS-35K-35KS,10.0,20.0,0.0,24.0,20.0,30.0,10.0,0.0,10.0,10.0,0.0,32.0,10.0,0.0,23.0
SFF-080SS-35K-35KS-200N,0.0,0.0,0.0,0.0,0.0,0.0,0.0,0.0,0.0,0.0,15.0,0.0,0.0,0.0,0.0
SFF-090DS-25K-35KS,10.0,0.0,0.0,20.0,0.0,5.0,10.0,5.0,10.0,10.0,0.0,10.0,0.0,10.0,5.0
SFF-090DS-25K-38KK,0.0,0.0,0.0,0.0,1.0,0.0,0.0,0.0,10.0,0.0,0.0,5.0,0.0,0.0,0.0
SFF-090DS-25K-40K,0.0,0.0,0.0,0.0,0.0,5.0,0.0,0.0,0.0,0.0,0.0,0.0,0.0,0.0,7.0
SFF-090DS-28K-32KK,0.0,0.0,0.0,0.0,0.0,0.0,0.0,0.0,0.0,0.0,0.0,0.0,0.0,0.0,2.0
SFF-090DS-28K-35K,0.0,0.0,7.0,1.0,5.0,3.0,0.0,3.0,2.0,0.0,0.0,0.0,0.0,0.0,0.0
SFF-090DS-28K-35KS,0.0,10.0,10.0,10.0,0.0,0.0,0.0,0.0,15.0,0.0,0.0,0.0,10.0,0.0,5.0
SFF-090DS-28K-38KK,1.0,0.0,3.0,0.0,6.0,4.0,0.0,10.0,18.0,0.0,0.0,2.0,0.0,0.0,5.0
SFF-090DS-30K-35K,0.0,0.0,0.0,0.0,0.0,0.0,3.0,0.0,10.0,0.0,0.0,0.0,0.0,0.0,3.0
SFF-090DS-30K-38K,0.0,0.0,0.0,2.0,0.0,2.0,0.0,0.0,0.0,0.0,0.0,0.0,0.0,4.0,0.0
SFF-090DS-30K-40K,0.0,0.0,0.0,0.0,10.0,0.0,0.0,0.0,5.0,0.0,0.0,0.0,0.0,0.0,0.0
SFF-090DS-30KK-30KK,0.0,0.0,0.0,0.0,0.0,0.0,0.0,0.0,0.0,0.0,0.0,0.0,0.0,1.0,0.0
SFF-090DS-32K-35K-300N,4.0,0.0,0.0,0.0,0.0,5.0,0.0,0.0,0.0,0.0,0.0,0.0,0.0,0.0,0.0
SFF-090DS-32K-35KK,0.0,0.0,0.0,0.0,0.0,0.0,0.0,0.0,0.0,0.0,2.0,0.0,0.0,0.0,0.0
SFF-090DS-32K-38K,0.0,0.0,0.0,0.0,0.0,0.0,0.0,0.0,2.0,0.0,20.0,2.0,0.0,0.0,0.0
SFF-090DS-32K-40K,0.0,0.0,0.0,0.0,0.0,0.0,0.0,0.0,0.0,0.0,0.0,2.0,0.0,0.0,0.0
SFF-090DS-32K-45K-300N,5.0,0.0,0.0,0.0,0.0,0.0,0.0,0.0,0.0,0.0,0.0,0.0,0.0,0.0,0.0
SFF-090DS-32KJ-45KJ,0.0,0.0,1.0,0.0,2.0,2.0,0.0,0.0,0.0,0.0,0.0,0.0,0.0,0.0,0.0
SFF-090DS-32KK-42K,0.0,0.0,0.0,0.0,0.0,0.0,3.0,0.0,9.0,1.0,0.0,1.0,5.0,0.0,7.0
SFF-090DS-35K-35K,0.0,0.0,10.0,12.0,6.0,2.0,0.0,2.0,0.0,3.0,5.0,0.0,0.0,0.0,1.0
SFF-090DS-35K-35K-300N,12.0,0.0,0.0,0.0,0.0,0.0,0.0,0.0,0.0,0.0,0.0,0.0,0.0,0.0,0.0
SFF-090DS-35K-35KS,0.0,0.0,0.0,0.0,0.0,0.0,0.0,21.0,0.0,6.0,0.0,0.0,2.0,15.0,9.0
SFF-090DS-35K-38K,1.0,0.0,1.0,0.0,2.0,0.0,10.0,4.0,2.0,0.0,0.0,0.0,0.0,1.0,0.0
SFF-090DS-35K-38KK,5.0,47.0,2.0,5.0,7.0,11.0,13.0,0.0,16.0,0.0,1.0,2.0,0.0,0.0,21.0
SFF-090DS-35K-40K,11.0,0.0,0.0,23.0,0.0,6.0,0.0,5.0,20.0,10.0,10.0,10.0,5.0,0.0,0.0
SFF-090DS-35K-42K-300N,0.0,0.0,0.0,0.0,0.0,0.0,0.0,0.0,0.0,0.0,0.0,0.0,0.0,0.0,6.0
SFF-090DS-35K-45K,0.0,0.0,2.0,0.0,0.0,0.0,0.0,0.0,0.0,0.0,0.0,0.0,0.0,0.0,0.0
SFF-090DS-35KS-40K,0.0,1.0,0.0,0.0,0.0,0.0,0.0,4.0,10.0,9.0,0.0,5.0,1.0,10.0,7.0
SFF-090DS-35KS-42K,0.0,10.0,15.0,10.0,0.0,0.0,10.0,0.0,0.0,0.0,10.0,10.0,10.0,0.0,30.0
SFF-090DS-35KS-45K-300N,0.0,0.0,0.0,0.0,0.0,0.0,0.0,0.0,0.0,0.0,0.0,0.0,0.0,1.0,0.0
SFF-090DS-38K-38K,0.0,0.0,0.0,0.0,0.0,0.0,0.0,0.0,7.0,1.0,0.0,3.0,0.0,0.0,4.0
SFF-090DS-38K-40K,0.0,0.0,0.0,0.0,0.0,0.0,6.0,5.0,4.0,7.0,3.0,0.0,1.0,1.0,28.0
SFF-090DS-38K-42KK,0.0,3.0,0.0,3.0,3.0,0.0,0.0,6.0,6.0,0.0,0.0,0.0,0.0,0.0,2.0
SFF-090DS-38KK-38KK,0.0,0.0,0.0,0.0,0.0,0.0,0.0,0.0,0.0,0.0,0.0,0.0,1.0,0.0,0.0
SFF-090DS-38KK-42K,30.0,0.0,10.0,20.0,20.0,20.0,0.0,0.0,20.0,0.0,0.0,20.0,0.0,0.0,40.0
SFF-090DS-38KK-45K,0.0,5.0,0.0,0.0,0.0,0.0,0.0,0.0,0.0,0.0,0.0,0.0,0.0,0.0,1.0
SFF-090DS-40B-40BJ-300N,0.0,0.0,0.0,0.0,0.0,0.0,0.0,0.0,0.0,0.0,0.0,0.0,0.0,0.0,1.0
SFF-090DS-40K-40K,0.0,0.0,1.0,1.0,0.0,1.0,6.0,0.0,2.0,2.0,7.0,5.0,1.0,0.0,15.0
SFF-090DS-40K-40KJ,0.0,0.0,9.0,0.0,0.0,0.0,0.0,0.0,0.0,0.0,0.0,0.0,0.0,0.0,0.0
SFF-090DS-40K-45K,0.0,0.0,0.0,0.0,0.0,0.0,0.0,0.0,0.0,0.0,0.0,0.0,0.0,0.0,1.0
SFF-090DS-42K-42KK,0.0,0.0,0.0,0.0,0.0,0.0,0.0,3.0,4.0,5.0,0.0,0.0,0.0,0.0,3.0
SFF-090SS-25B-38BK-250N,0.0,0.0,0.0,0.0,0.0,0.0,0.0,0.0,1.0,0.0,0.0,0.0,0.0,0.0,0.0
SFF-090SS-25B-42B-250N,0.0,0.0,0.0,0.0,0.0,0.0,0.0,1.0,0.0,0.0,0.0,0.0,0.0,0.0,0.0
SFF-090SS-25K-25K,0.0,0.0,0.0,0.0,0.0,0.0,3.0,0.0,0.0,0.0,0.0,0.0,7.0,0.0,0.0
SFF-090SS-28K-35KS,0.0,0.0,0.0,0.0,0.0,0.0,2.0,0.0,0.0,0.0,0.0,20.0,0.0,0.0,0.0
SFF-090SS-28K-40K,0.0,0.0,0.0,0.0,0.0,5.0,0.0,0.0,0.0,0.0,0.0,0.0,0.0,0.0,0.0
SFF-090SS-28K-40K-300N,0.0,4.0,0.0,0.0,0.0,0.0,0.0,0.0,0.0,0.0,0.0,0.0,0.0,0.0,0.0
SFF-090SS-28KK-42KK,0.0,0.0,0.0,0.0,0.0,0.0,20.0,0.0,0.0,0.0,0.0,0.0,0.0,0.0,0.0
SFF-090SS-30K-30K,4.0,0.0,0.0,0.0,0.0,8.0,0.0,0.0,0.0,0.0,4.0,0.0,4.0,0.0,0.0
SFF-090SS-30K-35K,0.0,0.0,0.0,0.0,0.0,0.0,0.0,0.0,0.0,0.0,0.0,0.0,0.0,1.0,0.0
SFF-090SS-30K-35KS,10.0,0.0,0.0,0.0,0.0,0.0,0.0,0.0,0.0,0.0,0.0,0.0,0.0,0.0,0.0
SFF-090SS-30K-40KJ-300N,0.0,0.0,0.0,0.0,0.0,0.0,0.0,0.0,0.0,0.0,0.0,0.0,0.0,0.0,1.0
SFF-090SS-32B-32B-300N,0.0,0.0,0.0,0.0,0.0,0.0,0.0,0.0,1.0,0.0,0.0,0.0,0.0,0.0,0.0
SFF-090SS-32K-35K,0.0,0.0,10.0,0.0,0.0,0.0,10.0,0.0,0.0,0.0,0.0,0.0,0.0,0.0,0.0
SFF-090SS-32K-35K-300N,0.0,0.0,0.0,0.0,0.0,0.0,0.0,0.0,0.0,10.0,15.0,0.0,0.0,0.0,0.0
SFF-090SS-32K-35KK,0.0,0.0,0.0,0.0,0.0,0.0,0.0,0.0,0.0,0.0,0.0,0.0,0.0,2.0,0.0
SFF-090SS-32K-35KK-300N,0.0,0.0,0.0,0.0,0.0,0.0,0.0,0.0,0.0,0.0,0.0,0.0,0.0,10.0,0.0
SFF-090SS-32K-35KS,0.0,0.0,1.0,0.0,0.0,0.0,0.0,0.0,0.0,0.0,0.0,0.0,0.0,0.0,0.0
SFF-090SS-32K-38K,0.0,0.0,0.0,0.0,0.0,0.0,0.0,0.0,0.0,10.0,0.0,0.0,0.0,0.0,0.0
SFF-090SS-32KK-35KK,0.0,0.0,0.0,0.0,0.0,0.0,0.0,0.0,2.0,0.0,0.0,0.0,0.0,0.0,0.0
SFF-090SS-35B-38B-300N,0.0,0.0,0.0,0.0,0.0,0.0,0.0,0.0,0.0,0.0,0.0,0.0,0.0,0.0,4.0
SFF-090SS-35B-38BK-300N,0.0,0.0,0.0,0.0,0.0,1.0,0.0,2.0,0.0,0.0,0.0,0.0,0.0,0.0,0.0
SFF-090SS-35K-35K,3.0,0.0,0.0,0.0,0.0,16.0,0.0,0.0,6.0,10.0,16.0,2.0,2.0,2.0,0.0
SFF-090SS-35K-35KK,0.0,2.0,0.0,0.0,0.0,0.0,6.0,0.0,0.0,0.0,0.0,0.0,9.0,0.0,0.0
SFF-090SS-35K-35KS,3.0,0.0,0.0,0.0,0.0,0.0,3.0,0.0,0.0,0.0,0.0,40.0,1.0,0.0,0.0
SFF-090SS-35K-38K,0.0,20.0,0.0,0.0,0.0,0.0,0.0,0.0,0.0,0.0,0.0,0.0,0.0,1.0,0.0
SFF-090SS-35K-38K-300N,0.0,0.0,0.0,0.0,0.0,0.0,0.0,0.0,0.0,0.0,0.0,0.0,0.0,1.0,0.0
SFF-090SS-35K-38KK,0.0,0.0,10.0,0.0,0.0,0.0,0.0,0.0,0.0,0.0,0.0,0.0,0.0,0.0,0.0
SFF-090SS-35K-40K,0.0,0.0,0.0,10.0,0.0,5.0,0.0,2.0,10.0,0.0,0.0,0.0,6.0,0.0,3.0
SFF-090SS-35K-40KK,30.0,21.0,25.0,14.0,35.0,14.0,10.0,0.0,26.0,18.0,36.0,16.0,29.0,20.0,60.0
SFF-090SS-35K-45K,0.0,0.0,0.0,0.0,0.0,1.0,2.0,0.0,0.0,1.0,0.0,0.0,6.0,0.0,0.0
SFF-090SS-35KK-38KK,4.0,0.0,4.0,7.0,5.0,5.0,0.0,3.0,0.0,3.0,10.0,6.0,1.0,0.0,5.0
SFF-090SS-35KK-40KK,0.0,0.0,0.0,0.0,0.0,0.0,0.0,0.0,0.0,0.0,0.0,4.0,0.0,0.0,0.0
SFF-090SS-35KK-48KK,1.0,0.0,0.0,0.0,0.0,0.0,0.0,0.0,0.0,0.0,0.0,0.0,0.0,0.0,0.0
SFF-090SS-35KS-38K,0.0,0.0,0.0,0.0,0.0,0.0,8.0,0.0,0.0,0.0,0.0,1.0,0.0,0.0,0.0
SFF-090SS-35KS-40K,0.0,0.0,4.0,0.0,0.0,0.0,0.0,0.0,1.0,1.0,0.0,0.0,0.0,0.0,1.0
SFF-090SS-35KS-40KK,0.0,0.0,0.0,0.0,0.0,0.0,0.0,0.0,0.0,4.0,0.0,0.0,0.0,0.0,0.0
SFF-090SS-38B-38BJ-300N,0.0,0.0,0.0,0.0,0.0,0.0,0.0,0.0,0.0,0.0,0.0,3.0,3.0,0.0,0.0
SFF-090SS-38B-38BK-300N,0.0,0.0,0.0,0.0,0.0,0.0,3.0,0.0,0.0,0.0,3.0,0.0,3.0,0.0,0.0
SFF-090SS-38K-38K,1.0,0.0,0.0,0.0,0.0,0.0,0.0,0.0,1.0,0.0,0.0,0.0,0.0,0.0,0.0
SFF-090SS-38K-45K,0.0,0.0,0.0,0.0,0.0,0.0,0.0,0.0,4.0,2.0,0.0,0.0,0.0,0.0,0.0
SFF-090SS-38KK-40K,0.0,0.0,0.0,0.0,2.0,0.0,0.0,0.0,4.0,1.0,0.0,0.0,0.0,0.0,0.0
SFF-090SS-40K-40K,0.0,0.0,0.0,0.0,0.0,1.0,0.0,0.0,0.0,0.0,0.0,0.0,0.0,0.0,0.0
SFF-090SS-40K-40KK,20.0,15.0,17.0,30.0,15.0,0.0,25.0,10.0,12.0,15.0,10.0,15.0,27.0,8.0,15.0
SFF-100DS-32B-32B-450N,0.0,0.0,0.0,0.0,0.0,10.0,0.0,0.0,0.0,0.0,0.0,0.0,0.0,0.0,0.0
SFF-100DS-32K-35K,0.0,3.0,0.0,0.0,0.0,0.0,0.0,0.0,0.0,0.0,0.0,0.0,0.0,0.0,0.0
SFF-100DS-32K-40K,0.0,0.0,0.0,0.0,0.0,1.0,0.0,0.0,0.0,0.0,0.0,0.0,0.0,0.0,0.0
SFF-100DS-32KJ-35K,0.0,0.0,0.0,0.0,0.0,0.0,0.0,0.0,0.0,0.0,0.0,0.0,4.0,0.0,0.0
SFF-100DS-32KK-35K,0.0,0.0,0.0,0.0,0.0,0.0,2.0,6.0,0.0,0.0,0.0,0.0,0.0,0.0,0.0
SFF-100DS-32KK-35K-450N,0.0,0.0,0.0,0.0,0.0,0.0,0.0,0.0,0.0,0.0,0.0,0.0,0.0,0.0,10.0
SFF-100DS-32KK-38K,0.0,0.0,0.0,0.0,0.0,0.0,0.0,0.0,0.0,0.0,0.0,0.0,0.0,0.0,10.0
SFF-100DS-32KK-38KK,0.0,0.0,1.0,0.0,0.0,0.0,0.0,0.0,0.0,0.0,0.0,0.0,1.0,0.0,0.0
SFF-100DS-35B-35B-450N,0.0,0.0,0.0,0.0,0.0,0.0,0.0,5.0,0.0,0.0,5.0,0.0,0.0,0.0,0.0
SFF-100DS-35B-40B-450N,0.0,0.0,0.0,0.0,0.0,0.0,0.0,5.0,0.0,0.0,5.0,0.0,0.0,0.0,0.0
SFF-100DS-35B-45B-450N,0.0,0.0,0.0,0.0,0.0,0.0,0.0,5.0,0.0,0.0,5.0,0.0,0.0,0.0,0.0
SFF-100DS-35K-35K,0.0,0.0,12.0,0.0,0.0,2.0,0.0,0.0,0.0,0.0,0.0,0.0,0.0,0.0,0.0
SFF-100DS-35K-38K,3.0,0.0,0.0,4.0,0.0,0.0,0.0,0.0,2.0,0.0,0.0,1.0,0.0,0.0,0.0
SFF-100DS-35K-38KK,0.0,0.0,0.0,2.0,6.0,0.0,2.0,6.0,0.0,8.0,0.0,0.0,0.0,0.0,3.0
SFF-100DS-35K-38KK-450N,0.0,0.0,0.0,1.0,0.0,0.0,0.0,0.0,0.0,0.0,5.0,0.0,0.0,0.0,0.0
SFF-100DS-35K-40K,0.0,0.0,2.0,10.0,0.0,0.0,0.0,0.0,0.0,0.0,5.0,2.0,3.0,0.0,0.0
SFF-100DS-35K-40K-450N,0.0,0.0,0.0,0.0,0.0,0.0,0.0,0.0,10.0,10.0,0.0,0.0,0.0,0.0,0.0
SFF-100DS-35K-40KK,0.0,0.0,0.0,0.0,0.0,0.0,2.0,22.0,4.0,0.0,4.0,0.0,0.0,0.0,0.0
SFF-100DS-35K-45K-450N,0.0,0.0,0.0,0.0,0.0,0.0,0.0,0.0,0.0,0.0,0.0,0.0,0.0,1.0,0.0
SFF-100DS-35K-55K,0.0,0.0,0.0,0.0,0.0,0.0,0.0,0.0,0.0,0.0,0.0,20.0,0.0,0.0,0.0
SFF-100DS-35KK-35KK,0.0,0.0,0.0,0.0,0.0,0.0,20.0,0.0,0.0,0.0,0.0,0.0,0.0,60.0,0.0
SFF-100DS-35KK-38KK,0.0,0.0,0.0,0.0,0.0,0.0,0.0,0.0,0.0,0.0,5.0,0.0,5.0,0.0,0.0
SFF-100DS-35KK-40KK,0.0,0.0,0.0,0.0,0.0,20.0,0.0,0.0,0.0,0.0,10.0,0.0,0.0,0.0,0.0
SFF-100DS-35KM-48K,0.0,16.0,10.0,8.0,0.0,0.0,10.0,0.0,0.0,0.0,5.0,0.0,10.0,0.0,10.0
SFF-100DS-35KS-40KK,0.0,0.0,0.0,0.0,1.0,0.0,0.0,0.0,0.0,0.0,0.0,0.0,0.0,1.0,0.0
SFF-100DS-38BK-40B-450N,0.0,0.0,0.0,0.0,0.0,0.0,0.0,1.0,0.0,0.0,5.0,0.0,0.0,0.0,0.0
SFF-100DS-38K-38K,0.0,0.0,0.0,0.0,0.0,0.0,0.0,0.0,0.0,0.0,0.0,0.0,0.0,2.0,0.0
SFF-100DS-38K-40K,0.0,0.0,0.0,0.0,5.0,5.0,5.0,0.0,5.0,10.0,0.0,0.0,10.0,9.0,1.0
SFF-100DS-38K-45K,0.0,0.0,0.0,0.0,0.0,10.0,0.0,0.0,0.0,0.0,0.0,0.0,0.0,0.0,0.0
SFF-100DS-38K-55K,0.0,0.0,0.0,2.0,0.0,0.0,0.0,0.0,0.0,0.0,0.0,0.0,0.0,0.0,0.0
SFF-100DS-38KK-38KK,0.0,0.0,0.0,0.0,0.0,0.0,0.0,0.0,0.0,0.0,0.0,0.0,0.0,0.0,5.0
SFF-100DS-38KK-40K,0.0,0.0,0.0,1.0,0.0,0.0,0.0,0.0,0.0,0.0,0.0,0.0,0.0,0.0,0.0
SFF-100DS-38KK-40K-450N,0.0,0.0,0.0,0.0,0.0,0.0,0.0,0.0,0.0,0.0,0.0,0.0,0.0,36.0,0.0
SFF-100DS-38KK-40KK,0.0,0.0,0.0,0.0,0.0,0.0,1.0,0.0,0.0,0.0,0.0,0.0,0.0,0.0,0.0
SFF-100DS-38KK-42K,0.0,0.0,0.0,0.0,0.0,5.0,2.0,0.0,0.0,0.0,0.0,0.0,0.0,10.0,0.0
SFF-100DS-38KK-42KJ,0.0,0.0,0.0,0.0,0.0,0.0,3.0,3.0,0.0,0.0,0.0,0.0,0.0,0.0,0.0
SFF-100DS-38KK-42KK,6.0,2.0,6.0,1.0,3.0,14.0,2.0,0.0,3.0,0.0,3.0,0.0,0.0,0.0,0.0
SFF-100DS-38KK-45KK,0.0,0.0,0.0,0.0,0.0,0.0,0.0,4.0,0.0,0.0,0.0,0.0,0.0,0.0,0.0
SFF-100DS-38KK-48K,0.0,0.0,0.0,0.0,0.0,0.0,0.0,0.0,0.0,0.0,0.0,0.0,30.0,29.0,0.0
SFF-100DS-38KK-55KK,0.0,2.0,1.0,0.0,0.0,0.0,0.0,0.0,0.0,0.0,0.0,2.0,0.0,0.0,6.0
SFF-100DS-40B-40B-450N,0.0,0.0,0.0,0.0,0.0,0.0,0.0,5.0,10.0,0.0,7.0,0.0,0.0,0.0,0.0
SFF-100DS-40B-40BJ-450N,0.0,0.0,0.0,0.0,0.0,0.0,0.0,0.0,0.0,1.0,0.0,0.0,0.0,0.0,0.0
SFF-100DS-40B-45B-450N,0.0,0.0,0.0,0.0,0.0,0.0,0.0,5.0,0.0,0.0,5.0,0.0,0.0,0.0,0.0
SFF-100DS-40K-40K,0.0,0.0,4.0,23.0,0.0,0.0,0.0,0.0,0.0,0.0,8.0,0.0,0.0,0.0,0.0
SFF-100DS-40K-40K-450N,7.0,0.0,0.0,5.0,0.0,15.0,4.0,17.0,4.0,0.0,5.0,0.0,7.0,0.0,0.0
SFF-100DS-40K-40KK,65.0,15.0,45.0,80.0,20.0,40.0,60.0,24.0,42.0,60.0,27.0,99.0,40.0,20.0,85.0
SFF-100DS-40K-45K,0.0,0.0,0.0,0.0,0.0,0.0,0.0,0.0,1.0,0.0,0.0,1.0,0.0,2.0,0.0
SFF-100DS-40K-45K-450N,0.0,0.0,0.0,0.0,0.0,0.0,0.0,0.0,2.0,0.0,0.0,0.0,2.0,0.0,0.0
SFF-100DS-40K-50K,0.0,0.0,18.0,0.0,0.0,0.0,6.0,0.0,0.0,0.0,0.0,0.0,0.0,0.0,0.0
SFF-100DS-40KK-50K,0.0,0.0,0.0,0.0,0.0,0.0,0.0,0.0,0.0,0.0,0.0,4.0,0.0,0.0,0.0
SFF-100DS-42K-42K,1.0,0.0,0.0,4.0,3.0,0.0,0.0,5.0,0.0,0.0,0.0,0.0,0.0,0.0,0.0
SFF-100DS-42K-48K,0.0,0.0,0.0,5.0,0.0,0.0,0.0,0.0,6.0,0.0,0.0,0.0,0.0,0.0,0.0
SFF-100DS-42KJ-55KJ,0.0,0.0,0.0,0.0,0.0,0.0,4.0,0.0,0.0,0.0,0.0,0.0,0.0,0.0,0.0
SFF-100DS-42KJ-55KM,0.0,30.0,0.0,0.0,0.0,0.0,0.0,0.0,0.0,0.0,0.0,0.0,0.0,0.0,0.0
SFF-100DS-42KK-55KM,0.0,0.0,0.0,0.0,0.0,0.0,0.0,0.0,0.0,2.0,0.0,0.0,0.0,0.0,0.0
SFF-100DS-45B-45B-450N,2.0,0.0,0.0,0.0,0.0,0.0,0.0,0.0,0.0,0.0,0.0,0.0,0.0,0.0,0.0
SFF-100DS-48K-55KM,0.0,0.0,0.0,18.0,0.0,0.0,0.0,0.0,10.0,0.0,14.0,10.0,10.0,0.0,10.0
SFF-100DS-48KK-55KM,0.0,0.0,0.0,0.0,0.0,0.0,3.0,0.0,0.0,0.0,0.0,0.0,0.0,0.0,0.0
SFF-100DS-50K-55K,0.0,0.0,0.0,0.0,0.0,0.0,0.0,0.0,0.0,0.0,0.0,1.0,2.0,0.0,0.0
SFF-100DS-55K-55K,0.0,0.0,0.0,0.0,0.0,0.0,0.0,2.0,0.0,0.0,0.0,2.0,0.0,1.0,1.0
SFF-100DS-55KJ-55KJ,0.0,0.0,0.0,0.0,0.0,0.0,0.0,0.0,0.0,0.0,0.0,0.0,0.0,2.0,0.0
SFF-100DS-55KK-55KK,0.0,0.0,0.0,0.0,0.0,0.0,1.0,0.0,0.0,0.0,0.0,0.0,0.0,0.0,0.0
SFF-100DS-CC-48B-48B-250N,0.0,0.0,0.0,0.0,0.0,0.0,0.0,0.0,0.0,0.0,0.0,1.0,0.0,0.0,0.0
SFF-100SS-32B-42B-450N,0.0,0.0,0.0,0.0,0.0,1.0,0.0,0.0,0.0,0.0,2.0,0.0,0.0,0.0,0.0
SFF-100SS-32K-32K-450N,4.0,0.0,0.0,0.0,0.0,0.0,0.0,0.0,0.0,0.0,0.0,0.0,0.0,0.0,0.0
SFF-100SS-32K-35KS,0.0,0.0,0.0,0.0,0.0,0.0,0.0,0.0,0.0,0.0,0.0,12.0,0.0,0.0,0.0
SFF-100SS-32K-35KS-450N,0.0,0.0,0.0,12.0,0.0,12.0,0.0,0.0,0.0,0.0,0.0,0.0,0.0,0.0,0.0
SFF-100SS-32K-40K,0.0,0.0,0.0,0.0,0.0,0.0,1.0,0.0,0.0,0.0,0.0,0.0,0.0,0.0,0.0
SFF-100SS-32KK-38K,0.0,0.0,0.0,0.0,0.0,10.0,0.0,0.0,0.0,0.0,0.0,0.0,0.0,0.0,0.0
SFF-100SS-32KK-45K,0.0,6.0,44.0,0.0,0.0,80.0,0.0,0.0,0.0,0.0,50.0,0.0,0.0,0.0,0.0
SFF-100SS-35B-35BK-450N,0.0,0.0,0.0,0.0,0.0,5.0,0.0,0.0,0.0,0.0,0.0,0.0,0.0,0.0,0.0
SFF-100SS-35B-38BK-450N,0.0,0.0,0.0,0.0,0.0,0.0,0.0,0.0,1.0,0.0,0.0,0.0,0.0,0.0,0.0
SFF-100SS-35B-40BK-450N,1.0,0.0,0.0,0.0,0.0,0.0,0.0,0.0,0.0,0.0,0.0,0.0,0.0,0.0,0.0
SFF-100SS-35BJ-38BK-450N,0.0,0.0,0.0,0.0,0.0,0.0,0.0,2.0,0.0,0.0,0.0,0.0,8.0,0.0,0.0
SFF-100SS-35K-35KK-450N,0.0,0.0,0.0,0.0,0.0,0.0,0.0,0.0,0.0,0.0,10.0,0.0,0.0,0.0,0.0
SFF-100SS-35K-40K-450N,0.0,0.0,1.0,0.0,1.0,0.0,0.0,0.0,0.0,0.0,0.0,3.0,0.0,0.0,0.0
SFF-100SS-35K-42K,5.0,2.0,0.0,1.0,0.0,0.0,5.0,2.0,0.0,0.0,0.0,1.0,2.0,0.0,0.0
SFF-100SS-35K-50K-450N,0.0,0.0,0.0,0.0,0.0,0.0,0.0,0.0,0.0,3.0,0.0,0.0,0.0,0.0,0.0
SFF-100SS-35KK-55K,0.0,2.0,0.0,0.0,0.0,0.0,0.0,0.0,0.0,0.0,0.0,0.0,0.0,0.0,0.0
SFF-100SS-38BK-38BK-450N,0.0,0.0,0.0,4.0,0.0,0.0,0.0,0.0,0.0,0.0,0.0,0.0,0.0,0.0,0.0
SFF-100SS-38BK-40BJ-450N,2.0,0.0,0.0,0.0,0.0,0.0,0.0,6.0,0.0,0.0,0.0,0.0,0.0,0.0,0.0
SFF-100SS-38K-38K,0.0,0.0,0.0,0.0,0.0,0.0,0.0,0.0,0.0,10.0,0.0,0.0,0.0,0.0,0.0
SFF-100SS-38K-38KJ-450N,24.0,15.0,45.0,6.0,0.0,0.0,0.0,0.0,21.0,0.0,0.0,1.0,49.0,0.0,1.0
SFF-100SS-38K-38KK-450N,0.0,0.0,1.0,1.0,0.0,0.0,5.0,0.0,6.0,0.0,0.0,0.0,1.0,0.0,0.0
SFF-100SS-38K-40KK,2.0,6.0,0.0,0.0,0.0,0.0,0.0,0.0,0.0,0.0,2.0,0.0,0.0,0.0,0.0
SFF-100SS-38K-45K,0.0,0.0,0.0,0.0,0.0,0.0,0.0,0.0,0.0,0.0,0.0,0.0,4.0,1.0,0.0
SFF-100SS-38K-48KK-450N,0.0,0.0,2.0,0.0,0.0,0.0,0.0,0.0,0.0,0.0,0.0,0.0,0.0,0.0,0.0
SFF-100SS-38KK-40K-450N,0.0,0.0,0.0,0.0,0.0,0.0,6.0,0.0,0.0,3.0,0.0,0.0,0.0,0.0,0.0
SFF-100SS-38KK-48K-450N,0.0,0.0,0.0,0.0,0.0,1.0,0.0,0.0,0.0,0.0,0.0,0.0,0.0,0.0,0.0
SFF-100SS-38KK-55K,0.0,2.0,0.0,0.0,0.0,0.0,0.0,0.0,0.0,0.0,0.0,0.0,0.0,0.0,0.0
SFF-100SS-40B-48BK-450N,10.0,9.0,13.0,0.0,0.0,0.0,0.0,0.0,0.0,4.0,4.0,0.0,0.0,0.0,0.0
SFF-100SS-40K-40K,0.0,0.0,0.0,0.0,0.0,0.0,0.0,3.0,0.0,0.0,0.0,2.0,0.0,0.0,0.0
SFF-100SS-40K-40KK,13.0,2.0,0.0,4.0,10.0,5.0,0.0,0.0,0.0,0.0,0.0,0.0,0.0,0.0,6.0
SFF-100SS-40K-45K,1.0,0.0,0.0,0.0,0.0,0.0,0.0,0.0,0.0,0.0,0.0,0.0,0.0,0.0,0.0
SFF-100SS-40K-50K,0.0,0.0,0.0,0.0,0.0,0.0,4.0,0.0,0.0,0.0,0.0,0.0,0.0,0.0,0.0
SFF-100SS-40K-50KK,0.0,0.0,0.0,0.0,1.0,0.0,0.0,3.0,0.0,0.0,0.0,0.0,1.0,0.0,0.0
SFF-100SS-40KK-40KK,1.0,0.0,0.0,0.0,0.0,0.0,0.0,0.0,0.0,0.0,0.0,0.0,0.0,0.0,0.0
SFF-100SS-40KK-45KK,0.0,0.0,0.0,0.0,0.0,0.0,2.0,2.0,1.0,1.0,0.0,0.0,0.0,0.0,0.0
SFF-100SS-40KK-50KK,0.0,0.0,0.0,0.0,1.0,0.0,0.0,0.0,0.0,0.0,0.0,0.0,0.0,0.0,0.0
SFF-100SS-42K-45K,0.0,0.0,1.0,1.0,0.0,1.0,0.0,0.0,0.0,0.0,0.0,0.0,0.0,1.0,4.0
SFF-100SS-42KK-42KK,0.0,0.0,0.0,0.0,0.0,4.0,7.0,0.0,0.0,8.0,4.0,15.0,31.0,8.0,0.0
SFF-100SS-42KK-48KK,2.0,0.0,0.0,0.0,0.0,0.0,0.0,0.0,0.0,0.0,0.0,0.0,10.0,0.0,4.0
SFF-100SS-50K-50K-450N,0.0,0.0,0.0,0.0,2.0,0.0,0.0,0.0,2.0,0.0,0.0,0.0,8.0,0.0,0.0
SFF-120DS-35K-35K-600N,0.0,0.0,0.0,20.0,10.0,0.0,0.0,0.0,0.0,0.0,0.0,0.0,0.0,10.0,0.0
SFF-120DS-35K-40K-600N,0.0,1.0,0.0,10.0,1.0,20.0,20.0,30.0,0.0,10.0,0.0,20.0,5.0,10.0,40.0
SFF-120DS-35KK-45K-600N,0.0,0.0,0.0,2.0,0.0,0.0,0.0,0.0,0.0,0.0,2.0,0.0,2.0,0.0,0.0
SFF-120DS-38BK-55BM-600N,2.0,0.0,0.0,0.0,0.0,0.0,0.0,0.0,0.0,0.0,0.0,0.0,0.0,0.0,0.0
SFF-120DS-38K-40K-600N,0.0,0.0,0.0,0.0,0.0,0.0,0.0,0.0,10.0,0.0,10.0,0.0,0.0,0.0,10.0
SFF-120DS-38K-40KK-600N,2.0,0.0,0.0,2.0,0.0,0.0,0.0,0.0,0.0,0.0,0.0,0.0,0.0,0.0,0.0
SFF-120DS-38K-45K-600N,0.0,0.0,0.0,0.0,0.0,0.0,0.0,0.0,0.0,0.0,0.0,0.0,0.0,0.0,6.0
SFF-120DS-40B-50B-600N,0.0,0.0,0.0,0.0,0.0,0.0,0.0,6.0,0.0,0.0,5.0,0.0,0.0,0.0,0.0
SFF-120DS-40B-55B-600N,0.0,0.0,0.0,0.0,0.0,0.0,0.0,5.0,0.0,0.0,5.0,0.0,0.0,0.0,0.0
SFF-120DS-40K-40K-600N,0.0,0.0,0.0,0.0,0.0,5.0,3.0,2.0,0.0,0.0,1.0,0.0,1.0,0.0,0.0
SFF-120DS-40K-40KK-600N,0.0,0.0,0.0,0.0,0.0,0.0,0.0,0.0,0.0,0.0,11.0,10.0,9.0,6.0,3.0
SFF-120DS-40K-45K-600N,0.0,10.0,0.0,0.0,10.0,18.0,0.0,0.0,0.0,1.0,3.0,10.0,0.0,10.0,0.0
SFF-120DS-40K-50K-600N,0.0,0.0,1.0,0.0,2.0,20.0,0.0,10.0,0.0,10.0,0.0,0.0,0.0,0.0,0.0
SFF-120DS-40K-55K-600N,0.0,0.0,0.0,0.0,1.0,0.0,0.0,3.0,10.0,0.0,0.0,0.0,0.0,3.0,0.0
SFF-120DS-40KJ-40KJ-600N,0.0,0.0,0.0,1.0,0.0,0.0,0.0,0.0,0.0,0.0,2.0,0.0,1.0,2.0,15.0
SFF-120DS-40KK-40KK-600N,10.0,0.0,40.0,24.0,39.0,0.0,39.0,40.0,10.0,0.0,10.0,0.0,0.0,0.0,10.0
SFF-120DS-40KK-50K-600N,0.0,0.0,0.0,0.0,0.0,0.0,13.0,0.0,0.0,4.0,0.0,2.0,0.0,0.0,0.0
SFF-120DS-40KK-50KK-600N,0.0,4.0,32.0,48.0,0.0,20.0,38.0,40.0,10.0,0.0,10.0,2.0,0.0,0.0,0.0
SFF-120DS-40KK-55KJ-600N,0.0,0.0,0.0,0.0,20.0,0.0,0.0,20.0,20.0,0.0,0.0,30.0,0.0,0.0,20.0
SFF-120DS-42BJ-55B-600N,0.0,0.0,0.0,0.0,0.0,0.0,0.0,0.0,0.0,0.0,2.0,0.0,0.0,2.0,0.0
SFF-120DS-42BJ-55BM-600N,0.0,0.0,0.0,0.0,0.0,0.0,0.0,7.0,0.0,0.0,0.0,0.0,0.0,0.0,0.0
SFF-120DS-42KJ-42KJ-600N,0.0,20.0,0.0,0.0,20.0,0.0,0.0,0.0,0.0,0.0,20.0,0.0,0.0,0.0,0.0
SFF-120DS-48B-48B-600N,0.0,0.0,0.0,0.0,0.0,0.0,5.0,0.0,10.0,0.0,0.0,0.0,0.0,0.0,5.0
SFF-120DS-48B-55BM-600N,0.0,0.0,0.0,0.0,1.0,2.0,0.0,20.0,0.0,42.0,20.0,0.0,120.0,66.0,1.0
SFF-120DS-48BK-55BM-600N,0.0,0.0,0.0,1.0,0.0,0.0,0.0,0.0,0.0,0.0,0.0,0.0,0.0,5.0,0.0
SFF-120DS-48K-55K-600N,0.0,0.0,0.0,0.0,0.0,0.0,0.0,0.0,1.0,0.0,0.0,0.0,0.0,0.0,0.0
SFF-120DS-50B-55B-600N,1.0,0.0,0.0,3.0,0.0,0.0,0.0,5.0,0.0,0.0,5.0,0.0,0.0,0.0,0.0
SFF-120DS-50K-50K-600N,0.0,0.0,0.0,0.0,3.0,0.0,0.0,0.0,0.0,0.0,0.0,0.0,0.0,0.0,0.0
SFF-120DS-50K-55K-600N,0.0,0.0,0.0,0.0,0.0,0.0,0.0,0.0,5.0,0.0,0.0,0.0,0.0,0.0,0.0
SFF-120DS-55B-55B-600N,2.0,0.0,0.0,0.0,0.0,0.0,0.0,6.0,0.0,0.0,5.0,0.0,0.0,0.0,0.0
SFF-120DS-55BM-55BM-600N,3.0,0.0,1.0,0.0,0.0,0.0,4.0,0.0,0.0,0.0,0.0,0.0,0.0,2.0,0.0
SFF-120DS-55KJ-55KJ-600N,0.0,20.0,0.0,0.0,0.0,0.0,0.0,0.0,0.0,0.0,0.0,0.0,0.0,0.0,5.0
SFF-120DS-60KK-60KM-600N,0.0,0.0,0.0,0.0,0.0,0.0,0.0,0.0,0.0,0.0,0.0,1.0,0.0,0.0,0.0
SFF-120DS-65K-65K-600N,0.0,0.0,0.0,0.0,0.0,0.0,0.0,0.0,0.0,0.0,1.0,0.0,0.0,0.0,0.0
SFF-120SS-35B-48BK-600N,0.0,0.0,0.0,0.0,0.0,0.0,0.0,0.0,1.0,0.0,0.0,0.0,0.0,0.0,0.0
SFF-120SS-35K-40K-600N,0.0,0.0,0.0,0.0,0.0,0.0,0.0,0.0,0.0,0.0,1.0,0.0,0.0,0.0,0.0
SFF-120SS-35K-45K-600N,0.0,0.0,0.0,0.0,0.0,0.0,0.0,0.0,1.0,0.0,0.0,0.0,0.0,0.0,0.0
SFF-120SS-38B-38B-600N,0.0,0.0,0.0,0.0,0.0,0.0,0.0,0.0,0.0,0.0,0.0,0.0,1.0,0.0,0.0
SFF-120SS-38K-40KK-600N,0.0,0.0,0.0,2.0,0.0,0.0,0.0,0.0,0.0,10.0,0.0,0.0,0.0,0.0,0.0
SFF-120SS-40B-50B-600N,0.0,0.0,0.0,0.0,0.0,0.0,0.0,0.0,2.0,0.0,0.0,0.0,0.0,0.0,0.0
SFF-120SS-40BK-55B-600N,2.0,0.0,0.0,0.0,0.0,0.0,0.0,0.0,0.0,0.0,0.0,0.0,0.0,0.0,0.0
SFF-120SS-40K-40K-600N,0.0,0.0,0.0,0.0,0.0,0.0,0.0,1.0,5.0,0.0,0.0,0.0,0.0,25.0,0.0
SFF-120SS-40K-55K-600N,2.0,0.0,0.0,0.0,0.0,0.0,0.0,0.0,0.0,0.0,0.0,5.0,0.0,0.0,0.0
SFF-120SS-40KK-45K-600N,0.0,20.0,0.0,0.0,0.0,0.0,0.0,0.0,0.0,0.0,0.0,0.0,0.0,0.0,0.0
SFF-120SS-40KK-50K-600N,0.0,0.0,0.0,0.0,0.0,0.0,0.0,0.0,0.0,0.0,0.0,0.0,20.0,0.0,0.0
SFF-120SS-40KK-55K-600N,0.0,0.0,0.0,0.0,0.0,4.0,2.0,0.0,0.0,5.0,0.0,6.0,22.0,0.0,0.0
SFF-120SS-42KK-55KK-600N,0.0,0.0,0.0,0.0,0.0,0.0,0.0,0.0,0.0,0.0,0.0,0.0,0.0,1.0,0.0
SFF-120SS-45BK-45BK-600N,0.0,1.0,0.0,0.0,0.0,0.0,0.0,0.0,0.0,0.0,0.0,0.0,0.0,0.0,0.0
SFF-120SS-45K-55K-600N,4.0,0.0,0.0,0.0,0.0,0.0,0.0,0.0,0.0,0.0,0.0,0.0,1.0,1.0,0.0
SFF-120SS-48K-50K-600N,0.0,0.0,0.0,0.0,0.0,0.0,0.0,0.0,0.0,4.0,0.0,0.0,0.0,0.0,0.0
SFF-120SS-55BK-55BK-600N,0.0,0.0,0.0,0.0,0.0,0.0,0.0,0.0,0.0,0.0,1.0,0.0,0.0,0.0,0.0
SFF-140DS-40K-40K-800N,0.0,0.0,0.0,0.0,0.0,0.0,0.0,0.0,0.0,0.0,0.0,0.0,0.0,2.0,0.0
SFF-140DS-40K-45K-800N,0.0,0.0,0.0,0.0,0.0,0.0,10.0,0.0,0.0,10.0,1.0,10.0,0.0,0.0,0.0
SFF-140DS-40KK-40KK-800N,0.0,0.0,0.0,0.0,0.0,0.0,0.0,0.0,0.0,0.0,1.0,0.0,0.0,0.0,0.0
SFF-140DS-40KK-50K-800N,3.0,4.0,0.0,0.0,0.0,0.0,2.0,0.0,13.0,0.0,4.0,0.0,0.0,0.0,12.0
SFF-140DS-40KK-50KK-800N,0.0,2.0,42.0,21.0,39.0,0.0,33.0,40.0,25.0,0.0,0.0,10.0,0.0,0.0,30.0
SFF-140DS-40KK-55K-800N,40.0,31.0,60.0,50.0,40.0,80.0,0.0,30.0,80.0,30.0,90.0,35.0,90.0,30.0,30.0
SFF-140DS-42K-55K-800N,0.0,0.0,0.0,0.0,0.0,0.0,0.0,0.0,4.0,1.0,0.0,0.0,0.0,0.0,0.0
SFF-140DS-42KJ-55KJ-800N,0.0,0.0,0.0,0.0,0.0,0.0,0.0,0.0,0.0,0.0,10.0,0.0,0.0,0.0,0.0
SFF-140DS-42KK-48KK-800N,0.0,0.0,0.0,0.0,1.0,0.0,0.0,0.0,0.0,0.0,0.0,0.0,0.0,0.0,0.0
SFF-140DS-45K-55K-800N,0.0,0.0,0.0,0.0,0.0,0.0,0.0,1.0,0.0,0.0,0.0,1.0,0.0,0.0,0.0
SFF-140DS-48KJ-55KJ-1000N,0.0,0.0,0.0,0.0,0.0,0.0,0.0,0.0,0.0,0.0,0.0,0.0,10.0,0.0,0.0
SFF-140DS-50K-55K-1000N,0.0,0.0,0.0,2.0,0.0,0.0,0.0,0.0,0.0,0.0,0.0,13.0,0.0,0.0,0.0
SFF-140DS-55K-55K-1000N,0.0,0.0,1.0,0.0,0.0,0.0,0.0,1.0,6.0,0.0,0.0,0.0,0.0,1.0,1.0
SFF-140DS-55K-55KK-1000N,0.0,5.0,0.0,15.0,5.0,0.0,5.0,0.0,0.0,5.0,8.0,26.0,35.0,0.0,10.0
SFF-140DS-55K-60K-1000N,0.0,0.0,0.0,2.0,0.0,0.0,0.0,3.0,0.0,0.0,0.0,0.0,0.0,0.0,0.0
SFF-140DS-55K-65K-1000N,0.0,0.0,0.0,0.0,0.0,0.0,0.0,0.0,3.0,0.0,0.0,2.0,0.0,0.0,0.0
SFF-140DS-55KJ-55KJ-1000N,0.0,30.0,0.0,0.0,60.0,30.0,30.0,30.0,0.0,10.0,40.0,0.0,0.0,30.0,25.0
SFF-140DS-60K-75K-1000N,0.0,0.0,0.0,0.0,0.0,0.0,0.0,0.0,18.0,2.0,0.0,0.0,0.0,0.0,0.0
SFF-140DS-65K-75K-1000N,0.0,0.0,0.0,2.0,0.0,0.0,0.0,0.0,0.0,0.0,0.0,0.0,0.0,0.0,0.0
SFF-140DS-65KM-75K-1000N,0.0,0.0,0.0,0.0,0.0,0.0,2.0,0.0,0.0,0.0,0.0,0.0,0.0,0.0,0.0
SFF-140DS-70K-75K-1000N,0.0,0.0,0.0,0.0,0.0,0.0,0.0,0.0,0.0,1.0,0.0,0.0,0.0,0.0,0.0
SFF-140DS-75KJ-75KJ-1000N,5.0,0.0,2.0,1.0,1.0,1.0,2.0,0.0,0.0,0.0,0.0,0.0,3.0,0.0,1.0
SFF-140SS-40K-55K-800N,0.0,0.0,0.0,0.0,0.0,0.0,0.0,0.0,1.0,0.0,0.0,0.0,0.0,0.0,0.0
SFF-140SS-40KK-55K-800N,0.0,0.0,0.0,0.0,0.0,0.0,0.0,0.0,0.0,0.0,0.0,0.0,2.0,0.0,0.0
SFF-140SS-40KK-55KK-800N,1.0,0.0,0.0,0.0,0.0,0.0,0.0,3.0,0.0,0.0,0.0,0.0,0.0,0.0,0.0
SFF-140SS-42K-55K-800N,0.0,0.0,0.0,0.0,0.0,0.0,0.0,0.0,0.0,0.0,0.0,0.0,0.0,1.0,0.0
SFF-140SS-50K-55K-1000N,0.0,0.0,0.0,0.0,0.0,2.0,0.0,0.0,0.0,0.0,0.0,2.0,0.0,0.0,2.0
SFF-140SS-50K-55KK-1000N,0.0,0.0,0.0,0.0,0.0,1.0,0.0,0.0,0.0,0.0,0.0,0.0,0.0,0.0,0.0
SFF-140SS-55K-55KK-1000N,0.0,0.0,0.0,0.0,0.0,0.0,0.0,0.0,0.0,0.0,0.0,0.0,2.0,0.0,0.0
SFF-140SS-55K-60K-1000N,0.0,0.0,0.0,0.0,0.0,0.0,0.0,0.0,0.0,0.0,0.0,2.0,1.0,0.0,0.0
SFF-140SS-55K-60KK-1000N,0.0,0.0,0.0,0.0,0.0,1.0,0.0,0.0,0.0,0.0,0.0,0.0,0.0,0.0,0.0
SFF-140SS-55K-75K-1000N,0.0,0.0,0.0,0.0,0.0,0.0,0.0,0.0,0.0,0.0,0.0,1.0,0.0,0.0,0.0
SFF-140SS-55KK-55KK-1000N,1.0,0.0,0.0,0.0,0.0,0.0,0.0,3.0,0.0,0.0,0.0,0.0,0.0,0.0,0.0
SFF-140SS-60K-60K-1000N,0.0,0.0,0.0,0.0,0.0,0.0,0.0,0.0,0.0,0.0,0.0,5.0,0.0,0.0,0.0
SFF-140SS-62K-62K-1000N,0.0,2.0,0.0,0.0,0.0,0.0,0.0,0.0,0.0,0.0,0.0,4.0,0.0,0.0,0.0
SFH-150G-40H-48H海外,0.0,0.0,0.0,0.0,0.0,0.0,1.0,0.0,0.0,0.0,0.0,0.0,0.0,0.0,0.0
SFH-150S,0.0,0.0,0.0,0.0,0.0,4.0,0.0,0.0,0.0,0.0,0.0,0.0,0.0,0.0,0.0
SFH-150S-40H-40H海外,0.0,0.0,0.0,0.0,0.0,0.0,4.0,0.0,0.0,0.0,0.0,0.0,0.0,0.0,0.0
SFH-150S-40KK-55K海外,1.0,0.0,0.0,0.0,0.0,0.0,0.0,0.0,0.0,3.0,0.0,0.0,0.0,0.0,0.0
SFH-150S-55K-55KK海外,0.0,0.0,1.0,0.0,0.0,0.0,0.0,3.0,0.0,0.0,0.0,1.0,0.0,0.0,0.0
SFH-170S-55K-75K海外,0.0,0.0,0.0,0.0,0.0,0.0,18.0,0.0,0.0,0.0,0.0,0.0,0.0,0.0,0.0
SFH-170S-60K-60K海外,0.0,0.0,0.0,0.0,0.0,0.0,0.0,0.0,0.0,2.0,0.0,0.0,0.0,0.0,0.0
SFH-170S-60K-65K海外,0.0,0.0,0.0,0.0,0.0,2.0,0.0,0.0,9.0,0.0,0.0,6.0,0.0,10.0,0.0
SFH-170S-65K-75K海外,0.0,0.0,1.0,0.0,0.0,1.0,0.0,0.0,0.0,2.0,0.0,0.0,0.0,0.0,0.0
SFH-170S-75K-75K海外,0.0,0.0,3.0,0.0,0.0,0.0,0.0,0.0,0.0,0.0,0.0,0.0,0.0,1.0,0.0
SFH-170S-T020,0.0,0.0,0.0,0.0,0.0,0.0,3.0,0.0,3.0,0.0,0.0,0.0,0.0,0.0,0.0
SFH-190S-55K-75K海外,0.0,0.0,0.0,0.0,0.0,0.0,0.0,0.0,0.0,0.0,0.0,0.0,0.0,0.0,2.0
SFH-190S-75K-75K海外,0.0,0.0,0.0,0.0,0.0,0.0,0.0,0.0,0.0,0.0,6.0,0.0,0.0,0.0,0.0
SFH-190S-75K-85K海外,0.0,0.0,0.0,0.0,0.0,0.0,0.0,0.0,0.0,0.0,1.0,0.0,0.0,0.0,0.0
SFH-190S-T015,0.0,16.0,20.0,40.0,0.0,21.0,0.0,20.0,0.0,0.0,0.0,0.0,0.0,0.0,0.0
SFH-190S-T017,0.0,0.0,0.0,0.0,0.0,0.0,0.0,0.0,0.0,0.0,4.0,0.0,0.0,0.0,0.0
SFH-210S-75K-75K海外,0.0,3.0,2.0,0.0,0.0,0.0,0.0,0.0,0.0,0.0,0.0,0.0,0.0,0.0,0.0
SFH-220S海外,0.0,0.0,0.0,0.0,0.0,0.0,1.0,0.0,0.0,0.0,0.0,0.0,0.0,0.0,0.0
SFH-260S 60H-60H海外,0.0,0.0,0.0,0.0,0.0,0.0,0.0,0.0,1.0,0.0,0.0,0.0,0.0,0.0,0.0
SFH-260S 70H-70H海外,0.0,0.0,0.0,0.0,0.0,0.0,0.0,0.0,0.0,0.0,0.0,0.0,0.0,0.0,1.0
SFH-260S-80-80海外,0.0,0.0,0.0,0.0,0.0,0.0,0.0,0.0,0.0,0.0,0.0,2.0,0.0,0.0,0.0
SFM-060SS-17B-17B-60N G2.5/24000,0.0,1.0,0.0,1.0,0.0,0.0,0.0,0.0,0.0,0.0,0.0,0.0,0.0,0.0,0.0
SFM-070DS-T001N,0.0,0.0,0.0,0.0,0.0,0.0,0.0,0.0,0.0,1.0,0.0,0.0,0.0,0.0,0.0
SFM-090SS-45K-45K-300N-G2.5/10000,0.0,0.0,0.0,0.0,0.0,0.0,0.0,0.0,0.0,0.0,0.0,0.0,0.0,0.0,1.0
SFM-090SS-T004N,0.0,0.0,0.0,5.0,0.0,0.0,0.0,0.0,0.0,0.0,0.0,0.0,0.0,0.0,0.0
SFM-100SS-38KK-38KK-450N-G2.5/15000,0.0,0.0,0.0,0.0,0.0,0.0,1.0,0.0,0.0,0.0,0.0,0.0,0.0,0.0,0.0
"SFM-100SS-45K-48K-450N G2,5/15000",0.0,0.0,0.0,0.0,0.0,0.0,0.0,0.0,0.0,1.0,0.0,0.0,0.0,0.0,0.0
SFM-100SS-T014N,20.0,0.0,0.0,0.0,10.0,0.0,20.0,56.0,0.0,50.0,30.0,40.0,40.0,0.0,40.0
SFM-100SS-T024N,0.0,0.0,0.0,0.0,0.0,3.0,0.0,0.0,0.0,0.0,0.0,0.0,0.0,0.0,0.0
SFM-120DS-T008N,0.0,0.0,0.0,0.0,0.0,0.0,0.0,0.0,0.0,0.0,0.0,0.0,0.0,11.0,0.0
SFM-120SS-38KK-55K-600N-G2.5/15000,0.0,0.0,0.0,0.0,1.0,5.0,0.0,0.0,0.0,0.0,5.0,5.0,5.0,0.0,0.0
SFM-120SS-45BK-45BK-600N-G2.5/20000,0.0,0.0,0.0,0.0,0.0,0.0,0.0,0.0,0.0,0.0,0.0,0.0,0.0,4.0,0.0
SFM-120SS-45K-45K-600N-G2.5/10000,0.0,0.0,0.0,0.0,0.0,1.0,0.0,0.0,0.0,0.0,0.0,0.0,0.0,0.0,0.0
SFM-120SS-45K-45K-600N-G2.5/18000,0.0,0.0,0.0,0.0,0.0,0.0,0.0,0.0,0.0,0.0,0.0,0.0,0.0,0.0,1.0
SFM-120SS-48B-50B-600N-G2.5/10000,0.0,0.0,0.0,0.0,0.0,0.0,0.0,5.0,0.0,5.0,15.0,0.0,0.0,0.0,0.0
"SFM-120SS-48KK-65K-600N-G2,5/15000",5.0,0.0,1.0,0.0,5.0,5.0,0.0,4.0,11.0,0.0,10.0,10.0,10.0,0.0,0.0
SFM-120SS-55KK-55KK-600N-G2.5/10000,0.0,0.0,0.0,0.0,0.0,0.0,0.0,0.0,2.0,0.0,0.0,0.0,0.0,0.0,0.0
SFM-140DS-T003N,0.0,0.0,0.0,0.0,0.0,2.0,0.0,0.0,0.0,0.0,0.0,0.0,0.0,0.0,0.0
"SFM-140SS-45K-45K-800N-G2,5/15000",0.0,0.0,0.0,0.0,0.0,0.0,0.0,0.0,0.0,0.0,0.0,0.0,1.0,0.0,0.0
SFM-140SS-50K-50K-1000N-G2.5/18000,0.0,0.0,0.0,0.0,0.0,0.0,0.0,0.0,0.0,1.0,0.0,0.0,0.0,0.0,0.0
SFM-140SS-50K-55K-1000N-G6.3/20000,0.0,0.0,0.0,0.0,0.0,0.0,0.0,0.0,0.0,0.0,3.0,0.0,0.0,0.0,0.0
SFM-140SS-65K-75K-1000N-G2.5/10000,0.0,0.0,0.0,0.0,0.0,0.0,4.0,0.0,0.0,0.0,0.0,0.0,0.0,0.0,0.0
SFM-140SS-T007N,0.0,0.0,0.0,0.0,3.0,15.0,2.0,0.0,11.0,0.0,0.0,1.0,10.0,0.0,9.0
SFM-140SS-T009N,0.0,0.0,0.0,0.0,0.0,1.0,0.0,0.0,0.0,0.0,0.0,1.0,0.0,0.0,0.0
SFR-025SA1-8B-12B,0.0,0.0,0.0,0.0,0.0,0.0,0.0,0.0,0.0,0.0,0.0,0.0,0.0,0.0,2.0
SFR-030SA1-12B-14B,0.0,2.0,0.0,0.0,3.0,2.0,0.0,0.0,0.0,0.0,0.0,0.0,0.0,0.0,0.0
SFR-030SA1-5B-16B,0.0,0.0,0.0,0.0,0.0,0.0,0.0,0.0,0.0,0.0,2.0,0.0,0.0,0.0,0.0
SFR-040SA1-12B-19B,0.0,0.0,1.0,0.0,0.0,0.0,0.0,0.0,0.0,0.0,0.0,0.0,0.0,0.0,0.0
SFR-050SA1-17B-24B,0.0,0.0,0.0,0.0,0.0,6.0,0.0,0.0,0.0,0.0,0.0,0.0,0.0,0.0,0.0
SFR-050SA1-20B-24B,0.0,0.0,0.0,0.0,0.0,3.0,0.0,0.0,0.0,0.0,0.0,0.0,0.0,0.0,0.0
SFS-05S,0.0,0.0,0.0,0.0,0.0,0.0,0.0,1.0,0.0,0.0,0.0,0.0,0.0,0.0,0.0
SFS-05S 12H-12H,0.0,0.0,0.0,0.0,0.0,1.0,0.0,0.0,0.0,1.0,0.0,0.0,0.0,0.0,0.0
SFS-05S 12H-15H,0.0,0.0,0.0,0.0,0.0,0.0,3.0,0.0,1.0,1.0,6.0,0.0,0.0,0.0,1.0
SFS-05S 12H-16H,0.0,0.0,0.0,0.0,0.0,0.0,0.0,0.0,0.0,1.0,0.0,0.0,0.0,0.0,0.0
SFS-05S 12H-19H,0.0,0.0,0.0,0.0,0.0,0.0,2.0,0.0,0.0,2.0,5.0,0.0,0.0,0.0,0.0
SFS-05S 12H-20H,0.0,0.0,1.0,0.0,0.0,0.0,0.0,3.0,0.0,0.0,0.0,0.0,0.0,0.0,0.0
SFS-05S-T070AA,0.0,20.0,30.0,0.0,0.0,0.0,0.0,0.0,0.0,0.0,0.0,0.0,0.0,10.0,0.0
SFS-05W,0.0,0.0,0.0,0.0,0.0,0.0,2.0,0.0,0.0,2.0,0.0,0.0,0.0,0.0,2.0
SFS-05W-19H-19H,0.0,0.0,0.0,0.0,0.0,0.0,0.0,0.0,3.0,0.0,0.0,0.0,0.0,0.0,0.0
SFS-05W-19J-19J,0.0,0.0,0.0,0.0,1.0,0.0,0.0,0.0,0.0,0.0,0.0,0.0,0.0,0.0,0.0
SFS-05W-C,0.0,0.0,0.0,0.0,0.0,0.0,0.0,0.0,0.0,0.0,0.0,0.0,0.0,0.0,3.0
SFS-05W-C-18H-18H,0.0,0.0,0.0,0.0,0.0,0.0,10.0,0.0,0.0,20.0,0.0,5.0,0.0,0.0,0.0
SFS-06G-15M-16C,0.0,0.0,0.0,0.0,0.0,0.0,10.0,0.0,0.0,0.0,0.0,0.0,0.0,0.0,0.0
SFS-06S,0.0,0.0,1.0,0.0,0.0,0.0,2.0,0.0,0.0,0.0,0.0,0.0,0.0,4.0,0.0
SFS-06S 15H-19H,0.0,0.0,0.0,0.0,0.0,0.0,1.0,1.0,1.0,1.0,6.0,0.0,0.0,1.0,1.0
SFS-06S 17H-19H,0.0,0.0,0.0,0.0,0.0,0.0,1.0,1.0,3.0,0.0,2.0,0.0,0.0,2.0,0.0
SFS-06S 17H-25H,0.0,0.0,3.0,2.0,0.0,0.0,0.0,0.0,0.0,0.0,0.0,0.0,0.0,0.0,0.0
SFS-06S-14M-11C,0.0,0.0,1.0,1.0,1.0,2.0,4.0,1.0,0.0,0.0,0.0,0.0,0.0,0.0,0.0
SFS-06S-15M-16C,0.0,0.0,0.0,0.0,0.0,0.0,0.0,2.0,0.0,4.0,0.0,0.0,0.0,0.0,0.0
SFS-06W,0.0,0.0,0.0,0.0,0.0,0.0,1.0,0.0,0.0,0.0,0.0,0.0,0.0,0.0,0.0
SFS-06W 19H-20H,0.0,0.0,0.0,0.0,0.0,0.0,0.0,1.0,0.0,0.0,0.0,0.0,0.0,0.0,0.0
SFS-06W-14M-11C,0.0,5.0,0.0,0.0,0.0,0.0,0.0,0.0,0.0,0.0,0.0,0.0,0.0,0.0,0.0
SFS-06W-15M-16C,0.0,5.0,0.0,4.0,0.0,0.0,10.0,20.0,0.0,0.0,0.0,0.0,0.0,0.0,0.0
SFS-06W-C,0.0,0.0,0.0,0.0,0.0,2.0,0.0,0.0,0.0,0.0,0.0,0.0,10.0,0.0,0.0
SFS-08S,5.0,0.0,0.0,0.0,0.0,0.0,0.0,2.0,0.0,0.0,0.0,0.0,0.0,0.0,0.0
SFS-08S 14H-32H,0.0,0.0,2.0,0.0,0.0,0.0,0.0,0.0,0.0,0.0,0.0,0.0,0.0,0.0,0.0
SFS-08S 15H-24H,0.0,0.0,0.0,0.0,0.0,0.0,1.0,0.0,1.0,1.0,6.0,0.0,0.0,1.0,0.0
SFS-08S 20H-24H,0.0,0.0,0.0,0.0,0.0,0.0,0.0,0.0,0.0,0.0,0.0,1.0,1.0,1.0,0.0
SFS-08S 22H-24H,0.0,0.0,1.0,0.0,0.0,0.0,4.0,1.0,0.0,1.0,6.0,0.0,0.0,1.0,0.0
SFS-08S 25H-25H,0.0,0.0,0.0,5.0,0.0,0.0,0.0,0.0,0.0,0.0,0.0,0.0,0.0,0.0,0.0
SFS-08S-16M-20M,0.0,0.0,0.0,0.0,0.0,0.0,0.0,0.0,0.0,0.0,0.0,7.0,0.0,0.0,0.0
SFS-08S-22M-24M,0.0,0.0,1.0,0.0,0.0,0.0,0.0,0.0,0.0,0.0,0.0,0.0,0.0,0.0,0.0
SFS-08S-T085CA,20.0,0.0,15.0,0.0,0.0,0.0,40.0,0.0,20.0,40.0,0.0,60.0,0.0,30.0,0.0
SFS-08S-T087CA,30.0,0.0,0.0,0.0,0.0,0.0,30.0,0.0,10.0,0.0,0.0,20.0,0.0,0.0,0.0
SFS-08W-17J-19J,0.0,0.0,0.0,0.0,0.0,0.0,1.0,0.0,0.0,0.0,0.0,0.0,0.0,0.0,0.0
SFS-09S,0.0,0.0,0.0,0.0,0.0,15.0,0.0,0.0,0.0,0.0,0.0,0.0,0.0,0.0,0.0
SFS-09S 22H-22H,1.0,0.0,2.0,0.0,3.0,2.0,0.0,1.0,0.0,2.0,0.0,1.0,0.0,1.0,0.0
SFS-09S-22J-35J,0.0,0.0,0.0,0.0,0.0,0.0,0.0,0.0,0.0,0.0,0.0,1.0,0.0,0.0,0.0
SFS-09S-25M-25M,0.0,0.0,0.0,0.0,2.0,0.0,0.0,0.0,0.0,0.0,0.0,0.0,0.0,0.0,0.0
SFS-09S-25M-35M,0.0,0.0,0.0,0.0,0.0,0.0,0.0,0.0,1.0,0.0,0.0,0.0,0.0,0.0,0.0
SFS-09S-30M-35M,0.0,0.0,0.0,0.0,0.0,6.0,0.0,0.0,0.0,0.0,0.0,0.0,0.0,0.0,0.0
SFS-09W,0.0,0.0,0.0,0.0,0.0,0.0,6.0,0.0,0.0,0.0,0.0,0.0,0.0,0.0,0.0
SFS-09W-22M-32M,0.0,0.0,0.0,0.0,0.0,0.0,0.0,0.0,0.0,0.0,0.0,0.0,0.0,0.0,2.0
SFS-10S,0.0,0.0,0.0,2.0,0.0,0.0,0.0,0.0,0.0,1.0,0.0,0.0,0.0,0.0,0.0
SFS-10S 22H-30H,0.0,0.0,0.0,0.0,0.0,0.0,0.0,0.0,0.0,0.0,1.0,0.0,0.0,0.0,0.0
SFS-10S-28H-32H,0.0,0.0,0.0,0.0,0.0,0.0,0.0,0.0,0.0,1.0,0.0,0.0,0.0,0.0,0.0
SFS-10S-28M-30M,0.0,0.0,0.0,0.0,0.0,0.0,0.0,3.0,0.0,0.0,0.0,0.0,0.0,0.0,0.0
SFS-10S-35M-35M,0.0,24.0,0.0,0.0,0.0,0.0,0.0,20.0,0.0,0.0,0.0,0.0,0.0,0.0,0.0
SFS-10W,0.0,0.0,0.0,0.0,0.0,0.0,1.0,0.0,2.0,0.0,0.0,0.0,0.0,8.0,0.0
SFS-12S 35H-35H,0.0,2.0,3.0,0.0,4.0,2.0,0.0,6.0,0.0,5.0,0.0,0.0,5.0,10.0,0.0
SFS-12S 40H-40H,0.0,0.0,0.0,3.0,0.0,0.0,0.0,0.0,0.0,0.0,0.0,0.0,0.0,0.0,0.0
SFS-12S-25P-35P,0.0,0.0,1.0,0.0,0.0,0.0,0.0,0.0,4.0,0.0,0.0,0.0,4.0,0.0,8.0
SFS-12S-30M-35M,0.0,0.0,0.0,0.0,0.0,0.0,0.0,0.0,1.0,0.0,0.0,0.0,1.0,0.0,0.0
SFS-12S-35M-40M,0.0,0.0,0.0,2.0,0.0,0.0,0.0,0.0,0.0,0.0,0.0,0.0,0.0,0.0,0.0
SFS-12W,0.0,0.0,0.0,1.0,0.0,0.0,0.0,4.0,2.0,0.0,0.0,0.0,0.0,0.0,0.0
SFS-12W 40H-40H,0.0,0.0,0.0,10.0,0.0,0.0,0.0,0.0,0.0,0.0,0.0,0.0,0.0,0.0,0.0
SFS-12W 40H-45H,0.0,0.0,0.0,2.0,1.0,0.0,0.0,0.0,0.0,0.0,0.0,0.0,0.0,0.0,0.0
SFS-12W-35J-42J,0.0,0.0,0.0,0.0,0.0,0.0,1.0,0.0,0.0,0.0,0.0,0.0,0.0,0.0,1.0
SFS-14G-40H-50H,0.0,0.0,0.0,0.0,0.0,0.0,0.0,0.0,1.0,0.0,0.0,0.0,0.0,0.0,0.0
SFS-14S,0.0,40.0,0.0,0.0,0.0,0.0,20.0,20.0,0.0,0.0,0.0,0.0,0.0,0.0,20.0
SFS-14S 35H-35H,0.0,0.0,0.0,0.0,0.0,0.0,0.0,0.0,0.0,1.0,0.0,1.0,0.0,1.0,0.0
SFS-14S 40H-40H,0.0,0.0,6.0,0.0,3.0,2.0,0.0,2.0,0.0,5.0,0.0,10.0,0.0,5.0,0.0
SFS-14S-35P-40P,0.0,0.0,1.0,0.0,0.0,0.0,0.0,0.0,4.0,0.0,0.0,0.0,4.0,0.0,8.0
SFS-14S-42H-45H,0.0,0.0,0.0,0.0,0.0,0.0,0.0,0.0,0.0,1.0,0.0,0.0,0.0,0.0,0.0
SPACER BOLT CF-A-025-S1-1360-G,0.0,0.0,0.0,600.0,300.0,0.0,0.0,0.0,0.0,150.0,0.0,500.0,0.0,0.0,200.0
SPACER BOLT CF-A-030-S1-1360-G,700.0,800.0,800.0,600.0,0.0,150.0,250.0,250.0,0.0,0.0,0.0,0.0,0.0,0.0,100.0
SPACER BOLT CF-A-090-S1-1360-G,260.0,0.0,500.0,980.0,0.0,240.0,0.0,240.0,120.0,108.0,0.0,0.0,0.0,0.0,0.0
SRG-035CS-T006,0.0,0.0,0.0,0.0,0.0,0.0,0.0,0.0,0.0,2.0,0.0,0.0,0.0,0.0,0.0
SRG-050DS-18K-19K,2.0,0.0,0.0,0.0,0.0,0.0,0.0,0.0,0.0,0.0,0.0,0.0,0.0,0.0,0.0
SRG-050DS-22K-22K,0.0,0.0,0.0,0.0,0.0,0.0,0.0,0.0,0.0,0.0,1.0,0.0,0.0,0.0,0.0
SRG-060AS-24K-35K,0.0,0.0,0.0,0.0,0.0,0.0,0.0,0.0,2.0,0.0,0.0,40.0,60.0,5.0,30.0
SRG-060AS-25K-35K,0.0,0.0,0.0,0.0,0.0,0.0,0.0,0.0,2.0,0.0,20.0,0.0,0.0,0.0,0.0
SRG-060AS-25K-35KS,0.0,0.0,0.0,24.0,0.0,19.0,0.0,0.0,0.0,0.0,0.0,0.0,0.0,0.0,0.0
SRG-060AS-28K-35K,0.0,0.0,0.0,0.0,0.0,0.0,2.0,0.0,0.0,5.0,0.0,45.0,0.0,0.0,0.0
SRG-060AS-30K-35KS,0.0,0.0,0.0,0.0,0.0,0.0,0.0,0.0,0.0,6.0,0.0,0.0,1.0,0.0,0.0
SRG-060AS-35K-35K,0.0,0.0,0.0,0.0,0.0,0.0,0.0,0.0,0.0,0.0,0.0,0.0,0.0,20.0,0.0
SRG-060AS-35K-35KS,0.0,9.0,0.0,25.0,45.0,19.0,48.0,0.0,61.0,0.0,85.0,10.0,18.0,10.0,0.0
SRG-060AS-T011,0.0,0.0,0.0,0.0,0.0,0.0,0.0,0.0,2.0,0.0,0.0,0.0,0.0,0.0,0.0
SRG-060AS-T018,0.0,0.0,0.0,0.0,0.0,0.0,0.0,0.0,2.0,0.0,0.0,0.0,0.0,0.0,0.0
SRG-070AS-T008,5.0,3.0,3.0,3.0,0.0,6.0,6.0,0.0,6.0,0.0,5.0,10.0,16.0,0.0,0.0
SRG-070AS-T009,0.0,0.0,0.0,0.0,0.0,0.0,0.0,0.0,0.0,0.0,0.0,8.0,0.0,0.0,0.0
SRG-070DS-25KK-35KS,0.0,0.0,0.0,0.0,0.0,0.0,0.0,0.0,0.0,0.0,0.0,0.0,0.0,0.0,2.0
SRG-070DS-28K-28K,0.0,0.0,0.0,0.0,0.0,1.0,0.0,0.0,0.0,0.0,0.0,0.0,0.0,0.0,0.0
SRG-070DS-30K-35K,10.0,0.0,0.0,10.0,0.0,0.0,10.0,10.0,0.0,0.0,0.0,38.0,0.0,30.0,0.0
SRG-070DS-35K-35K,0.0,4.0,30.0,0.0,0.0,0.0,0.0,1.0,0.0,36.0,0.0,0.0,0.0,0.0,0.0
SRG-070DS-35KK-35KS,0.0,0.0,0.0,0.0,0.0,0.0,0.0,0.0,0.0,0.0,0.0,0.0,0.0,0.0,2.0
SRG-080DS-35K-38KK,0.0,0.0,0.0,0.0,0.0,0.0,3.0,3.0,0.0,0.0,0.0,0.0,0.0,0.0,0.0
SRG-080DS-35KS-38KK,0.0,0.0,30.0,0.0,3.0,0.0,0.0,0.0,0.0,0.0,0.0,0.0,0.0,0.0,10.0
SY15D0A530C3002-24V,0.0,0.0,0.0,0.0,0.0,0.0,0.0,0.0,0.0,0.0,0.0,15.0,0.0,0.0,10.0
SY15D0A530M3002-24V-D,0.0,0.0,0.0,0.0,0.0,0.0,0.0,0.0,0.0,0.0,0.0,0.0,4.0,0.0,0.0
SY15D0A530M3002-48V,0.0,0.0,0.0,0.0,0.0,0.0,0.0,0.0,0.0,0.0,0.0,0.0,0.0,0.0,6.0
SY25D00130M3005-48V-(MIFO601-15),0.0,0.0,0.0,0.0,0.0,0.0,0.0,0.0,0.0,0.0,2.0,0.0,0.0,0.0,0.0
SY25D00130M5005-48V-(TG-10),0.0,0.0,4.0,0.0,0.0,0.0,0.0,0.0,0.0,0.0,0.0,0.0,0.0,0.0,0.0
SY25D00230M3005-24V-(QK),0.0,0.0,0.0,0.0,0.0,0.0,0.0,0.0,0.0,0.0,0.0,0.0,0.0,2.0,0.0
SY25D00230M3005-48V,0.0,0.0,0.0,0.0,0.0,0.0,0.0,0.0,0.0,0.0,0.0,0.0,0.0,0.0,2.0
SY25D00230M5005-24V,1.0,0.0,0.0,0.0,0.0,0.0,0.0,0.0,0.0,0.0,0.0,0.0,0.0,0.0,0.0
SY25D00330M3005-48V,0.0,10.0,0.0,0.0,0.0,0.0,16.0,50.0,60.0,0.0,100.0,300.0,100.0,0.0,0.0
SY25D00330M4005-48V-HD,0.0,0.0,0.0,0.0,0.0,0.0,0.0,0.0,0.0,0.0,6.0,0.0,19.0,0.0,0.0
SY25D00530M3005-48V,0.0,0.0,0.0,0.0,0.0,0.0,0.0,0.0,0.0,0.0,0.0,0.0,0.0,0.0,20.0
SY40D00530M5015-48V,0.0,0.0,0.0,0.0,0.0,0.0,0.0,0.0,0.0,0.0,96.0,0.0,0.0,0.0,0.0
T-160-A,0.0,0.0,2.0,0.0,0.0,0.0,0.0,0.0,0.0,0.0,0.0,0.0,0.0,0.0,0.0
TL6-M6M（1包/10PCS） ,0.0,0.0,0.0,0.0,1.0,0.0,0.0,0.0,0.0,0.0,0.0,0.0,0.0,0.0,0.0
TND07V-471KBOOAAAO 压敏电阻,0.0,500.0,0.0,0.0,0.0,0.0,200.0,0.0,0.0,0.0,0.0,0.0,300.0,0.0,0.0
TS6-M5M（1包/10PCS）,0.0,0.0,0.0,0.0,1.0,0.0,0.0,0.0,0.0,0.0,0.0,0.0,0.0,0.0,0.0
TT-1X-01-12-12-2.5NM,0.0,0.0,0.0,0.0,0.0,0.0,0.0,0.0,0.0,1.0,0.0,0.0,0.0,0.0,0.0
TT-1X-01-12-12-3NM,0.0,0.0,6.0,6.0,0.0,35.0,25.0,10.0,0.0,20.0,20.0,10.0,0.0,10.0,20.0
TT-1X-01-14-10-1.5NM,0.0,10.0,0.0,0.0,0.0,0.0,0.0,0.0,0.0,0.0,0.0,0.0,0.0,0.0,0.0
TT-1X-01-8-8-1NM,0.0,0.0,0.0,0.0,0.0,0.0,0.0,1.0,0.0,0.0,0.0,0.0,0.0,0.0,0.0
TT-1X-01-8-8-2NM,0.0,0.0,0.0,0.0,0.0,0.0,0.0,15.0,0.0,0.0,0.0,30.0,0.0,0.0,0.0
TT-1X-03-12H-3NM,2.0,0.0,0.0,0.0,0.0,0.0,0.0,0.0,0.0,0.0,0.0,0.0,0.0,0.0,0.0
TT-2-01-15-15-2NM,0.0,0.0,0.0,2.0,0.0,6.0,5.0,0.0,0.0,0.0,0.0,0.0,0.0,0.0,0.0
TT-2-01-15H-15H-10NM,0.0,0.0,0.0,8.0,0.0,0.0,0.0,0.0,0.0,0.0,0.0,0.0,0.0,5.0,0.0
TT-2-01-16H-15H-10NM,0.0,0.0,0.0,10.0,0.0,0.0,0.0,0.0,0.0,0.0,0.0,0.0,0.0,5.0,0.0
TT-2-01-19H-11H-3NM,0.0,0.0,0.0,0.0,0.0,0.0,2.0,0.0,0.0,0.0,0.0,0.0,0.0,0.0,0.0
TT-2X-01-18H-18H-15NM-P,0.0,0.0,0.0,0.0,0.0,0.0,0.0,0.0,0.0,1.0,0.0,2.0,0.0,0.0,1.0
TT-2X-01-20H-19H-8NM,0.0,2.0,0.0,0.0,0.0,0.0,0.0,0.0,0.0,0.0,1.0,0.0,0.0,0.0,0.0
TT-2X-02-20-20-8NM,0.0,0.0,0.0,0.0,0.0,0.0,0.0,0.0,0.0,1.0,0.0,0.0,0.0,0.0,0.0
TT-2X-03-15H-15NM,0.0,0.0,0.0,0.0,2.0,0.0,2.0,0.0,0.0,2.0,0.0,0.0,0.0,0.0,0.0
TT-2X-03-16-15NM-P,0.0,20.0,0.0,0.0,0.0,0.0,0.0,0.0,0.0,30.0,0.0,10.0,0.0,0.0,0.0
TT-2X-03-16-5NM,0.0,0.0,1.0,3.0,0.0,0.0,0.0,0.0,0.0,0.0,0.0,0.0,0.0,0.0,0.0
TT-2X-03-18-12NM,0.0,0.0,0.0,0.0,0.0,0.0,0.0,0.0,0.0,0.0,0.0,0.0,0.0,0.0,1.0
TT-2X-03-18-8NM,0.0,0.0,0.0,0.0,1.0,0.0,0.0,0.0,0.0,0.0,0.0,0.0,0.0,0.0,0.0
TT-2X-03-18-8NM-P,0.0,20.0,0.0,0.0,0.0,0.0,0.0,0.0,0.0,0.0,0.0,0.0,0.0,0.0,0.0
TT-2X-03-18H-12NM,0.0,0.0,0.0,0.0,0.0,0.0,0.0,0.0,1.0,0.0,0.0,0.0,0.0,0.0,0.0
TT-2X-03-18H-8NM-P,0.0,0.0,0.0,8.0,0.0,0.0,6.0,0.0,0.0,15.0,10.0,0.0,0.0,10.0,0.0
TT-2X-03-20-15NM,0.0,0.0,0.0,0.0,0.0,0.0,0.0,0.0,0.0,0.0,0.0,0.0,0.0,12.0,0.0
TT-3-01-20H-22-10NM,0.0,0.0,0.0,0.0,0.0,2.0,0.0,0.0,0.0,0.0,0.0,0.0,0.0,0.0,0.0
TT-3-01-25H-25H-40NM,0.0,2.0,0.0,0.0,0.0,2.0,0.0,0.0,0.0,0.0,0.0,0.0,0.0,0.0,1.0
TT-3-03-20H-20NM-P,0.0,5.0,0.0,16.0,0.0,0.0,0.0,0.0,0.0,7.0,0.0,10.0,0.0,0.0,0.0
TT-3-03-25H-20NM,0.0,0.0,0.0,0.0,0.0,0.0,0.0,0.0,0.0,0.0,0.0,0.0,0.0,2.0,0.0
TT-3-03-25H-25NM-P,0.0,0.0,0.0,0.0,0.0,0.0,0.0,0.0,10.0,0.0,0.0,0.0,0.0,0.0,0.0
TT-3X-01-25H-25H-60NM,0.0,0.0,2.0,0.0,0.0,0.0,2.0,0.0,0.0,0.0,0.0,0.0,0.0,0.0,0.0
TT-3X-01-25H-25H-60NM-P,0.0,2.0,0.0,0.0,0.0,0.0,0.0,0.0,0.0,0.0,0.0,0.0,0.0,0.0,0.0
TT-3X-01-28H-25H-20NM,0.0,0.0,0.0,0.0,0.0,0.0,1.0,0.0,0.0,0.0,0.0,0.0,0.0,0.0,0.0
U4-C-20 ,0.0,0.0,0.0,0.0,1.0,0.0,0.0,0.0,0.0,0.0,0.0,0.0,0.0,0.0,0.0
U6-B-20 ,0.0,0.0,0.0,0.0,1.0,0.0,0.0,0.0,0.0,0.0,0.0,0.0,0.0,0.0,0.0
U6-C-20 ,0.0,0.0,0.0,0.0,1.0,0.0,0.0,0.0,0.0,0.0,0.0,0.0,0.0,0.0,0.0
U8-B-20 ,0.0,0.0,0.0,0.0,1.0,0.0,0.0,0.0,0.0,0.0,0.0,0.0,0.0,0.0,0.0
V7-04-4,0.0,0.0,0.0,0.0,0.0,0.0,0.0,0.0,0.0,0.0,0.0,0.0,0.0,0.0,1.0
VB-007-G2,0.0,0.0,0.0,0.0,0.0,1.0,0.0,0.0,0.0,0.0,0.0,0.0,0.0,0.0,0.0
VRSF-15C-400-T2,45.0,0.0,0.0,50.0,0.0,30.0,0.0,0.0,0.0,30.0,0.0,30.0,0.0,0.0,0.0
VRSF-15D-750-T2,10.0,0.0,0.0,10.0,0.0,0.0,0.0,0.0,0.0,0.0,0.0,0.0,0.0,0.0,0.0
Y2,0.0,0.0,5.0,0.0,0.0,0.0,0.0,0.0,0.0,0.0,0.0,0.0,0.0,10.0,0.0
YKB300,0.0,0.0,0.0,0.0,0.0,0.0,0.0,0.0,0.0,0.0,128.0,0.0,19.0,0.0,0.0
YKB300-01A005ES000B,0.0,0.0,0.0,0.0,0.0,0.0,0.0,0.0,0.0,0.0,0.0,14.0,0.0,0.0,10.0
YKB300-M3-5.0M-(BMQX),0.0,0.0,0.0,0.0,0.0,0.0,0.0,0.0,0.0,0.0,0.0,4.0,0.0,0.0,0.0
YKB300-M3-5.0M-(DLX),0.0,0.0,0.0,0.0,0.0,0.0,0.0,0.0,0.0,0.0,0.0,2.0,0.0,0.0,0.0
YKB300-M3-LM(BMQX5M),0.0,0.0,0.0,0.0,0.0,0.0,0.0,0.0,0.0,0.0,2.0,0.0,0.0,0.0,0.0
YKB300-M3-LM(BMQX8M),0.0,0.0,0.0,0.0,0.0,0.0,0.0,0.0,0.0,0.0,2.0,0.0,0.0,0.0,0.0
YKB300-M3-LM(DLX5M),0.0,0.0,0.0,0.0,0.0,0.0,0.0,0.0,0.0,0.0,2.0,0.0,0.0,0.0,0.0
YKB300-M3-LM(DLX8M),0.0,0.0,0.0,0.0,0.0,0.0,0.0,0.0,0.0,0.0,2.0,0.0,0.0,0.0,0.0
YKB300-M5-LM(BMQX3M),0.0,0.0,0.0,0.0,0.0,0.0,0.0,0.0,0.0,0.0,120.0,0.0,0.0,0.0,0.0
YKB300-M5-LM(BMQX5M),0.0,0.0,0.0,0.0,0.0,0.0,0.0,0.0,0.0,0.0,48.0,0.0,0.0,0.0,0.0
YKB300-M5-LM(BMQX8M),0.0,0.0,0.0,0.0,0.0,0.0,0.0,0.0,0.0,0.0,24.0,0.0,0.0,0.0,0.0
YKB300-M5-LM(DLX3M),0.0,0.0,0.0,0.0,0.0,0.0,0.0,0.0,0.0,0.0,120.0,0.0,0.0,0.0,0.0
YKB300-M5-LM(DLX5M),0.0,0.0,0.0,0.0,0.0,0.0,0.0,0.0,0.0,0.0,48.0,0.0,0.0,0.0,0.0
YKB300-M5-LM(DLX8M),0.0,0.0,0.0,0.0,0.0,0.0,0.0,0.0,0.0,0.0,24.0,0.0,0.0,0.0,0.0
ZG-6,0.0,0.0,0.0,0.0,0.0,0.0,0.0,0.0,0.0,0.0,0.0,0.0,0.0,8.0,0.0
ZG-8,2.0,0.0,0.0,0.0,0.0,0.0,0.0,0.0,0.0,0.0,0.0,0.0,0.0,0.0,0.0
ZG-8 8-8,0.0,15.0,0.0,0.0,0.0,0.0,0.0,0.0,0.0,0.0,0.0,0.0,0.0,0.0,0.0
ZK25-0330-C-2-005-003-48V,0.0,0.0,0.0,0.0,0.0,0.0,0.0,0.0,0.0,0.0,0.0,0.0,0.0,0.0,10.0
ZKB-2.5BN,0.0,0.0,0.0,0.0,0.0,0.0,0.0,0.0,0.0,0.0,0.0,0.0,0.0,0.0,20.0
ZKSY-830-C2-3M,0.0,0.0,0.0,0.0,0.0,0.0,0.0,0.0,0.0,0.0,0.0,0.0,0.0,0.0,8.0
ZKSY-QD-LM(1M),0.0,0.0,0.0,0.0,0.0,0.0,0.0,0.0,0.0,0.0,0.0,0.0,0.0,2.0,0.0
ZKSY-YKBTSX-LM-(1M),0.0,0.0,0.0,0.0,0.0,0.0,0.0,0.0,0.0,0.0,0.0,0.0,0.0,2.0,0.0
ZKSY830(增量),0.0,0.0,0.0,0.0,0.0,0.0,0.0,0.0,0.0,0.0,0.0,0.0,0.0,0.0,8.0
ZKSY830ABS(脉冲驱动),0.0,0.0,4.0,0.0,0.0,0.0,0.0,0.0,0.0,0.0,0.0,0.0,0.0,0.0,0.0
spider L-050,0.0,0.0,0.0,0.0,0.0,30.0,0.0,0.0,0.0,0.0,2.0,0.0,0.0,0.0,0.0
spider L-070,0.0,0.0,20.0,0.0,0.0,2.0,0.0,0.0,0.0,0.0,0.0,0.0,0.0,0.0,0.0
spider L-075,0.0,0.0,150.0,0.0,0.0,12.0,2.0,0.0,0.0,1.0,0.0,0.0,0.0,0.0,112.0
spider L-090,0.0,0.0,0.0,0.0,0.0,0.0,13.0,0.0,2.0,0.0,0.0,2.0,0.0,0.0,5.0
spider L-095,0.0,0.0,0.0,0.0,0.0,7.0,0.0,0.0,0.0,0.0,0.0,0.0,0.0,0.0,0.0
spider L-100,0.0,0.0,10.0,0.0,12.0,0.0,0.0,0.0,0.0,10.0,0.0,0.0,0.0,0.0,0.0
spider L-110,6.0,0.0,0.0,1.0,0.0,0.0,0.0,0.0,0.0,0.0,0.0,5.0,0.0,0.0,5.0
 ETP-E-055-NK,0.0,0.0,0.0,0.0,0.0,0.0,10.0,0.0,20.0,0.0,0.0,0.0,0.0,0.0,0.0
 SFC-080DA2-30B-35K,0.0,15.0,0.0,0.0,0.0,0.0,0.0,0.0,0.0,0.0,0.0,0.0,0.0,0.0,0.0
 SFF-060SS-22B-25B-80N,0.0,0.0,0.0,0.0,2.0,0.0,0.0,0.0,2.0,0.0,0.0,0.0,0.0,0.0,2.0
 SFF-100DS-32BK-35B-450N,0.0,0.0,0.0,0.0,0.0,1.0,0.0,0.0,0.0,0.0,0.0,0.0,0.0,0.0,0.0
动力线延长线7.1M,0.0,10.0,0.0,0.0,0.0,0.0,16.0,50.0,0.0,0.0,0.0,0.0,0.0,0.0,0.0
动力线延长线GX16-4M-SX-8米,0.0,0.0,4.0,0.0,0.0,0.0,0.0,0.0,0.0,0.0,0.0,0.0,0.0,0.0,0.0
动力线接头GX12-7,0.0,0.0,0.0,0.0,0.0,0.0,0.0,0.0,0.0,0.0,0.0,90.0,0.0,0.0,0.0
消音弹簧BXF-12-10-A-1,0.0,0.0,0.0,0.0,0.0,0.0,0.0,120.0,0.0,0.0,0.0,0.0,240.0,60.0,0.0
电池及电池盒3.6V,0.0,0.0,2.0,0.0,0.0,0.0,0.0,0.0,0.0,0.0,0.0,0.0,0.0,0.0,0.0
编码器延长线DB15M-DB15G-8米,0.0,0.0,4.0,0.0,0.0,0.0,0.0,0.0,0.0,0.0,0.0,0.0,0.0,0.0,0.0
锁紧螺母 P-98-A（含螺钉M6*8）,0.0,0.0,0.0,0.0,0.0,5.0,0.0,0.0,0.0,0.0,0.0,0.0,0.0,0.0,0.0
锥套 P-106-C Φ19,0.0,0.0,0.0,0.0,0.0,5.0,0.0,0.0,0.0,0.0,0.0,0.0,0.0,0.0,0.0
锥套SFC-050DA2-B-14BC,10.0,0.0,0.0,0.0,0.0,0.0,0.0,0.0,0.0,0.0,0.0,0.0,0.0,0.0,0.0
