sku,total_qty,cumshare,class,pattern,adi,cv2,n_active_months,category,top_industry,top_region
CPG-030-T007A,110040.0,0.1493872597266664,A,Smooth,1.25,0.23772978792250066,12,TEC,0140伺服电机,江苏
CPG-030-T007B,55020.0,0.22408088958999958,A,Smooth,1.25,0.23772978792250066,12,TEC,0140伺服电机,江苏
BXR-13-20-A-22,36180.0,0.27319785666479773,A,Intermittent,1.3636363636363635,0.13318110937848074,11,CB,0140伺服电机,江苏
SFC-030SA2-10B-14B,23084.0,0.30453605644242737,A,Erratic,1.0,0.5887990377169219,15,TEC,1140半导体检查装置,广东
ALS-030ARN-10BHA-14BHA,18805.0,0.33006520419924273,A,Erratic,1.0,0.7990244329273877,15,TEC,1190其他半导体关联装置,江苏
ANTI-NOISE SPRING:XS-08-10-A-20,18000.0,0.3545015062265055,A,Intermittent,3.0,0.1388888888888889,5,CB,0140伺服电机,浙江
BXR-09-20-A-22,15660.0,0.37576108899022415,A,Intermittent,1.5,0.24970273483947675,10,CB,0140伺服电机,江苏
CPG-030-T001A,14000.0,0.39476710167809514,A,Intermittent,5.0,0.24489795918367346,3,TEC,0140伺服电机,江苏
SFC-020SA2-7B-8B,13564.0,0.4131812128279725,A,Smooth,1.0,0.4169612864317592,15,TEC,1210直接驱动机器人,江苏
BXH-08-10-A-60,9900.0,0.426621178942967,A,Smooth,1.0,0.17857142857142858,15,CB,0140伺服电机,浙江
BXH-08-10-A-78G,9600.0,0.43965387335750716,A,Smooth,1.1538461538461537,0.12695312500000003,13,CB,0140伺服电机,浙江
E-CF-H-050,9216.0,0.4521652599954657,A,Intermittent,1.3636363636363635,0.2864583333333333,11,CF,8020贸易公司,江苏
BXR-025-10LE-032,8797.0,0.46410782382512294,A,Erratic,1.0,0.5316642185661454,15,CB,1220多轴机器人,北京
BXR-09-20-A-32,8640.0,0.4758372487982091,A,Intermittent,3.75,0.16666666666666666,4,CB,0140伺服电机,江苏
E-CF-H-110,8432.0,0.4872842987256468,A,Smooth,1.1538461538461537,0.13302274316870039,13,CF,8020贸易公司,江苏
ALS-065ARN-28BHA-35BHA,8401.0,0.49868926391070434,A,Erratic,1.0,0.5439104254263784,15,TEC,1090其他机床,江苏
BXR-13-20-A-32,8100.0,0.5096855998229726,A,Intermittent,3.75,0.14814814814814817,4,CB,0140伺服电机,江苏
SFC-050SA2-T212,7860.0,0.5203561183748773,A,Smooth,1.25,0.3471931599663083,12,TEC,1090其他机床,辽宁
ALS-040ARN-15BHA-19BHA,7510.0,0.5305514866095853,A,Erratic,1.0714285714285714,0.9684241858272754,14,TEC,1190其他半导体关联装置,江苏
SFC-050SA2-T228,7200.0,0.5403260074204904,A,Smooth,1.1538461538461537,0.3263040123456791,13,TEC,1090其他机床,辽宁
CPG-030-T005B,7000.0,0.549829013764426,A,Intermittent,5.0,0.24489795918367346,3,TEC,0140伺服电机,江苏
SFC-080DA2-28B-35B,6354.0,0.5584550283800497,A,Smooth,1.0,0.449095883033239,15,TEC,1090其他机床,福建
SFC-050SA2-T229,5620.0,0.5660845849018951,A,Smooth,1.1538461538461537,0.4475141736637918,13,TEC,1090其他机床,辽宁
ALS-065ARN-25BHA-35BHA,5107.0,0.5730177068159634,A,Smooth,1.0,0.11973025622267275,15,TEC,1010切削机械,浙江
SFC-050SA2-16B-14BC,4460.0,0.5790724794293852,A,Smooth,1.1538461538461537,0.3595081173292579,13,TEC,1090其他机床,山东
SFC-060DA2-28B-35B,3907.0,0.5843765145416361,A,Smooth,1.1538461538461537,4.1730405985751794e-05,13,TEC,1030其他金属加工机械,江苏
BXW-05-10-54(本体）,3770.0,0.5894945622440128,A,Intermittent,2.5,0.18545124499574323,6,CB,0140伺服电机,江苏
SPACER BOLT CF-A-030-S1-1360-G,3650.0,0.5944497012662077,A,Intermittent,1.875,0.4269897863442618,8,CF,8020贸易公司,江苏
E-CF-H-160,3584.0,0.5993152405143027,A,Intermittent,1.3636363636363635,0.12890625,11,CF,8020贸易公司,江苏
BXW-03-10-112,3514.0,0.6040857496989583,A,Intermittent,3.0,0.13643531411389975,5,CB,0140伺服电机,浙江
SFC-050SA2-16B-24B,3501.0,0.6088386104432609,A,Erratic,1.0714285714285714,0.5629188136264702,14,TEC,1090其他机床,山东
CS-06-33G 24V 12DIN,3479.0,0.6135616045961969,A,Intermittent,1.5,0.41594865460161295,10,CB,1410医疗装置,北京
CF-A-008-O0-1360,3427.0,0.6182140049877207,A,Smooth,1.25,0.4341959425693882,12,CF,8020贸易公司,江苏
SFC-010SA2-6.35B-8B,3426.0,0.6228650478069098,A,Erratic,1.25,1.380300469740141,12,TEC,1410医疗装置,辽宁
SFC-040SA2-12B-14B,3342.0,0.6274020545499716,A,Smooth,1.0,0.40259482820941506,15,TEC,1590其他测试仪·实验器,江苏
ALS-020ARN-6BHA-8BHA,3265.0,0.63183452822325,A,Erratic,1.1538461538461537,0.6916272717820996,13,TEC,1190其他半导体关联装置,江苏
SFC-050SA2-16B-11BC,3210.0,0.6361923354181119,A,Smooth,1.0714285714285714,0.3158936733921448,14,TEC,1090其他机床,山东
SFC-050SA2-T211,3180.0,0.6405094154429284,A,Intermittent,1.3636363636363635,0.4789683952375302,11,TEC,1090其他机床,辽宁
SFC-050SA2-18B-19B,3145.0,0.6447789804360251,A,Smooth,1.1538461538461537,0.2853294105851854,13,TEC,1090其他机床,广东
SFC-035DA2-12B-14B,3032.0,0.648895139755284,A,Erratic,1.0,2.4362140559748657,15,TEC,1590其他测试仪·实验器,江苏
SFC-030DA2-10B-14B,3003.0,0.6529719294768324,A,Smooth,1.0,0.20639486102594423,15,TEC,1190其他半导体关联装置,上海
BXW-04-10-22,2700.0,0.6566373747809218,A,Intermittent,1.875,0.05533121693121692,8,CB,0140伺服电机,浙江
ALS-040ARN-T014,2674.0,0.6602675232043052,A,Erratic,1.1538461538461537,0.8721496671363922,13,TEC,1190其他半导体关联装置,江苏
BXR-035-10LE-062,2528.0,0.6636994660668007,A,Lumpy,1.3636363636363635,1.0186867526738501,11,CB,1320医疗·看护·福祉用机器人,广东
SPACER BOLT CF-A-090-S1-1360-G,2448.0,0.6670228031425084,A,Lumpy,2.142857142857143,0.7674612328591566,7,CF,8020贸易公司,江苏
SFC-060DA2-25B-35B,2286.0,0.6701262134999708,A,Erratic,1.25,0.6338166211685959,12,TEC,1030其他金属加工机械,安徽
SFC-050SA2-12B-16B,2277.0,0.6732174057064195,A,Erratic,1.25,0.5979518978628481,12,TEC,1010切削机械,浙江
SFC-040DA2-17B-19B,2219.0,0.6762298587174471,A,Erratic,1.0,1.2989268192822805,15,TEC,1140半导体检查装置,广东
ALS-040ARN-15BHA-16BHA,2198.0,0.6792138027094429,A,Smooth,1.0714285714285714,0.10584919968667786,14,TEC,1190其他半导体关联装置,江苏
SFC-060DA2-24B-25B,2093.0,0.6820552016062796,A,Lumpy,1.3636363636363635,0.7495203564585979,11,TEC,1030其他金属加工机械,安徽
SFC-040DA2-12B-19B,2032.0,0.6848137885906905,A,Smooth,1.0,0.2853439802861748,15,TEC,1190其他半导体关联装置,上海
ALS-055ARN-18BHA-22BHA,2015.0,0.6875492968454092,A,Lumpy,1.6666666666666667,0.7984713285593777,9,TEC,1090其他机床,广东
SFC-050SA2-17B-19B,2003.0,0.6902685142321096,A,Erratic,1.25,0.9219572357072797,12,TEC,1210直接驱动机器人,江苏
ALS-030ARN-8BHA-14BHA,1991.0,0.6929714407507918,A,Erratic,1.1538461538461537,0.5190536385776846,13,TEC,1190其他半导体关联装置,河南
ALS-030ABN-10BHA-14BHA,1886.0,0.695531822174315,A,Intermittent,1.5,0.17772924743863142,10,TEC,1090其他机床,广东
ALS-055ARN-20BHA-22BHA,1858.0,0.6980541915724625,A,Erratic,1.1538461538461537,1.0402851177792631,13,TEC,1010切削机械,山东
SFC-080SA2-35B-35B,1799.0,0.7004964642028539,B,Intermittent,1.3636363636363635,0.16581499016963602,11,TEC,1030其他金属加工机械,湖北
SPACER BOLT CF-A-025-S1-1360-G,1750.0,0.7028722157888377,B,Intermittent,3.0,0.3061224489795918,5,CF,8020贸易公司,江苏
SFC-010DA2-6B-8B,1673.0,0.7051434343050383,B,Erratic,1.0,1.644596915463022,15,TEC,1590其他测试仪·实验器,江苏
ALS-065ARN-24BHA-25BHA,1634.0,0.7073617075001799,B,Smooth,1.0714285714285714,0.4682667775452827,14,TEC,1010切削机械,浙江
SFC-010DA2-5B-8B,1591.0,0.7095216050849229,B,Smooth,1.0,0.29404676920499934,15,TEC,9099其他机械,上海
SFC-040DA2-16B-19B,1580.0,0.7116665693739826,B,Smooth,1.0,0.3759270492366151,15,TEC,1190其他半导体关联装置,上海
SFC-090SA2-35B-35B,1577.0,0.7138074609460379,B,Smooth,1.0,0.25412409096864913,15,TEC,1010切削机械,浙江
INSERT-MA CF-H-240,1532.0,0.7158872617630249,B,Smooth,1.25,0.345673809587259,12,CF,8020贸易公司,江苏
INSERT-MR CF-H-240,1528.0,0.7179616322906726,B,Smooth,1.25,0.3069144336653451,12,CF,8020贸易公司,江苏
ETP-A-15,1526.0,0.7200332876736505,B,Lumpy,2.142857142857143,0.9663818982689449,7,TEC,9099其他机械,广东
BXW-03-10-09（本体）,1500.0,0.7220696461759224,B,Lumpy,15.0,,1,CB,0140伺服电机,江苏
BEM-24ESN12-120N with inspection report,1470.0,0.7240652775081489,B,Lumpy,3.0,0.5753389791290665,5,CB,1420医疗器具,广东
ALS-055ARN-22BHA-24BHA,1457.0,0.7260432604000223,B,Erratic,1.1538461538461537,1.1675795907606552,13,TEC,1030其他金属加工机械,浙江
AL-070,1445.0,0.7280049524238775,B,Lumpy,1.5,2.3916619772272845,10,TEC,1190其他半导体关联装置,广东
SFC-060SA2-16B-24B,1424.0,0.729938135428701,B,Lumpy,2.142857142857143,1.262846750988932,7,TEC,1190其他半导体关联装置,广东
CS-08-33N 24V 15JIS,1404.0,0.7318441669868275,B,Smooth,1.0,0.1731512789205097,15,CB,1120晶片·基板加工装置,广东
SFC-030SA2-T071,1403.0,0.7337488409726192,B,Intermittent,1.3636363636363635,0.2561048034224594,11,TEC,1150半导体实装装置,江苏
111-08-13N 24V,1396.0,0.7356440119520669,B,Lumpy,1.6666666666666667,0.5483648789829311,9,CB,9099其他机械,浙江
SFC-050SA2-16B-16B,1395.0,0.7375378253591797,B,Erratic,1.0714285714285714,2.347113731837978,14,TEC,1590其他测试仪·实验器,江苏
ALS-065ARN-18BHA-24BHA,1385.0,0.7394180630429441,B,Lumpy,1.6666666666666667,1.4034458939905383,9,TEC,1090其他机床,广东
ALS-080ARN-35BHA-35BHA,1352.0,0.7412535008396585,B,Smooth,1.0,0.23065411062537822,15,TEC,1090其他机床,福建
PSL-G-19,1342.0,0.7430753629130245,B,Lumpy,2.5,0.5468244784459877,6,TEC,1290其他工业机器人,湖南
ALS-065ARN-35BHA-35BHA,1335.0,0.7448877219800464,B,Smooth,1.0,0.17214637401482502,15,TEC,1010切削机械,浙江
SFC-040SA2-12B-19B,1321.0,0.7466810750343805,B,Erratic,1.0,1.1138567599762499,15,TEC,1590其他测试仪·实验器,江苏
ALS-040-R,1315.0,0.7484662826547055,B,Intermittent,3.75,0.16577985320977123,4,TEC,8020贸易公司,上海
ETP-E-015-NH,1301.0,0.7502324842623427,B,Lumpy,3.75,0.7784492624073837,4,TEC,9099其他机械,江苏
SFC-030DA2-12B-14B,1277.0,0.7519661041339435,B,Erratic,1.0,0.5052424844523961,15,TEC,1140半导体检查装置,广东
SFC-040SA2-10B-14B,1264.0,0.7536820755651913,B,Erratic,1.0,0.9576182560029302,15,TEC,1510测试仪,广东
ALS-020ARN-8BHA-8BHA,1135.0,0.7552229201652437,B,Lumpy,1.3636363636363635,0.5392354596440837,11,TEC,1190其他半导体关联装置,江苏
ALS-020ARN-8BHA-10BHA,1133.0,0.7567610496206264,B,Lumpy,1.6666666666666667,0.9660587572223491,9,TEC,1190其他半导体关联装置,江苏
SFC-025DA2-10B-11B,1104.0,0.7582598094782985,B,Intermittent,2.5,0.24385633270321358,6,TEC,1590其他测试仪·实验器,江苏
BXR-015-10LE-006,1104.0,0.7597585693359706,B,Lumpy,1.3636363636363635,1.5564055608065528,11,CB,1320医疗·看护·福祉用机器人,江苏
BEM-2H 360L,1100.0,0.7612518989043033,B,Intermittent,3.0,0.32541322314049587,5,CB,9099其他机械,浙江
SFC-035SA2-12B-14B,1098.0,0.7627425133279664,B,Lumpy,1.3636363636363635,0.781094123775303,11,TEC,1190其他半导体关联装置,江苏
SFC-090DA2-35B-35B,1050.0,0.7641679642795567,B,Smooth,1.0714285714285714,0.3253606837606838,14,TEC,1010切削机械,浙江
ALS-040ARN-18BHA-19BHA,1049.0,0.7655920576588122,B,Lumpy,1.6666666666666667,0.7508744539490605,9,TEC,1090其他机床,浙江
SFC-050SA2-12B-14B,1028.0,0.7669876420190359,B,Erratic,1.25,0.6490635740132322,12,TEC,1130半导体组装装置,广东
BXW-04-10-07（本体）,1020.0,0.7683723658005808,B,Lumpy,5.0,0.6643598615916956,3,CB,1590其他测试仪·实验器,江苏
BXH-08-10N-01,1005.0,0.769736725997103,B,Lumpy,2.142857142857143,1.582512974101301,7,CB,0140伺服电机,江苏
ALS-040ARN-16BHA-19BHA,1005.0,0.7711010861936252,B,Erratic,1.1538461538461537,1.0044761268285438,13,TEC,1190其他半导体关联装置,江苏
SFC-010DA2-4B-8B,1002.0,0.7724613736731427,B,Smooth,1.0,0.4843883661248932,15,TEC,1190其他半导体关联装置,上海
TND07V-471KBOOAAAO 压敏电阻,1000.0,0.7738189460079906,B,Intermittent,5.0,0.21000000000000005,3,CB,0140伺服电机,上海
SFC-040DA2-15B-19B,1000.0,0.7751765183428386,B,Erratic,1.0714285714285714,1.0437366153846148,14,TEC,1590其他测试仪·实验器,江苏
SFC-030DA2-8B-14B,984.0,0.776512369520329,B,Erratic,1.0,0.6601419754397891,15,TEC,1590其他测试仪·实验器,江苏
SFC-040SA2-13B-19B,980.0,0.7778427904084799,B,Intermittent,1.875,0.15564943178437557,8,TEC,1130半导体组装装置,北京
102-05-13 24V 10DIN,979.0,0.7791718537242961,B,Lumpy,1.5,2.822742581152332,10,CB,1190其他半导体关联装置,江苏
ALS-065ARN-24BHA-35BHA,977.0,0.7804982018954425,B,Erratic,1.1538461538461537,1.5913859086523294,13,TEC,1090其他机床,江苏
BXW-03-10S-24V-8,976.0,0.781823192494254,B,Lumpy,1.3636363636363635,6.431811005106152,11,CB,1590其他测试仪·实验器,广东
SFC-060SA2-18B-24B,964.0,0.7831318922250475,B,Erratic,1.0,0.9802512562505076,15,TEC,1140半导体检查装置,广东
ALS-055ARN-20BHA-25BHA,952.0,0.7844243010878227,B,Lumpy,3.0,1.2498648356401383,5,TEC,9099其他机械,上海
SFC-050DA2-17B-19B,950.0,0.7857139948059283,B,Erratic,1.0,0.5314760585674713,15,TEC,1140半导体检查装置,广东
SFC-040SA2-13B-14B,892.0,0.7869249493286126,B,Intermittent,1.875,0.2602218308948788,8,TEC,1590其他测试仪·实验器,江苏
SFC-060DA2-20B-24B,885.0,0.788126400844953,B,Erratic,1.0,0.5117577050929535,15,TEC,1140半导体检查装置,广东
CF-X-008-O0,881.0,0.789322422071954,B,Lumpy,1.5,0.6516531721869274,10,CF,0510农业产用机械,山东
BXW-04-10-07,846.0,0.7904709282672354,B,Lumpy,1.875,0.8450981754135519,8,CB,1590其他测试仪·实验器,河北
PSL-G-28-C,840.0,0.7916112890285076,B,Intermittent,2.5,0.2204081632653061,6,TEC,9099其他机械,上海
SFC-020DA2-8B-8B,838.0,0.7927489346451102,B,Smooth,1.0,0.28217603649362405,15,TEC,1190其他半导体关联装置,江苏
ALS-065ARN-30BHA-35BHA,830.0,0.793875719683034,B,Erratic,1.1538461538461537,1.3379614844921859,13,TEC,1010切削机械,江苏
SFC-050DA2-12B-19B,818.0,0.7949862138529397,B,Erratic,1.0714285714285714,0.5494154699623341,14,TEC,1510测试仪,浙江
BXW-05-10-49,800.0,0.796072271720818,B,Intermittent,2.142857142857143,0.13744791666666667,7,CB,0140伺服电机,江苏
ALS-040ARN-12BHA-19BHA,799.0,0.7971569720163615,B,Erratic,1.1538461538461537,1.5853703236680394,13,TEC,1190其他半导体关联装置,江苏
102-04-31 24V R8MM A8DIN,799.0,0.7982416723119049,B,Erratic,1.1538461538461537,0.6898976244293687,13,CB,1010切削机械,北京
ALS-080ARN-35BHA-40BHA,766.0,0.7992815727203985,B,Smooth,1.0,0.18458147119805451,15,TEC,1010切削机械,浙江
SFC-080SA2-18B-35B,758.0,0.8003106125502132,B,Lumpy,2.5,0.7969033910930725,6,TEC,,广东
ALS-055ARN-20BHA-24BHA,749.0,0.8013274342290143,B,Lumpy,1.5,0.8929851382716887,10,TEC,1590其他测试仪·实验器,广东
BXR-050-10LE-320,742.0,0.8023347529014715,B,Erratic,1.1538461538461537,1.2196187303686157,13,CB,1320医疗·看护·福祉用机器人,江苏
AL-075,740.0,0.8033393564292589,B,Intermittent,1.875,0.42575393926745275,8,TEC,0140伺服电机,上海
BXL-16-10N-12,735.0,0.8043371720953721,B,Smooth,1.25,0.275624550376737,12,CB,0140伺服电机,上海
SFF-100DS-40K-40KK,722.0,0.8053173393211324,B,Smooth,1.0,0.290353106121478,15,TEC,1010切削机械,浙江
ETP-T-50,719.0,0.806293433829888,B,Erratic,1.25,1.456642324522107,12,TEC,9092公司内部设备,天津
ALS-040ARN-15BHA-15BHA,718.0,0.8072681707663089,B,Intermittent,2.142857142857143,0.42442058953608364,7,TEC,1220多轴机器人,安徽
SFF-140DS-40KK-55K-800N,716.0,0.80824019255806,B,Smooth,1.0714285714285714,0.21962125449844308,14,TEC,1010切削机械,浙江
SFC-040SA2-10B-11B,710.0,0.809204068915802,B,Intermittent,1.6666666666666667,0.12631422336837927,9,TEC,1130半导体组装装置,广东
SFC-050SA2-25B-30B,703.0,0.8101584422672001,B,Lumpy,3.75,1.3646345304651812,4,TEC,1590其他测试仪·实验器,江苏
SFC-020SA2-8B-8B,691.0,0.81109652475058,B,Erratic,1.0,1.789197595596175,15,TEC,1190其他半导体关联装置,江苏
SFC-030SA2-10B-11B,685.0,0.8120264617999509,B,Lumpy,1.3636363636363635,0.752578400554105,11,TEC,1210直接驱动机器人,江苏
SFC-025DA2-12B-14B,681.0,0.8129509685599823,B,Erratic,1.25,0.76221157018378,12,TEC,1190其他半导体关联装置,上海
CS-12-33N 24V 25JIS,678.0,0.8138714026030092,B,Smooth,1.1538461538461537,0.41395755925084765,13,CB,9002卷线·线材加工机械,广东
SFC-050SA2-14B-14B,671.0,0.8147823336396921,B,Intermittent,1.6666666666666667,0.41234416679067437,9,TEC,1030其他金属加工机械,江苏
SFC-080DA2-35B-35B,670.0,0.8156919071040403,B,Erratic,1.0,1.0952964389141713,15,TEC,1090其他机床,北京
NSS 10.9.12,652.0,0.8165770442663611,B,Lumpy,2.142857142857143,0.6342479330548131,7,TEC,1020锻压·加工机械,浙江
SFC-080DA2-T088,650.0,0.8174594662840122,B,Intermittent,1.3636363636363635,0.21819834319526626,11,TEC,1010切削机械,浙江
SFC-010DA2-4B-5B,644.0,0.8183337428676544,B,Smooth,1.1538461538461537,0.44549424212028865,13,TEC,9099其他机械,上海
ALS-065ARN-24BHA-28BHA,642.0,0.8192053043066267,B,Erratic,1.25,0.923907606063253,12,TEC,1010切削机械,云南
SFC-025SA2-10B-14B,638.0,0.8200714354562597,B,Erratic,1.0,0.6229565213729089,15,TEC,1140半导体检查装置,广东
SY25D00330M3005-48V,636.0,0.820934851461223,B,Lumpy,2.142857142857143,1.1845490025447303,7,ME,1130半导体组装装置,辽宁
SFC-050SA2-T184,614.0,0.8217684008748196,B,Lumpy,2.5,0.6962747615359316,6,TEC,1090其他机床,辽宁
SFC-060SA2-20B-24B,611.0,0.8225978775714117,B,Smooth,1.0,0.23870877877215588,15,TEC,1010切削机械,浙江
ALS-020ARN-6BHA-6BHA,610.0,0.823425996695669,B,Lumpy,3.0,1.1875839828003223,5,TEC,1190其他半导体关联装置,江苏
SFC-025DA2-8B-10B,606.0,0.8242486855305868,B,Lumpy,1.3636363636363635,0.5255639425328671,11,TEC,1590其他测试仪·实验器,江苏
SFC-080SA2-T222,600.0,0.8250632289314955,B,Intermittent,1.875,0.12698412698412703,8,TEC,1010切削机械,浙江
SFC-050SA2-T081,600.0,0.8258777723324043,B,Intermittent,2.5,0.0,6,TEC,1010切削机械,陕西
BXW-02-12-55,600.0,0.826692315733313,B,Intermittent,5.0,0.0,3,CB,1420医疗器具,广东
SFC-080DA2-26B-35B,591.0,0.8274946409832082,B,Intermittent,1.5,0.32145082803435243,10,TEC,1090其他机床,河南
CF-X-016-O0,585.0,0.8282888207990943,B,Lumpy,2.5,2.184362919132149,6,CF,1030其他金属加工机械,河北
SFC-060SA2-24B-25B,576.0,0.8290707824639666,B,Erratic,1.0,0.49339657738095255,15,TEC,1190其他半导体关联装置,江苏
SFC-050SA2-17B-24B,574.0,0.8298500289841694,B,Erratic,1.25,1.5888104417041269,12,TEC,1130半导体组装装置,江苏
SFC-080SA2-25B-32J,570.0,0.8306238452150326,B,Erratic,1.0,1.1226751088246931,15,TEC,0920压出成型机,山东
ALS-080ARN-40BKA-40BHA,547.0,0.8313664372821945,B,Smooth,1.0,0.2256879209611246,15,TEC,1010切削机械,浙江
SFC-080DA2-32B-35B,546.0,0.8321076717770215,B,Erratic,1.0714285714285714,1.169271228442826,14,TEC,1010切削机械,山东
SFC-020DA2-6B-8B,544.0,0.8328461911271787,B,Smooth,1.0,0.47360867600716766,15,TEC,1190其他半导体关联装置,上海
SFC-050DA2-14B-18B,542.0,0.8335819953326663,B,Intermittent,2.142857142857143,0.32069393572164495,7,TEC,1140半导体检查装置,广东
SFC-030DA2-8B-10B,539.0,0.8343137268211493,B,Lumpy,1.5,0.7813892971592412,10,TEC,1590其他测试仪·实验器,广东
SFC-020SA2-5B-7B,539.0,0.8350454583096324,B,Intermittent,1.6666666666666667,0.19763717597006758,9,TEC,1210直接驱动机器人,江苏
SFC-010DA2-8B-8B,532.0,0.8357676867917715,B,Erratic,1.0714285714285714,1.1541657788195183,14,TEC,1130半导体组装装置,江苏
SFC-050DA2-17B-24B,523.0,0.836477697122897,B,Lumpy,2.142857142857143,1.010810553908361,7,TEC,1590其他测试仪·实验器,江苏
SFC-060SA2-17B-22B,522.0,0.8371863498816876,B,Intermittent,1.3636363636363635,0.45439732241159114,11,TEC,1190其他半导体关联装置,上海
MAS-17DA402,520.0,0.8378922874958085,B,Lumpy,15.0,,1,ME,1410医疗装置,上海
101-08-13N 24V 15JIS,518.0,0.8385955099652598,B,Intermittent,1.6666666666666667,0.35418188458728994,9,CB,1190其他半导体关联装置,江苏
SFC-050SA2-19B-19B,516.0,0.8392960172900412,B,Erratic,1.0714285714285714,0.7764349405777206,14,TEC,1190其他半导体关联装置,上海
BXW-02-10S-24V-6,509.0,0.8399870216084788,B,Intermittent,3.0,0.46830913884074865,5,CB,1290其他工业机器人,江苏
SFC-050SA2-19B-20B,506.0,0.8406739532099119,B,Erratic,1.0,2.3733994996239356,15,TEC,1190其他半导体关联装置,上海
SFC-080SA2-18B-24B,502.0,0.8413554545220056,B,Lumpy,2.142857142857143,0.9495682608212571,7,TEC,,广东
ALS-055ARN-15BHA-19BHA,502.0,0.8420369558340992,B,Lumpy,5.0,2.6221131410612526,3,TEC,1090其他机床,广东
CF-A-080-S0-1350,500.0,0.8427157420015232,B,Lumpy,2.5,1.0924800000000001,6,CF,8020贸易公司,江苏
SFC-040SA2-16B-19B,485.0,0.8433741645839244,B,Erratic,1.25,1.854510671600692,12,TEC,1190其他半导体关联装置,天津
SFC-050DA2-16B-19B,484.0,0.8440312295939908,B,Erratic,1.1538461538461537,0.9383623044873981,13,TEC,9099其他机械,上海
BXR-020-10LE-014,483.0,0.8446869370317224,B,Lumpy,2.5,0.5430500366498207,6,CB,1320医疗·看护·福祉用机器人,广东
SFC-080SA2-22B-32B,479.0,0.8453372141801145,B,Smooth,1.1538461538461537,0.2408404193961265,13,TEC,0920压出成型机,山东
SFC-080SA2-25B-35B,478.0,0.8459861337561718,B,Erratic,1.25,0.9315917884045192,12,TEC,1090其他机床,江苏
ALS-080ARN-28BHA-35BHA,478.0,0.8466350533322292,B,Erratic,1.25,0.6876312007524695,12,TEC,1090其他机床,云南
SFC-050DA2-17B-22B,473.0,0.8472771850466122,B,Lumpy,1.5,0.8372281743637267,10,TEC,1190其他半导体关联装置,江苏
PSL-G-55,472.0,0.8479179591886604,B,Lumpy,1.6666666666666667,0.7215363311548405,9,TEC,9099其他机械,广东
SFC-050SA2-14B-24B,469.0,0.8485546606137041,B,Lumpy,2.142857142857143,1.0470780426227073,7,TEC,1030其他金属加工机械,江苏
SFC-050DA2-20B-22B,468.0,0.849190004466413,B,Erratic,1.0,1.0036864844557152,15,TEC,1190其他半导体关联装置,江苏
ALS-055ARN-22BHA-22BHA,458.0,0.8498117725957733,B,Erratic,1.1538461538461537,0.513902131284046,13,TEC,1030其他金属加工机械,浙江
SFC-050SA2-T122,455.0,0.8504294680081291,B,Intermittent,2.142857142857143,0.2642998027613413,7,TEC,1090其他机床,山东
SFC-050SA2-17B-22B,454.0,0.8510458058481501,B,Lumpy,1.875,0.6132690884190041,8,TEC,1210直接驱动机器人,江苏
111-12-11N 24V 25JIS,450.0,0.8516567133988316,B,Smooth,1.1538461538461537,0.33849218106995893,13,CB,1120晶片·基板加工装置,广东
MM-14K,444.0,0.8522594755155042,B,Lumpy,2.142857142857143,0.4960298135973811,7,TEC,1610印刷机械,天津
SFC-080DA2-24B-28B,444.0,0.8528622376321766,B,Erratic,1.25,1.1407131947672489,12,TEC,1090其他机床,福建
ALS-040ARN-17BHA-19BHA,437.0,0.8534554967425052,B,Lumpy,2.142857142857143,4.043443351189635,7,TEC,1190其他半导体关联装置,江苏
SFC-040DA2-10B-14B,436.0,0.8540473982804989,B,Erratic,1.1538461538461537,3.1544982535140136,13,TEC,1190其他半导体关联装置,江苏
CF-X-025-O0,431.0,0.8546325119568183,B,Lumpy,3.75,1.654333615057341,4,CF,9092公司内部设备,河北
SFC-050SA2-12B-19B,426.0,0.8552108377714636,B,Lumpy,1.3636363636363635,1.5019440587185084,11,TEC,1210直接驱动机器人,江苏
SFC-040DA2-10B-19B,424.0,0.855786448441439,B,Erratic,1.25,1.8609825560697753,12,TEC,1190其他半导体关联装置,上海
SFC-050DA2-18B-19B,422.0,0.856359343966745,B,Erratic,1.25,0.9131135255885373,12,TEC,1090其他机床,广东
SFC-090SA2-25B-35B,420.0,0.856929524347381,B,Smooth,1.0714285714285714,0.4705982905982906,14,TEC,1010切削机械,浙江
消音弹簧BXF-12-10-A-1,420.0,0.8574997047280172,B,Intermittent,5.0,0.4285714285714285,3,CB,,广东
ALS-040ARN-14BHA-15BHA,412.0,0.8580590245299745,B,Lumpy,2.142857142857143,0.5154134068558144,7,TEC,1190其他半导体关联装置,北京
SFC-020SA2-6B-7B,411.0,0.858616986759597,B,Intermittent,2.142857142857143,0.29246610348427166,7,TEC,1210直接驱动机器人,江苏
SFC-025DA2-8B-14B,410.0,0.8591735914168847,B,Erratic,1.0,1.6803135888501741,15,TEC,1190其他半导体关联装置,江苏
ALS-030ARN-12BHA-14BHA,407.0,0.8597261233571678,B,Lumpy,1.875,0.8108504816121525,8,TEC,1190其他半导体关联装置,江苏
ETP-E-030-NH,407.0,0.8602786552974508,B,Lumpy,1.6666666666666667,1.014129273343033,9,TEC,9002卷线·线材加工机械,广东
SFC-050SA2-19B-22B,405.0,0.8608284720930643,B,Lumpy,1.6666666666666667,0.6827160493827159,9,TEC,1010切削机械,广东
CF-A-025-S0-1350,405.0,0.8613782888886777,B,Intermittent,1.6666666666666667,0.308641975308642,9,CF,8020贸易公司,江苏
SFC-060DA2-22B-22B,400.0,0.8619213178226168,B,Erratic,1.0714285714285714,1.1806576923076921,14,TEC,1140半导体检查装置,广东
CF-A-200-SO-1350,397.0,0.8624602740395515,B,Intermittent,1.5,0.21770471370430758,10,CF,8020贸易公司,江苏
E-CF-H-240,395.0,0.8629965151118164,B,Intermittent,1.5,0.265092844807634,10,CF,8020贸易公司,江苏
ALS-040ARN-16BHA-20BHA,392.0,0.8635286834670768,B,Lumpy,1.5,1.0352746540793185,10,TEC,1190其他半导体关联装置,江苏
BXL-10-10N-05,387.0,0.864054063960663,B,Intermittent,2.5,0.40437473709512656,6,CB,0140伺服电机,上海
SFC-050SA2-T092,383.0,0.8645740141649098,B,Lumpy,5.0,0.7314249875587124,3,TEC,1090其他机床,辽宁
SFF-080SS-30K-35KS,383.0,0.8650939643691565,B,Smooth,1.1538461538461537,0.4655654707124144,13,TEC,1090其他机床,北京
BXL-16-10N-040-24V-28,382.0,0.8656125570010684,B,Lumpy,1.3636363636363635,0.7744867191140594,11,CB,1010切削机械,广东
CF-A-022-O0-1360,377.0,0.866124361771306,B,Lumpy,1.875,1.5709430969652314,8,CF,9099其他机械,天津
ALS-020ARN-5BHA-8BHA,375.0,0.8666334513968741,B,Intermittent,1.6666666666666667,0.27043200000000006,9,TEC,1190其他半导体关联装置,河南
SFC-060SA2-16B-19B,368.0,0.8671330380160981,B,Lumpy,1.6666666666666667,1.904784233223063,9,TEC,1190其他半导体关联装置,广东
SFC-060DA2-19B-20B,367.0,0.8676312670629873,B,Lumpy,1.6666666666666667,0.49806405868333725,9,TEC,1090其他机床,广东
ALS-030ARN-12BHA-16BHA,367.0,0.8681294961098764,B,Intermittent,3.75,0.4365513640064642,4,TEC,1190其他半导体关联装置,江苏
SFC-050DA2-22B-24B,363.0,0.8686222948674263,B,Smooth,1.25,0.28197279122762364,12,TEC,1510测试仪,浙江
SFC-030SA2-8B-10B,361.0,0.8691123784803064,B,Erratic,1.0714285714285714,0.6206060420039751,14,TEC,1190其他半导体关联装置,上海
ALS-020ARN-6BHA-6.35BHA,361.0,0.8696024620931865,B,Lumpy,1.5,2.7705008743367876,10,TEC,1190其他半导体关联装置,江苏
SFC-050DA2-22B-22B,360.0,0.8700911881337318,B,Erratic,1.25,0.7440404040404042,12,TEC,1510测试仪,浙江
SFC-050SA2-T241,360.0,0.8705799141742769,B,Lumpy,15.0,,1,TEC,1090其他机床,山东
CF-X-004-00,360.0,0.8710686402148222,B,Intermittent,3.0,0.4378858024691358,5,CF,9099其他机械,天津
SFC-080DA2-35B-38B,360.0,0.8715573662553675,B,Smooth,1.25,0.28020202020202023,12,TEC,1090其他机床,福建
SD-53B-25L,356.0,0.8720406620065734,B,Lumpy,5.0,0.720458275470269,3,ME,1010切削机械,浙江
SFF-090SS-35K-40KK,354.0,0.8725212426131095,B,Smooth,1.0714285714285714,0.25564419301851077,14,TEC,1010切削机械,浙江
ALS-080ARN-35BHA-38BHA,353.0,0.8730004656473108,B,Erratic,1.25,0.5018432201380463,12,TEC,1090其他机床,福建
ALS-055-B,350.0,0.8734756159645076,B,Intermittent,3.75,0.08163265306122448,4,TEC,1030其他金属加工机械,河北
SFC-050SA2-T240,350.0,0.8739507662817044,B,Lumpy,15.0,,1,TEC,1090其他机床,山东
SFC-060SA2-18B-22B,349.0,0.8744245590265664,B,Lumpy,1.6666666666666667,0.7580849089908951,9,TEC,1190其他半导体关联装置,江苏
PSL-G-30,346.0,0.8748942790544237,B,Erratic,1.0,0.8874932578531095,15,TEC,1090其他机床,北京
SFC-050SA2-19B-25B,346.0,0.8753639990822811,B,Smooth,1.1538461538461537,0.4029244211300077,13,TEC,1590其他测试仪·实验器,云南
SFC-035SA2-10B-14B,340.0,0.8758255736761293,B,Erratic,1.0,0.5373826000988632,15,TEC,1590其他测试仪·实验器,江苏
SFC-060DA2-20B-22B,337.0,0.8762830755529731,B,Erratic,1.0714285714285714,0.9408296007103782,14,TEC,1140半导体检查装置,广东
ALS-065ABN-24BHA-35BHA,335.0,0.8767378622851472,B,Intermittent,3.0,0.12697705502339054,5,TEC,1090其他机床,云南
CF-X-002-O0,331.0,0.8771872187279819,B,Lumpy,1.875,1.0352693281107586,8,CF,9099其他机械,天津
SRG-060AS-35K-35KS,330.0,0.8776352175984817,B,Lumpy,1.5,0.6097337006427916,10,TEC,1090其他机床,北京
ALS-065ARN-22BHA-35BHA,326.0,0.8780777861796422,B,Intermittent,1.5,0.4098761714780382,10,TEC,1030其他金属加工机械,江苏
125-08-12N,320.0,0.8785122093267934,B,Smooth,1.0,0.13392857142857142,15,CB,1810食品机械,江苏
SFC-050SA2-T221,320.0,0.8789466324739448,B,Intermittent,2.142857142857143,0.2369791666666666,7,TEC,1090其他机床,辽宁
SFC-080DA2-25B-35B,316.0,0.8793756253317567,B,Erratic,1.0714285714285714,1.9153303834444677,14,TEC,1140半导体检查装置,广东
ALS-055ARN-24BHA-24BHA,315.0,0.8798032606172338,B,Intermittent,1.5,0.19646706419193194,10,TEC,1010切削机械,浙江
830-M3-LM(DLX4.66M),315.0,0.880230895902711,B,Lumpy,5.0,0.9546485260770974,3,ME,9099其他机械,上海
SFC-080SA2-30B-35B,314.0,0.8806571736158532,B,Lumpy,3.0,4.461818937887946,5,TEC,9099其他机械,北京
125-10-12N,314.0,0.8810834513289955,B,Smooth,1.25,0.28807364488325177,12,CB,1810食品机械,安徽
PSL-G-35,312.0,0.881507013897468,B,Smooth,1.0,0.2721497252747252,15,TEC,1090其他机床,北京
SFC-060DA2-24B-28B,311.0,0.8819292188936056,B,Lumpy,3.0,0.6950920689405609,5,TEC,1030其他金属加工机械,江苏
SFM-100SS-T014N,306.0,0.8823446360280691,B,Intermittent,1.6666666666666667,0.19809688581314883,9,TEC,1010切削机械,宁夏
ALS-055ARN-18BHA-19BHA,306.0,0.8827600531625326,B,Lumpy,1.5,1.0186490476122667,10,TEC,1010切削机械,浙江
ALS-040ARN-14BHA-19BHA,304.0,0.8831727551523264,B,Erratic,1.25,4.628147821707378,12,TEC,1090其他机床,河南
SFC-060SA2-20B-35B,303.0,0.8835840995697853,B,Smooth,1.1538461538461537,0.2998580386091414,13,TEC,1010切削机械,浙江
SFC-035DA2-10B-14B,301.0,0.8839927288425745,B,Erratic,1.0,1.8166071960732064,15,TEC,1190其他半导体关联装置,上海
BXR-040-10LE-132,299.0,0.884398642970694,B,Lumpy,2.142857142857143,0.6412157954981861,7,CB,1320医疗·看护·福祉用机器人,江苏
ALS-040ARN-10BHA-19BHA,297.0,0.8848018419541439,B,Lumpy,1.3636363636363635,2.8921810699588475,11,TEC,1190其他半导体关联装置,江苏
CS-08-33G 24V 15JIS,296.0,0.8852036833652589,B,Smooth,1.1538461538461537,0.3295649957389823,13,CB,1120晶片·基板加工装置,广东
ALS-095ARN-40BHA-40BHA,295.0,0.885604167204039,B,Smooth,1.1538461538461537,0.39434453701043753,13,TEC,1090其他机床,江苏
SFC-020SA2-6B-8B,295.0,0.8860046510428192,B,Erratic,1.1538461538461537,0.842292444699799,13,TEC,1190其他半导体关联装置,江苏
SFC-050DA2-18B-18B,294.0,0.8864037773092645,B,Erratic,1.25,0.636552951421756,12,TEC,1510测试仪,浙江
SFC-035DA2-12B-19B,291.0,0.8867988308587053,B,Smooth,1.0,0.4026539938964215,15,TEC,1140半导体检查装置,广东
SFC-050SA2-16B-19B,290.0,0.8871925268358112,B,Erratic,1.1538461538461537,0.5664764169639318,13,TEC,1190其他半导体关联装置,上海
SFC-060SA2-16B-22B,289.0,0.8875848652405822,B,Lumpy,3.0,1.4089869613630106,5,TEC,,广东
PSL-G-40,288.0,0.8879758460730184,B,Intermittent,1.3636363636363635,0.3348910108024691,11,TEC,1090其他机床,北京
SFC-060DA2-20B-35B,286.0,0.8883641117607849,B,Lumpy,1.5,0.5379779505653631,10,TEC,1090其他机床,福建
ALS-065ARN-T016-24BHA-35BHA,285.0,0.8887510198762165,B,Intermittent,3.75,0.38863239971273206,4,TEC,1090其他机床,云南
SFF-140DS-55KJ-55KJ-1000N,285.0,0.8891379279916483,B,Intermittent,1.6666666666666667,0.17451523545706368,9,TEC,1910包装机械,广东
SFC-060SA2-15B-19B,285.0,0.8895248361070799,B,Lumpy,1.3636363636363635,0.8492582333025545,11,TEC,1190其他半导体关联装置,江苏
SFC-080SA2-T221,282.0,0.889907671505507,B,Lumpy,1.6666666666666667,1.0954617473970123,9,TEC,1010切削机械,浙江
SFC-080SA2-25B-32K,281.0,0.8902891493315993,B,Lumpy,1.3636363636363635,0.7528273451450717,11,TEC,1010切削机械,广东
SFC-030SA2-6.35B-10B,280.0,0.8906692695853566,B,Intermittent,2.5,0.053387755102040815,6,TEC,1210直接驱动机器人,江苏
SFC-040DA2-15BH-19BH,280.0,0.8910493898391141,B,Intermittent,3.0,0.019610969387755105,5,TEC,,江苏
ALS-065ARN-T016-24BHA-32BKA,280.0,0.8914295100928715,B,Intermittent,3.0,0.4081632653061225,5,TEC,1090其他机床,云南
SFC-040DA2-14B-17B,279.0,0.8918082727742941,B,Erratic,1.0,0.8790446459541155,15,TEC,1140半导体检查装置,广东
spider L-075,277.0,0.892184320311047,B,Lumpy,3.0,1.6166638428755749,5,TEC,0890其他油压气压机械,天津
SFC-060DA2-22B-24B,275.0,0.8925576527031301,B,Erratic,1.0714285714285714,0.5409179910998094,14,TEC,1190其他半导体关联装置,陕西
SFF-120DS-48B-55BM-600N,272.0,0.8929269123782088,B,Lumpy,1.875,1.4925852694018782,8,TEC,1010切削机械,山东
ALS-065ARN-20BHA-22BHA,272.0,0.8932961720532874,B,Lumpy,1.875,0.5306475531389027,8,TEC,1090其他机床,云南
CF-A-028-O0-1360,266.0,0.893657286294357,B,Lumpy,2.142857142857143,0.6735918744228993,7,CF,0290其他动力传动装置,天津
ALS-065ARN-20BHH-35BHH,266.0,0.8940184005354266,B,Lumpy,3.0,2.2101305896319743,5,TEC,1090其他机床,广东
ALS-065ARN-22BHA-24BHA,266.0,0.8943795147764961,B,Intermittent,1.6666666666666667,0.3675059358923624,9,TEC,9099其他机械,福建
CF-A-002-O0-1360,263.0,0.894736556300561,B,Intermittent,1.5,0.4510851842749082,10,CF,8020贸易公司,江苏
SFC-035SA2-8B-13B,262.0,0.8950922402522913,B,Lumpy,2.142857142857143,1.0114600936231375,7,TEC,1190其他半导体关联装置,江苏
111-12-13N 24V,262.0,0.8954479242040214,B,Erratic,1.1538461538461537,0.9888312646893149,13,CB,9099其他机械,江苏
ALS-055ARN-18BHA-24BHA,259.0,0.895799535438747,B,Intermittent,1.3636363636363635,0.1971049924717878,11,TEC,1010切削机械,浙江
ALS-040ARN-12BHA-16BHA,256.0,0.8961470739564681,B,Lumpy,15.0,,1,TEC,1190其他半导体关联装置,江苏
SFC-050DA2-24B-24B,255.0,0.8964932549018543,B,Lumpy,1.5,2.0922722029988465,10,TEC,1590其他测试仪·实验器,江苏
ALS-095ARN-40BHA-50BHA,252.0,0.896835363130236,B,Erratic,1.0,0.6150793650793653,15,TEC,1090其他机床,福建
ALS-055ARN-19BHA-19BHA,250.0,0.8971747562139479,B,Intermittent,1.5,0.43555555555555553,10,TEC,1010切削机械,浙江
SFC-025DA2-10B-14B,249.0,0.897512791725325,B,Smooth,1.0,0.3472409431184289,15,TEC,1190其他半导体关联装置,江苏
SFC-020DA2-8B-10B,247.0,0.8978481120920325,B,Erratic,1.0714285714285714,0.6042765443181775,14,TEC,1590其他测试仪·实验器,江苏
SFC-060SA2-20B-25B,247.0,0.89818343245874,B,Lumpy,1.3636363636363635,1.2738284515399365,11,TEC,1190其他半导体关联装置,江苏
CS-08-33G 24V 15DIN,245.0,0.8985160376807777,B,Lumpy,2.142857142857143,2.4876190476190483,7,CB,9099其他机械,北京
101-08-13N 24V 15DIN,244.0,0.8988472853304806,B,Lumpy,1.3636363636363635,0.8201961838215532,11,CB,1610印刷机械,河北
SFF-140DS-40KK-50KK-800N,242.0,0.8991758178355138,B,Intermittent,1.6666666666666667,0.26570930947339655,9,TEC,1010切削机械,山东
ALS-080ARN-30BHA-35BHA,242.0,0.899504350340547,B,Intermittent,1.875,0.2281655234322402,8,TEC,1090其他机床,江苏
SFC-025SA2-12B-12B,239.0,0.8998288101285756,B,Smooth,1.0714285714285714,0.4320625716259546,14,TEC,1190其他半导体关联装置,江苏
SFC-050DA2-20B-24B,239.0,0.9001532699166044,C,Lumpy,1.3636363636363635,0.5906234134556471,11,TEC,1190其他半导体关联装置,江苏
SFC-050DA2-19B-19B,235.0,0.9004722994152936,C,Erratic,1.0714285714285714,0.8114803078315981,14,TEC,0920压出成型机,山东
BXL-12-10N-05,234.0,0.9007899713416481,C,Intermittent,2.5,0.01761998685075608,6,CB,0140伺服电机,上海
SFF-090SS-40K-40KK,234.0,0.9011076432680024,C,Smooth,1.0714285714285714,0.1555319543485224,14,TEC,1010切削机械,浙江
SFC-050SA2-16B-22B,233.0,0.901423957622022,C,Erratic,1.25,1.342853650245571,12,TEC,1590其他测试仪·实验器,江苏
ETP-E-048-NH,232.0,0.9017389144037067,C,Lumpy,3.75,0.7189853349187474,4,TEC,9002卷线·线材加工机械,广东
AL-050,231.0,0.9020525136130566,C,Lumpy,3.75,2.714666766614819,4,TEC,2390其他纤维纺织机械,北京
PSL-K-28,229.0,0.9023633976777368,C,Intermittent,1.875,0.39853222805492977,8,TEC,1010切削机械,陕西
ALS-080ARN-32BHA-35BHA,228.0,0.902672924170082,C,Erratic,1.25,0.5469654998740872,12,TEC,1090其他机床,福建
AL-095,227.0,0.9029810930900926,C,Lumpy,1.5,0.6921884332662731,10,TEC,9099其他机械,广东
SFS-08S-T085CA,225.0,0.9032865468654333,C,Intermittent,2.142857142857143,0.2408230452674897,7,TEC,1010切削机械,陕西
SFC-040SA2-15B-16B,225.0,0.9035920006407742,C,Lumpy,1.6666666666666667,1.7943999999999998,9,TEC,1590其他测试仪·实验器,云南
ETP-E-040-NH,223.0,0.9038947392714453,C,Lumpy,1.875,0.9804684245754847,8,TEC,9002卷线·线材加工机械,广东
SFF-120DS-40KK-40KK-600N,222.0,0.9041961203297815,C,Intermittent,1.6666666666666667,0.3578798392987583,9,TEC,1010切削机械,山东
CS-06-33N 24V 12JIS,221.0,0.9044961438157829,C,Lumpy,1.5,1.307849279635279,10,CB,1590其他测试仪·实验器,广东
111-08-11N 24V 15JIS,219.0,0.9047934521571146,C,Smooth,1.25,0.298674491205923,12,CB,1120晶片·基板加工装置,广东
ETP-T-60,219.0,0.9050907604984463,C,Intermittent,1.5,0.4417709759550007,10,TEC,9092公司内部设备,天津
SFC-030DA2-10B-10B,217.0,0.9053853536951083,C,Erratic,1.25,1.0433241502068615,12,TEC,1210直接驱动机器人,湖南
ARM-100 10-10,216.0,0.9056785893194355,C,Lumpy,1.875,2.270037233000196,8,TEC,8020贸易公司,广东
ALS-040ARN-14BHA-16BHA,216.0,0.9059718249437626,C,Lumpy,3.0,1.779353137860082,5,TEC,1190其他半导体关联装置,江苏
SFC-040DA2-8B-16B,213.0,0.9062609878510852,C,Intermittent,1.875,0.2647748777484941,8,TEC,9099其他机械,上海
SFC-080SA2-T223,212.0,0.906548793186073,C,Intermittent,1.6666666666666667,0.29922236561053756,9,TEC,1010切削机械,浙江
SFC-080SA2-T248,210.0,0.906833883376391,C,Intermittent,5.0,0.06122448979591838,3,TEC,1010切削机械,江苏
ALS-080ARN-28BHA-40BHA,210.0,0.9071189735667091,C,Intermittent,2.5,0.3510204081632653,6,TEC,1090其他机床,云南
SFC-030SA2-10BH-14BH,209.0,0.9074027061846923,C,Lumpy,1.3636363636363635,0.9828254847645432,11,TEC,1210直接驱动机器人,江苏
SFC-020DA2-10B-10B,209.0,0.9076864388026755,C,Lumpy,1.6666666666666667,0.988267209999771,9,TEC,1210直接驱动机器人,江苏
SFC-050DA2-15B-19B,208.0,0.9079688138483238,C,Erratic,1.0714285714285714,1.347846495220755,14,TEC,1190其他半导体关联装置,江苏
ALS-055ARN-16BHA-24BHA,208.0,0.9082511888939723,C,Intermittent,2.5,0.384319526627219,6,TEC,1090其他机床,福建
SFC-030DA2-14B-14B,207.0,0.9085322063672857,C,Erratic,1.0714285714285714,1.9121422813924387,14,TEC,1190其他半导体关联装置,上海
BXW-03-10L-90V-8,206.0,0.9088118662682645,C,Intermittent,7.5,0.0016966726364407577,2,CB,,广东
ALS-080ARN-20BHA-24BHA,205.0,0.9090901685969083,C,Lumpy,1.3636363636363635,0.49020345032718615,11,TEC,1090其他机床,云南
SFC-090SA2-35B-38K,205.0,0.9093684709255521,C,Erratic,1.0714285714285714,0.6146341463414634,14,TEC,0920压出成型机,山东
SFF-120DS-40KK-50KK-600N,204.0,0.9096454156818611,C,Lumpy,1.6666666666666667,0.5761245674740484,9,TEC,1010切削机械,山东
SFC-040DA2-14B-19B,203.0,0.9099210028658352,C,Erratic,1.1538461538461537,0.8902950002831096,13,TEC,1590其他测试仪·实验器,江苏
PSL-D-40,202.0,0.9101952324774745,C,Intermittent,1.3636363636363635,0.24866189589255952,11,TEC,9099其他机械,江苏
PSL-K-15-F,200.0,0.9104667469444441,C,Intermittent,3.75,0.0,4,TEC,1030其他金属加工机械,辽宁
SD-75B-36L,200.0,0.9107382614114137,C,Intermittent,7.5,0.0,2,ME,1010切削机械,浙江
SFC-035SA2-9B-14B,200.0,0.9110097758783833,C,Lumpy,15.0,,1,TEC,1130半导体组装装置,广东
ETP-A-20,200.0,0.9112812903453529,C,Lumpy,15.0,,1,TEC,9099其他机械,广东
SFC-090DA2-30B-35B,200.0,0.9115528048123224,C,Lumpy,2.142857142857143,1.621433333333333,7,TEC,1090其他机床,河南
SFF-080SS-35K-35KS,199.0,0.9118229617069572,C,Intermittent,1.3636363636363635,0.2227165980657054,11,TEC,1010切削机械,浙江
SFC-060DA2-24B-35B,198.0,0.912091761029257,C,Lumpy,1.6666666666666667,0.6730371900826447,9,TEC,1030其他金属加工机械,江苏
SFC-020SA2-6.35B-7B,197.0,0.9123592027792221,C,Intermittent,2.5,0.07176685820299414,6,TEC,1210直接驱动机器人,江苏
SFC-040DA2-8B-19B,197.0,0.9126266445291872,C,Lumpy,1.875,0.6252158004586564,8,TEC,9099其他机械,上海
ALS-065ARN-24BHA-32BHA,196.0,0.9128927287068174,C,Intermittent,1.5,0.4420611782127816,10,TEC,1010切削机械,浙江
ALS-065ARN-20BHA-35BHA,195.0,0.9131574553121127,C,Intermittent,1.5,0.42793483819124845,10,TEC,1010切削机械,浙江
SFC-090SA2-25B-32J,195.0,0.913422181917408,C,Erratic,1.0,1.4784446322907863,15,TEC,0920压出成型机,山东
SFF-080DS-T041,193.0,0.9136841933780336,C,Lumpy,2.142857142857143,0.9001583935139197,7,TEC,9099其他机械,广东
SFC-035SA2-12B-12B,192.0,0.9139448472663245,C,Smooth,1.1538461538461537,0.4195918330439813,13,TEC,8020贸易公司,上海
PSL-G-24,192.0,0.9142055011546153,C,Erratic,1.1538461538461537,0.6235984519675924,13,TEC,1640纸加工机械,安徽
PSL-D-28,192.0,0.9144661550429061,C,Erratic,1.25,0.5575284090909092,12,TEC,9099其他机械,江苏
SFC-010DA2-5B-6B,192.0,0.9147268089311968,C,Lumpy,1.5,0.9035011574074074,10,TEC,1190其他半导体关联装置,江苏
ALS-065ABN-28BHA-35BHA,191.0,0.9149861052471528,C,Lumpy,7.5,1.9583344754803869,2,TEC,1090其他机床,云南
SFC-020SA2-5B-6.35B,190.0,0.915244043990774,C,Smooth,1.25,0.16668849156383778,12,TEC,1610印刷机械,上海
SFC-050SA2-14B-15B,190.0,0.9155019827343951,C,Lumpy,1.3636363636363635,0.5799224376731301,11,TEC,1090其他机床,浙江
PSL-G-25,190.0,0.9157599214780161,C,Lumpy,1.3636363636363635,0.7126537396121884,11,TEC,9099其他机械,江苏
SFC-060DA2-22B-25B,190.0,0.9160178602216372,C,Erratic,1.0,1.2311040759794225,15,TEC,1140半导体检查装置,广东
ETP-E-035-NH,186.0,0.9162703686759189,C,Lumpy,1.875,0.8999884379697074,8,TEC,9099其他机械,江苏
PSL-K-10,185.0,0.9165215195578659,C,Erratic,1.1538461538461537,1.4847918188458735,13,TEC,1510测试仪,江苏
VRSF-15C-400-T2,185.0,0.9167726704398127,C,Intermittent,3.0,0.06939371804236669,5,ME,1910包装机械,上海
102-04-13 24V 10DIN,183.0,0.9170211061770899,C,Lumpy,3.0,2.6593060407895135,5,CB,1410医疗装置,广东
ALS-065ARN-20BHA-24BHA,183.0,0.917269541914367,C,Smooth,1.25,0.33080061567027436,12,TEC,1090其他机床,浙江
CF-A-016-O0-1360,182.0,0.9175166200793093,C,Lumpy,3.75,0.8406392142655879,4,CF,0510农业产用机械,山东
PSL-G-32,182.0,0.9177636982442517,C,Smooth,1.0714285714285714,0.2649066909421939,14,TEC,1090其他机床,北京
CF-A-050-O0-1360,181.0,0.9180094188368592,C,Lumpy,1.875,1.3272575841483996,8,CF,1640纸加工机械,天津
SFC-030SA2-8B-8B,180.0,0.9182537818571318,C,Erratic,1.1538461538461537,0.6005812757201646,13,TEC,1190其他半导体关联装置,天津
SFF-100SS-32KK-45K,180.0,0.9184981448774044,C,Intermittent,3.75,0.45629629629629626,4,TEC,9099其他机械,江苏
SFF-090DS-38KK-42K,180.0,0.9187425078976771,C,Intermittent,1.875,0.15520282186948853,8,TEC,1010切削机械,浙江
ALS-065ARN-T016-20BHA-22BHA,180.0,0.9189868709179497,C,Intermittent,3.0,0.061728395061728406,5,TEC,1090其他机床,云南
ALS-080ARN-25BHA-32BKA,180.0,0.9192312339382223,C,Intermittent,2.142857142857143,0.0810185185185185,7,TEC,1010切削机械,浙江
CS-06-35G 24V R12JIS A12JIS,179.0,0.9194742393861601,C,Intermittent,3.0,0.3380044318217285,5,CB,1590其他测试仪·实验器,广东
SFC-050DA2-15B-19K,179.0,0.9197172448340979,C,Lumpy,5.0,0.8539995630598296,3,TEC,1510测试仪,浙江
SFC-060DA2-24B-24B,178.0,0.9199588927097008,C,Erratic,1.0714285714285714,0.7703378555543687,14,TEC,1510测试仪,浙江
SFC-020SA2-8B-10B,178.0,0.9202005405853038,C,Lumpy,2.5,0.8083827799520261,6,TEC,1190其他半导体关联装置,天津
SFF-080DS-28K-32KK,178.0,0.9204421884609066,C,Intermittent,1.875,0.2964993597489495,8,TEC,9004其他加工机械,广东
SFC-040DA2-12B-14B,178.0,0.9206838363365096,C,Smooth,1.0714285714285714,0.3934623639206395,14,TEC,1510测试仪,浙江
CS-12-33G 24V 25JIS,176.0,0.9209227690674429,C,Intermittent,1.3636363636363635,0.23749999999999996,11,CB,1120晶片·基板加工装置,广东
SFC-050SA2-T196,174.0,0.9211589866537063,C,Intermittent,2.5,0.3153388822829964,6,TEC,1090其他机床,辽宁
BXR-08-10-012-24V-20DIN,174.0,0.9213952042399699,C,Lumpy,1.875,1.5786195572164656,8,CB,1190其他半导体关联装置,广东
ALS-095ARN-35BHA-35BHA,173.0,0.9216300642538986,C,Lumpy,1.875,1.663632501682553,8,TEC,1090其他机床,江苏
ETP-A-25,171.0,0.9218622091231576,C,Lumpy,1.875,1.366965171212632,8,TEC,1190其他半导体关联装置,广东
ALS-080ARN-35BHA-38BKA,171.0,0.9220943539924166,C,Lumpy,1.875,0.8785706957452109,8,TEC,1090其他机床,云南
SFC-080DA2-24B-25B,170.0,0.9223251412893407,C,Intermittent,3.0,0.15570934256055363,5,TEC,9099其他机械,江苏
111-06-12N 24V 15DIN,170.0,0.9225559285862649,C,Intermittent,3.75,0.45674740484429066,4,CB,,江苏
CS-10-33N 24V 20DIN,169.0,0.9227853583108542,C,Lumpy,1.5,1.4584378853837208,10,CB,1510测试仪,江苏
SFC-025SA2-12B-14B,168.0,0.9230134304631087,C,Lumpy,1.875,0.7683835438937481,8,TEC,1590其他测试仪·实验器,广东
ALS-040ARN-20BHA-22BHA,168.0,0.9232415026153631,C,Lumpy,1.5,1.501322751322751,10,TEC,1190其他半导体关联装置,江苏
SFF-120DS-35K-40K-600N,167.0,0.9234682171952827,C,Lumpy,1.3636363636363635,0.6471655491412386,11,TEC,1090其他机床,福建
ALS-095ARN-35BHA-40BHA,167.0,0.9236949317752023,C,Lumpy,1.5,0.9992390468563868,10,TEC,1090其他机床,福建
BXH-12-10N-01,167.0,0.9239216463551219,C,Lumpy,15.0,,1,CB,0140伺服电机,江苏
ALS-040ARN-T013,167.0,0.9241483609350415,C,Lumpy,2.142857142857143,1.8222238158413715,7,TEC,1190其他半导体关联装置,江苏
SFC-060SA2-24B-28B,167.0,0.9243750755149611,C,Erratic,1.0714285714285714,0.6989631975110122,14,TEC,1190其他半导体关联装置,上海
SFC-050DA2-18B-22B,166.0,0.9246004325225459,C,Lumpy,3.0,0.6846966177964869,5,TEC,1510测试仪,浙江
SFC-050DA2-16B-24B L=80,165.0,0.9248244319577958,C,Lumpy,3.75,0.5913682277318641,4,TEC,9002卷线·线材加工机械,福建
BXW-03-10H-24V-8,165.0,0.9250484313930457,C,Erratic,1.25,0.6444477836213375,12,CB,1610印刷机械,上海
SFC-080DA2-30B-35B,165.0,0.9252724308282956,C,Lumpy,1.875,0.7172819100091826,8,TEC,1190其他半导体关联装置,江苏
TT-1X-01-12-12-3NM,162.0,0.925492357546541,C,Intermittent,1.5,0.33768565090009994,10,ME,1190其他半导体关联装置,江西
SFF-100SS-38K-38KJ-450N,162.0,0.9257122842647864,C,Lumpy,1.875,0.8449931412894376,8,TEC,0920压出成型机,山东
SFC-030DA2-8B-12B,161.0,0.9259308534106968,C,Lumpy,1.3636363636363635,0.7732803518382775,11,TEC,1610印刷机械,上海
CF-A-016-S0-1350,160.0,0.9261480649842725,C,Lumpy,3.75,0.5000000000000001,4,CF,8020贸易公司,江苏
CF-A-030-SO-1350,160.0,0.9263652765578482,C,Lumpy,3.75,0.5000000000000001,4,CF,8020贸易公司,江苏
PSL-K-18,160.0,0.9265824881314239,C,Intermittent,3.75,0.0,4,TEC,9099其他机械,上海
BXW-01-10-84,160.0,0.9267996997049995,C,Lumpy,5.0,1.1718749999999998,3,CB,0140伺服电机,江苏
SFC-080DA2-28B-32B,160.0,0.9270169112785752,C,Intermittent,3.75,0.38208333333333344,4,TEC,1010切削机械,山东
PSL-K-22,160.0,0.9272341228521509,C,Lumpy,1.875,2.182142857142857,8,TEC,9099其他机械,陕西
MM-16K,158.0,0.9274486192810568,C,Lumpy,3.0,0.9992389040217913,5,TEC,1610印刷机械,天津
111-10-11N 24V 25DIN,158.0,0.9276631157099628,C,Intermittent,1.6666666666666667,0.22883952892164705,9,CB,1090其他机床,上海
CS-10-33N 24V 20JIS,158.0,0.9278776121388688,C,Smooth,1.25,0.20853301481405953,12,CB,1990其他包装机械,广东
SFC-050SA2-14B-16B,157.0,0.9280907509954399,C,Lumpy,1.5,1.764371779788227,10,TEC,1590其他测试仪·实验器,江苏
BXW-05-10H-24V-12,157.0,0.9283038898520111,C,Lumpy,3.0,0.6610815854598563,5,CB,1410医疗装置,北京
SFC-030SA2-10B-10B,156.0,0.9285156711362473,C,Lumpy,2.142857142857143,0.6098920666228359,7,TEC,1210直接驱动机器人,江苏
SFC-040SA2-14B-19B,156.0,0.9287274524204836,C,Lumpy,1.5,1.091387245233399,10,TEC,1590其他测试仪·实验器,江苏
2322V521,156.0,0.9289392337047199,C,Intermittent,2.5,0.28994082840236685,6,ME,1030其他金属加工机械,江苏
SFC-050SA2-20B-22B,153.0,0.9291469422719516,C,Erratic,1.1538461538461537,1.0855084226864309,13,TEC,1210直接驱动机器人,江苏
SFC-080SA2-22B-24B,152.0,0.9293532932668485,C,Lumpy,2.142857142857143,1.5091326177285316,7,TEC,1590其他测试仪·实验器,四川
AK-155-MAB-28N,152.0,0.9295596442617454,C,Lumpy,1.5,0.641351184979994,10,ME,9003木工机械,四川
CS-12-33N 24V 25DIN,151.0,0.9297646376843074,C,Intermittent,1.6666666666666667,0.1774264286654094,9,CB,1640纸加工机械,上海
ALS-080ARN-24BHA-28BHA,150.0,0.9299682735345346,C,Intermittent,7.5,0.2222222222222222,2,TEC,1090其他机床,福建
SFC-010SA2-T002,150.0,0.9301719093847618,C,Smooth,1.25,0.1309090909090909,12,TEC,1610印刷机械,上海
SFC-050DA2-T348,150.0,0.930375545234989,C,Intermittent,7.5,0.2222222222222222,2,TEC,2310纺织·纺线机械,江苏
ALS-065ARN-T016-24BHA-24BHA,150.0,0.9305791810852162,C,Intermittent,3.0,0.38888888888888895,5,TEC,1090其他机床,云南
BXR-040-10LE-132(本体）,150.0,0.9307828169354434,C,Lumpy,15.0,,1,CB,1290其他工业机器人,北京
SFC-030SA2-7B-14B,150.0,0.9309864527856706,C,Intermittent,7.5,0.2222222222222222,2,TEC,1210直接驱动机器人,江苏
PSL-G-20,149.0,0.9311887310635629,C,Lumpy,1.6666666666666667,3.7397977568577976,9,TEC,1910包装机械,江苏
SFC-060SA2-20B-22B,149.0,0.9313910093414552,C,Erratic,1.0,0.5841435713963979,15,TEC,1190其他半导体关联装置,江苏
ALS-040-R-EL,148.0,0.9315919300470127,C,Lumpy,2.5,1.41190650109569,6,TEC,1290其他工业机器人,云南
SFC-035SA2-14B-14B,148.0,0.9317928507525702,C,Intermittent,1.5,0.4766252739225712,10,TEC,1590其他测试仪·实验器,江苏
SFC-035DA2-12B-16B,148.0,0.9319937714581277,C,Erratic,1.25,0.5908758881731854,12,TEC,1190其他半导体关联装置,江苏
ALS-020ARN-6.35BHA-8BHA,147.0,0.9321933345913503,C,Intermittent,3.75,0.06238141515109445,4,TEC,1190其他半导体关联装置,江苏
YKB300,147.0,0.932392897724573,C,Lumpy,7.5,1.099634411587764,2,ME,1590其他测试仪·实验器,广东
PSL-G-50,147.0,0.9325924608577957,C,Smooth,1.1538461538461537,0.1556141731068844,13,TEC,1090其他机床,北京
SFF-080SS-22K-24K,144.0,0.9327879512740137,C,Intermittent,1.5,0.38173010973936905,10,TEC,9002卷线·线材加工机械,辽宁
SFC-035SA2-12B-18B,144.0,0.9329834416902318,C,Intermittent,3.0,0.17746913580246912,5,TEC,1190其他半导体关联装置,上海
SFC-025SA2-8B-14B,144.0,0.93317893210645,C,Lumpy,1.5,1.8242026748971196,10,TEC,1190其他半导体关联装置,上海
SFC-035DA2-9.525B-15B,143.0,0.9333730649503332,C,Erratic,1.1538461538461537,0.8209366391184573,13,TEC,,江苏
CF-A-004-O0-1360,142.0,0.9335658402218816,C,Intermittent,3.0,0.37480162666137673,5,CF,8020贸易公司,江苏
BXH-10-10G 24V 19DIN,141.0,0.9337572579210952,C,Lumpy,1.6666666666666667,1.074581258488004,9,CB,0990其他橡胶塑料加工机械,天津
SFC-050DA2-19B-20B,141.0,0.9339486756203087,C,Erratic,1.25,0.8653854068068646,12,TEC,1590其他测试仪·实验器,江苏
SFC-090SA2-30B-32B,139.0,0.9341373781748527,C,Intermittent,1.6666666666666667,0.44345530769628905,9,TEC,1590其他测试仪·实验器,云南
CF-A-080-O0-1360,139.0,0.9343260807293965,C,Lumpy,2.5,0.8507013094560321,6,CF,8020贸易公司,江苏
ALS-065ARN-25BHA-38BKA,139.0,0.9345147832839403,C,Lumpy,1.6666666666666667,1.6571347238755756,9,TEC,1090其他机床,广东
SFC-035DA2-8B-14B,138.0,0.9347021282661493,C,Erratic,1.0714285714285714,0.9434669510283876,14,TEC,1190其他半导体关联装置,浙江
SRG-060AS-24K-35K,137.0,0.9348881156760235,C,Lumpy,3.0,0.7909318557195377,5,TEC,1010切削机械,上海
ALS-055ARN-14BHA-20BHA,137.0,0.9350741030858977,C,Intermittent,1.6666666666666667,0.37845649741595205,9,TEC,1010切削机械,浙江
SFC-050SA2-22B-24B,137.0,0.9352600904957719,C,Lumpy,3.0,0.724332676221429,5,TEC,1910包装机械,上海
ALS-040ARN-19BHA-22BHA,136.0,0.9354447203333112,C,Intermittent,3.75,0.2053056516724337,4,TEC,1090其他机床,浙江
SFC-090DA2-35B-38B,135.0,0.9356279925985156,C,Lumpy,1.5,0.8355433622923335,10,TEC,1090其他机床,重庆
ALS-065ARN-35BHA-38BHA,135.0,0.9358112648637201,C,Intermittent,2.5,0.36167901234567906,6,TEC,1010切削机械,浙江
SFC-030SA2-12B-14B,134.0,0.9359931795565897,C,Lumpy,1.6666666666666667,1.5218450657161955,9,TEC,1590其他测试仪·实验器,江苏
SFC-030DA2-12B-12B,132.0,0.9361723791047897,C,Lumpy,1.6666666666666667,0.5810950413223142,9,TEC,1130半导体组装装置,江苏
2322V441K,132.0,0.9363515786529896,C,Intermittent,2.5,0.18181818181818182,6,ME,1030其他金属加工机械,江苏
ETP-T-35,131.0,0.9365294206288547,C,Erratic,1.1538461538461537,0.5670124118641106,13,TEC,9092公司内部设备,北京
BXR-10-10-016-24V-24DIN,131.0,0.9367072626047197,C,Lumpy,1.875,2.594520798821247,8,CB,1320医疗·看护·福祉用机器人,广东
BXL-10-10G 90V 19DIN,130.0,0.93688374700825,C,Lumpy,15.0,,1,CB,2390其他纤维纺织机械,上海
SFF-090DS-35K-38KK,130.0,0.9370602314117802,C,Lumpy,1.3636363636363635,1.2655857988165684,11,TEC,9004其他加工机械,广东
111-06-11N 24V 12JIS,130.0,0.9372367158153104,C,Intermittent,3.75,0.4023668639053255,4,CB,9092公司内部设备,河北
SFC-030SA2-8B-13B,130.0,0.9374132002188407,C,Lumpy,3.0,0.9696745562130177,5,TEC,1140半导体检查装置,广东
SFC-080DA2-20B-22B,130.0,0.9375896846223709,C,Lumpy,3.0,0.8520710059171599,5,TEC,1820医药品制造装置,天津
SFF-080SS-28K-32KK,128.0,0.9377634538812314,C,Intermittent,3.75,0.027994791666666664,4,TEC,9004其他加工机械,广东
SFF-080SS-22K-35KS,128.0,0.937937223140092,C,Intermittent,1.6666666666666667,0.21107482910156256,9,TEC,1090其他机床,北京
ALS-080ARN-24BHA-35BHA,128.0,0.9381109923989525,C,Intermittent,3.0,0.18203735351562506,5,TEC,1090其他机床,福建
SFF-080DS-T003,127.0,0.9382834040854782,C,Intermittent,1.6666666666666667,0.26044702089404187,9,TEC,1090其他机床,北京
ALS-040ARN-T006,126.0,0.938454458199669,C,Lumpy,7.5,1.63718820861678,2,TEC,1090其他机床,广东
SFC-060SA2-14BH-20BH,126.0,0.9386255123138598,C,Erratic,1.0714285714285714,1.2706552706552707,14,TEC,1820医药品制造装置,上海
SFC-090SA2-32J-35B,125.0,0.9387952088557159,C,Intermittent,1.3636363636363635,0.4650624000000002,11,TEC,0920压出成型机,山东
SFC-060SA2-19B-25B,125.0,0.9389649053975718,C,Erratic,1.25,1.2323607272727277,12,TEC,1190其他半导体关联装置,江苏
ALS-065ABN-18BHA-18BHA,125.0,0.9391346019394279,C,Intermittent,3.75,0.3818666666666667,4,TEC,1590其他测试仪·实验器,浙江
SFC-030DA2-10B-12B,124.0,0.939302940908949,C,Intermittent,2.142857142857143,0.2557015261879985,7,TEC,1190其他半导体关联装置,上海
SFC-100SA2-38B-38J,123.0,0.9394699223061352,C,Lumpy,2.5,0.8468768590124924,6,TEC,0920压出成型机,山东
SFC-030SA2-6B-8B,123.0,0.9396369037033215,C,Lumpy,1.6666666666666667,0.6799524092801905,9,TEC,1510测试仪,浙江
SFC-060DA2-19B-22B,123.0,0.9398038851005078,C,Lumpy,1.875,0.5462357062595016,8,TEC,1190其他半导体关联装置,江苏
SFC-025DA2-8B-8B,122.0,0.9399695089253594,C,Lumpy,1.6666666666666667,1.0722420048374093,9,TEC,1190其他半导体关联装置,江苏
CYT-03-33B 24V 8MM,122.0,0.9401351327502108,C,Lumpy,5.0,1.645525396398818,3,CB,1610印刷机械,江苏
SFC-080DA2-24B-32B,121.0,0.9402993990027274,C,Erratic,1.25,0.8323574519872587,12,TEC,1610印刷机械,江苏
YKB300-M5-LM(BMQX3M),120.0,0.9404623076829091,C,Lumpy,15.0,,1,ME,1590其他测试仪·实验器,广东
ALS-055ARN-15BHA-18BHA,120.0,0.9406252163630908,C,Intermittent,2.5,0.3249999999999999,6,TEC,1010切削机械,浙江
8GBK360BH,120.0,0.9407881250432726,C,Intermittent,5.0,0.18750000000000003,3,ME,9099其他机械,上海
SFC-040DA2-14B-16B,120.0,0.9409510337234543,C,Lumpy,5.0,1.6875,3,TEC,1190其他半导体关联装置,天津
YKB300-M5-LM(DLX3M),120.0,0.9411139424036361,C,Lumpy,15.0,,1,ME,1590其他测试仪·实验器,广东
BXL-12-10G 24V 24DIN,120.0,0.9412768510838179,C,Intermittent,3.0,0.48611111111111105,5,CB,1010切削机械,广东
ALS-080ARN-22BHA-32BHA,120.0,0.9414397597639996,C,Intermittent,1.6666666666666667,0.140625,9,TEC,1030其他金属加工机械,浙江
ALS-065ARN-24BHA-32BKA,120.0,0.9416026684441814,C,Intermittent,3.75,0.07407407407407407,4,TEC,1090其他机床,云南
SFH-190S-T015,117.0,0.9417615044073586,C,Intermittent,3.0,0.16400029220542042,5,TEC,1010切削机械,浙江
CS-10-35N 24V R20JIS A20JIS,117.0,0.9419203403705358,C,Lumpy,1.5,0.6120891875877632,10,CB,1640纸加工机械,安徽
CF-A-080-O0-1350,115.0,0.9420764611890433,C,Intermittent,3.75,0.12854442344045372,4,CF,8020贸易公司,江苏
SFC-080SA2-T220,115.0,0.9422325820075508,C,Intermittent,2.5,0.10607183364839316,6,TEC,1010切削机械,浙江
SFC-050DA2-16B-22B,114.0,0.9423873452537235,C,Lumpy,3.75,1.0296501487637222,4,TEC,1590其他测试仪·实验器,江苏
SFC-060DA2-20B-25B,114.0,0.9425421084998962,C,Lumpy,1.6666666666666667,2.87171052631579,9,TEC,1010切削机械,山东
SFF-140DS-55K-55KK-1000N,114.0,0.9426968717460689,C,Lumpy,1.6666666666666667,0.7370152354570638,9,TEC,1010切削机械,浙江
SFC-080DA2-22B-32B,113.0,0.9428502774199067,C,Lumpy,2.142857142857143,1.4984206541885303,7,TEC,1190其他半导体关联装置,江苏
ETP-E-055-NH,113.0,0.9430036830937445,C,Smooth,1.25,0.25314148612762444,12,TEC,1290其他工业机器人,广东
ALS-040-B-EL,113.0,0.9431570887675823,C,Lumpy,1.3636363636363635,2.101965698175268,11,TEC,1510测试仪,云南
ALS-065ARN-28BHA-32BHA,112.0,0.9433091368690852,C,Intermittent,2.5,0.40484693877551015,6,TEC,1090其他机床,江苏
ALS-080ARN-35BHA-36BHA,112.0,0.9434611849705882,C,Lumpy,1.875,3.788629737609329,8,TEC,1010切削机械,辽宁
BXR-06-10-005-24V-20DIN,112.0,0.9436132330720912,C,Lumpy,2.5,0.837627551020408,6,CB,9099其他机械,湖北
SFC-010DA2-5B-5B,111.0,0.9437639236012593,C,Lumpy,1.3636363636363635,0.9338527716906092,11,TEC,1190其他半导体关联装置,江苏
ALS-065ARN-T016-28BHA-35BHA,110.0,0.9439132565580926,C,Lumpy,7.5,1.3388429752066118,2,TEC,1090其他机床,云南
SFF-120DS-40KK-55KJ-600N,110.0,0.9440625895149258,C,Intermittent,3.0,0.041322314049586785,5,TEC,9099其他机械,江苏
111-10-13N 24V,110.0,0.9442119224717591,C,Intermittent,1.875,0.20061393152302243,8,CB,9099其他机械,广东
SRG-070DS-30K-35K,108.0,0.9443585402839226,C,Lumpy,2.5,0.4938271604938272,6,TEC,1010切削机械,浙江
SFC-080SA2-28B-35B,108.0,0.9445051580960863,C,Lumpy,2.142857142857143,1.1088534522176494,7,TEC,1190其他半导体关联装置,上海
PSL-G-20-C,105.0,0.9446477031912452,C,Smooth,1.0,0.3848396501457726,15,TEC,1820医药品制造装置,上海
CS-12-33G 24V 25DIN,105.0,0.9447902482864043,C,Lumpy,2.5,0.6775510204081633,6,CB,1410医疗装置,辽宁
SFF-090DS-35KS-42K,105.0,0.9449327933815633,C,Intermittent,1.875,0.2876579203109815,8,TEC,1010切削机械,浙江
SFC-035DA2-14B-16B,104.0,0.9450739809043875,C,Lumpy,1.3636363636363635,0.7950998520710058,11,TEC,1510测试仪,浙江
SFC-060DA2-17B-24B,104.0,0.9452151684272118,C,Erratic,1.1538461538461537,0.7708333333333335,13,TEC,1140半导体检查装置,广东
SFC-100SA2-35B-38K,104.0,0.9453563559500359,C,Erratic,1.0,0.8958949704142007,15,TEC,0920压出成型机,山东
SFC-060SA2-18B-35B,104.0,0.9454975434728601,C,Lumpy,2.5,0.6798816568047339,6,TEC,1010切削机械,浙江
SFC-040SA2-11B-12B,103.0,0.9456373734233494,C,Lumpy,3.0,0.5886511452540294,5,TEC,1590其他测试仪·实验器,江苏
ALS-055ARN-24BHA-25BHA,103.0,0.9457772033738387,C,Intermittent,3.75,0.4528230747478556,4,TEC,1090其他机床,上海
111-12-12N 24V 25DIN,103.0,0.9459170333243281,C,Lumpy,3.75,1.182769346781035,4,CB,,上海
SFC-040DA2-14BH-19BH,103.0,0.9460568632748174,C,Lumpy,1.6666666666666667,1.5787538882081256,9,TEC,1820医药品制造装置,上海
111-08-11G 24V 20DIN,102.0,0.946195335652972,C,Lumpy,7.5,1.8462129950019224,2,CB,1640纸加工机械,浙江
SFC-040DA2-14K-18B,102.0,0.9463338080311264,C,Lumpy,7.5,1.8462129950019224,2,TEC,1010切削机械,陕西
SFC-060SA2-20B-32J,102.0,0.9464722804092809,C,Lumpy,2.5,0.9647058823529412,6,TEC,0920压出成型机,山东
SFC-050SA2-20B-20B,102.0,0.9466107527874354,C,Smooth,1.25,0.47687952186222077,12,TEC,1590其他测试仪·实验器,江苏
PE-185-MAT-25H,101.0,0.946747867593255,C,Intermittent,2.5,0.21233212430153905,6,ME,9003木工机械,广东
SFC-050SA2-18B-24B,101.0,0.9468849823990747,C,Lumpy,1.5,1.2731867246130555,10,TEC,1190其他半导体关联装置,上海
SFC-035SA2-12B-19B,101.0,0.9470220972048943,C,Intermittent,2.142857142857143,0.3328105087736496,7,TEC,1590其他测试仪·实验器,广东
ALS-040AYN-19BHA-19BHA,100.0,0.9471578544383791,C,Lumpy,15.0,,1,TEC,9099其他机械,江苏
SFC-100DA2-35B-42B,100.0,0.9472936116718639,C,Intermittent,3.75,0.4533333333333333,4,TEC,9006粉末颗粒机械,广东
SFC-040DA2-T129,100.0,0.9474293689053487,C,Intermittent,7.5,0.0,2,TEC,1030其他金属加工机械,江苏
ALS-065ABN-24BHA-28BHA,100.0,0.9475651261388335,C,Lumpy,15.0,,1,TEC,1090其他机床,云南
BXH-08-10-A-140,100.0,0.9477008833723183,C,Lumpy,15.0,,1,CB,0140伺服电机,浙江
SFS-14S,100.0,0.9478366406058031,C,Intermittent,3.75,0.16000000000000003,4,TEC,1090其他机床,广东
ALS-040ARN-11BHA-20BHA,100.0,0.9479723978392879,C,Intermittent,7.5,0.0,2,TEC,,上海
CF-A-030-O0-1350,100.0,0.9481081550727727,C,Intermittent,5.0,0.11999999999999997,3,CF,8020贸易公司,江苏
SFC-050SA2-14B-19B,100.0,0.9482439123062575,C,Intermittent,1.875,0.42422857142857157,8,TEC,1590其他测试仪·实验器,广东
ALS-040ARN-18BHA-20BHA,100.0,0.9483796695397423,C,Intermittent,5.0,0.03,3,TEC,1090其他机床,浙江
SFF-090DS-35K-40K,100.0,0.9485154267732271,C,Intermittent,1.6666666666666667,0.32895,9,TEC,1010切削机械,江苏
111-12-11N 24V 30JIS,99.0,0.948649826434377,C,Intermittent,1.875,0.27973821913215857,8,CB,9002卷线·线材加工机械,广东
SFC-060DA2-16B-24B,99.0,0.9487842260955269,C,Lumpy,1.875,0.8711647499526285,8,TEC,1090其他机床,福建
ALS-065ARN-25BHA-32BHA,98.0,0.9489172681843421,C,Intermittent,3.0,0.3235630987088713,5,TEC,1010切削机械,浙江
BXR-16-10-055-24V-28DIN,98.0,0.9490503102731571,C,Lumpy,1.6666666666666667,1.3588088296543104,9,CB,1010切削机械,北京
SFC-060SA2-16B-18B,97.0,0.9491819947896374,C,Lumpy,1.5,1.2471510728498718,10,TEC,1140半导体检查装置,广东
SFF-070SS-22B-24B-100N,96.0,0.9493123217337828,C,Intermittent,3.75,0.1712962962962963,4,TEC,,陕西
SY40D00530M5015-48V,96.0,0.9494426486779282,C,Lumpy,15.0,,1,ME,1590其他测试仪·实验器,广东
PSL-G-38,95.0,0.9495716180497388,C,Lumpy,2.5,1.0553351800554016,6,TEC,1590其他测试仪·实验器,广东
PSL-K-19,95.0,0.9497005874215493,C,Intermittent,2.142857142857143,0.4069436749769161,7,TEC,9099其他机械,上海
ALS-055ARN-18BHA-20BHA,95.0,0.9498295567933599,C,Intermittent,3.75,0.21791320406278858,4,TEC,1010切削机械,浙江
SFF-090DS-25K-35KS,95.0,0.9499585261651704,C,Intermittent,1.5,0.2123730378578024,10,TEC,1010切削机械,江苏
101-10-13N 24V 25JIS,94.0,0.9500861379646461,C,Lumpy,1.6666666666666667,0.738201674966048,9,CB,1610印刷机械,河北
SFC-040SA2-10B-19B,92.0,0.9502110346194521,C,Erratic,1.0714285714285714,0.49774611022248066,14,TEC,1190其他半导体关联装置,江苏
BXW-01-10S-24V-6,92.0,0.9503359312742581,C,Intermittent,3.75,0.37051039697542537,4,CB,9099其他机械,重庆
SFC-040SA2-14BH-14BH,92.0,0.9504608279290642,C,Lumpy,2.5,1.0321361058601133,6,TEC,1820医药品制造装置,上海
BEM-24ESN7-120N,92.0,0.9505857245838701,C,Lumpy,15.0,,1,CB,1220多轴机器人,广东
SFC-050SA2-14B-18B,92.0,0.9507106212386761,C,Lumpy,3.75,0.8292375551354758,4,TEC,1590其他测试仪·实验器,江苏
SFC-050DA2-15B-22B,91.0,0.9508341603211473,C,Lumpy,1.875,1.850294132868701,8,TEC,1510测试仪,浙江
CS-08-33N 24V 15DIN,91.0,0.9509576994036185,C,Lumpy,2.142857142857143,0.9230769230769231,7,CB,1640纸加工机械,江苏
SFC-080SA2-32B-35B,91.0,0.9510812384860896,C,Lumpy,1.6666666666666667,2.867045042869219,9,TEC,1010切削机械,辽宁
ALS-055ARN-19BHA-24BHA,91.0,0.9512047775685608,C,Intermittent,2.5,0.1746165921990098,6,TEC,1010切削机械,浙江
CF-A-140-S0-1350,90.0,0.9513269590786971,C,Intermittent,5.0,0.4444444444444444,3,CF,8020贸易公司,江苏
SFC-080SA2-25B-35K,90.0,0.9514491405888335,C,Lumpy,7.5,0.617283950617284,2,TEC,1010切削机械,广东
SFC-026SAE-5B-6.35B,90.0,0.9515713220989698,C,Intermittent,1.875,0.09876543209876545,8,TEC,1610印刷机械,上海
ALS-080ARN-38BHA-43BHA,90.0,0.9516935036091061,C,Intermittent,5.0,0.0,3,TEC,1090其他机床,浙江
SFS-08S-T087CA,90.0,0.9518156851192424,C,Intermittent,3.75,0.18106995884773663,4,TEC,1010切削机械,陕西
ALS-020ARN-7BHA-8BHA,90.0,0.9519378666293786,C,Intermittent,1.875,0.20486772486772484,8,TEC,1190其他半导体关联装置,江苏
动力线接头GX12-7,90.0,0.952060048139515,C,Lumpy,15.0,,1,ME,1130半导体组装装置,辽宁
SFC-090DA2-32B-35B,88.0,0.9521795145049816,C,Lumpy,1.3636363636363635,0.65625,11,TEC,1820医药品制造装置,浙江
ALS-055-R-EL,88.0,0.9522989808704482,C,Intermittent,7.5,0.1745867768595041,2,TEC,,天津
SFC-010DA2-4.5B-8B,87.0,0.95241708966358,C,Lumpy,1.6666666666666667,0.7838882282996434,9,TEC,1130半导体组装装置,上海
SFC-040SA2-8B-14B,87.0,0.9525351984567118,C,Lumpy,1.6666666666666667,0.8507728894173602,9,TEC,1510测试仪,浙江
SFC-060SA2-22B-24B,87.0,0.9526533072498435,C,Intermittent,2.5,0.3286563614744351,6,TEC,8020贸易公司,上海
SFF-070SS-32B-35BS-100N,87.0,0.9527714160429753,C,Lumpy,1.875,0.5470433912764471,8,TEC,1090其他机床,浙江
SFC-060DA2-18B-22B,87.0,0.9528895248361071,C,Intermittent,1.875,0.368269067436725,8,TEC,1090其他机床,广东
SFC-050DA2-12B-22B,86.0,0.953006276056904,C,Intermittent,1.6666666666666667,0.2686249323958897,9,TEC,1590其他测试仪·实验器,江苏
SFC-060DA2-22B-28B,85.0,0.953121669705366,C,Lumpy,2.142857142857143,0.6769088811995386,7,TEC,1510测试仪,浙江
SFC-010SA2-5B-8B,85.0,0.9532370633538282,C,Lumpy,1.6666666666666667,0.8495501730103808,9,TEC,1590其他测试仪·实验器,上海
ALS-080-R-EL,85.0,0.9533524570022902,C,Lumpy,3.0,0.5017301038062284,5,TEC,1190其他半导体关联装置,上海
SFC-050SA2-18B-18B,85.0,0.9534678506507523,C,Lumpy,2.142857142857143,0.6949942329873127,7,TEC,1190其他半导体关联装置,上海
BXH-12-10G 24V 24DIN,85.0,0.9535832442992144,C,Lumpy,1.875,0.6882451804251113,8,CB,0990其他橡胶塑料加工机械,天津
101-08-13G 24V 15DIN,85.0,0.9536986379476764,C,Lumpy,2.142857142857143,0.921061130334487,7,CB,1640纸加工机械,浙江
ALS-040ARN-14BHA-14BHA,85.0,0.9538140315961385,C,Intermittent,2.142857142857143,0.10495963091118798,7,TEC,1190其他半导体关联装置,江苏
SFC-030DA2-8B-8B,84.0,0.9539280676722658,C,Erratic,1.1538461538461537,0.6291808390022676,13,TEC,8020贸易公司,上海
ALS-055ARN-19BHA-22BHA,84.0,0.9540421037483929,C,Intermittent,2.5,0.44897959183673475,6,TEC,1010切削机械,浙江
SFC-035SA2-8BH-13BH,84.0,0.9541561398245202,C,Lumpy,3.0,0.5640589569160996,5,TEC,9099其他机械,上海
SFC-080DA2-22B-35B,83.0,0.9542688183283126,C,Lumpy,1.875,2.6621321775916056,8,TEC,9099其他机械,江苏
CS-12-35N 24V R25DIN A25DIN,83.0,0.9543814968321049,C,Lumpy,2.142857142857143,2.322156094256544,7,CB,9010清洁机械,上海
SFC-090DA2-25B-40B,83.0,0.9544941753358973,C,Lumpy,1.6666666666666667,0.8900058063579622,9,TEC,1090其他机床,重庆
PSL-D-12,83.0,0.9546068538396897,C,Lumpy,2.142857142857143,0.928049547587942,7,TEC,1010切削机械,山东
101-08-13G 24V 20DIN,83.0,0.9547195323434821,C,Lumpy,5.0,2.6838438089708223,3,CB,1640纸加工机械,浙江
ALS-065ARN-26BHA-32BHA,83.0,0.9548322108472744,C,Intermittent,3.0,0.20975468137610687,5,TEC,1020锻压·加工机械,江苏
SFF-070SS-22K-24K,83.0,0.9549448893510668,C,Lumpy,7.5,1.721294817825519,2,TEC,1030其他金属加工机械,河北
ALS-080ARN-25BHA-35BHA,83.0,0.9550575678548592,C,Intermittent,2.5,0.3144142836405864,6,TEC,1020锻压·加工机械,山东
111-12-11N 24V 25DIN,82.0,0.9551688887863168,C,Intermittent,3.0,0.24092801903628794,5,CB,1990其他包装机械,天津
ETP-E-042-NH,82.0,0.9552802097177743,C,Lumpy,3.0,0.648051754907793,5,TEC,9099其他机械,广东
ETP-A-32,81.0,0.955390173076897,C,Intermittent,3.75,0.30950566478687197,4,TEC,1010切削机械,陕西
SFC-080SA2-T224,81.0,0.9555001364360196,C,Intermittent,1.875,0.26598732771572275,8,TEC,1010切削机械,浙江
CF-A-012-O0-1360,81.0,0.9556100997951423,C,Lumpy,2.5,2.0296296296296297,6,CF,9099其他机械,天津
SFC-050DA2-24B-25B,80.0,0.9557187055819302,C,Lumpy,1.6666666666666667,1.9884374999999999,9,TEC,1510测试仪,浙江
SFF-100DS-35KK-35KK,80.0,0.955827311368718,C,Lumpy,7.5,0.5000000000000001,2,TEC,1090其他机床,江苏
ALS-080ARN-28BHA-38BKA,80.0,0.9559359171555059,C,Intermittent,1.875,0.3457142857142857,8,TEC,1090其他机床,云南
ED01-55*62,80.0,0.9560445229422937,C,Lumpy,7.5,0.5000000000000001,2,ME,1090其他机床,云南
PSL-D-14,80.0,0.9561531287290815,C,Intermittent,1.5,0.48611111111111105,10,TEC,9099其他机械,福建
BXH-10-10S1G 24V 19DIN,80.0,0.9562617345158694,C,Intermittent,3.75,0.0,4,CB,0140伺服电机,江苏
AK-155-MAT-24N,79.0,0.9563689827303223,C,Lumpy,2.5,0.5247236019868611,6,ME,9003木工机械,广东
ETP-T-25,79.0,0.9564762309447753,C,Lumpy,3.0,2.688671687229611,5,TEC,9092公司内部设备,北京
BXL-10-10N-015-24V-20,78.0,0.9565821215868935,C,Intermittent,1.3636363636363635,0.4035502958579881,11,CB,9099其他机械,天津
ALS-055ARN-22BHA-25BHA,78.0,0.9566880122290116,C,Lumpy,3.75,0.9896997589305283,4,TEC,1090其他机床,北京
BXR-12-10-030-24V-24DIN,78.0,0.9567939028711298,C,Intermittent,3.0,0.35667324128862604,5,CB,1220多轴机器人,辽宁
BXW-04-10H-24V-10,78.0,0.9568997935132478,C,Lumpy,2.142857142857143,0.5219701950471182,7,CB,1910包装机械,江苏
111-10-12N 24V 25JIS,77.0,0.9570043265830311,C,Lumpy,1.6666666666666667,1.1138050261426882,9,CB,,江苏
SFF-100SS-42KK-42KK,77.0,0.9571088596528144,C,Lumpy,2.142857142857143,0.7548209366391183,7,TEC,,陕西
SFC-010DA2-6B-6B,77.0,0.9572133927225978,C,Intermittent,1.6666666666666667,0.21213526733007257,9,TEC,1130半导体组装装置,江苏
8IDGE-25G-T,77.0,0.9573179257923811,C,Lumpy,5.0,1.184516781919379,3,ME,9099其他机械,上海
SFC-035SA2-10B-10B,76.0,0.9574211012898295,C,Intermittent,3.75,0.17174515235457063,4,TEC,1190其他半导体关联装置,广东
动力线延长线7.1M,76.0,0.9575242767872779,C,Lumpy,5.0,0.7250692520775623,3,ME,1130半导体组装装置,辽宁
111-12-11G 24V 25JIS,76.0,0.9576274522847263,C,Smooth,1.25,0.41400151095441967,12,CB,0220减速机,上海
ALS-040ARN-20BHA-24BHA,76.0,0.9577306277821748,C,Lumpy,2.5,0.7121883656509697,6,TEC,,浙江
111-06-11N 24V 15DIN,76.0,0.9578338032796232,C,Intermittent,2.5,0.4529085872576177,6,CB,,上海
SFC-060DA2-17B-22B,75.0,0.9579356212047369,C,Lumpy,2.5,0.8672000000000001,6,TEC,1190其他半导体关联装置,上海
BXW-01-10H-24V-5,75.0,0.9580374391298504,C,Lumpy,5.0,0.5615999999999999,3,CB,1190其他半导体关联装置,广东
SFC-050DA2-10B-19B,75.0,0.958139257054964,C,Lumpy,1.6666666666666667,1.5336,9,TEC,1590其他测试仪·实验器,广东
AK-185-AV,75.0,0.9582410749800776,C,Intermittent,3.0,0.0,5,ME,1030其他金属加工机械,江苏
ALS-040ARN-19BHA-19BHA,75.0,0.9583428929051913,C,Lumpy,2.142857142857143,0.6728296296296297,7,TEC,1190其他半导体关联装置,江苏
ALS-080ARN-38BKA-40BHA,75.0,0.9584447108303048,C,Intermittent,1.875,0.3898920634920635,8,TEC,1090其他机床,云南
PE-250-X,75.0,0.9585465287554185,C,Intermittent,3.0,0.0,5,ME,1030其他金属加工机械,江苏
CF-A-030-O0-1360,73.0,0.9586456315358624,C,Lumpy,2.142857142857143,0.5114155251141552,7,CF,1030其他金属加工机械,河北
SFC-060SA2-18BH-22BH,73.0,0.9587447343163062,C,Lumpy,7.5,1.684743854381685,2,TEC,0920压出成型机,山东
SFC-060DA2-18B-20B,73.0,0.9588438370967501,C,Lumpy,1.6666666666666667,0.6248827172077314,9,TEC,1190其他半导体关联装置,上海
PSL-D-48-C,73.0,0.958942939877194,C,Intermittent,1.6666666666666667,0.4880840683054982,9,TEC,,江苏
SFF-100DS-48K-55KM,72.0,0.959040685085303,C,Intermittent,2.5,0.07777777777777779,6,TEC,1010切削机械,安徽
SFC-030DA2-10B-16B,72.0,0.9591384302934121,C,Intermittent,3.0,0.4644097222222222,5,TEC,1090其他机床,安徽
SFC-100SA2-36B-38B,72.0,0.9592361755015212,C,Intermittent,3.0,0.3414351851851852,5,TEC,0920压出成型机,山东
SFF-080DS-32K-32KK,72.0,0.9593339207096302,C,Intermittent,2.5,0.17500000000000002,6,TEC,9004其他加工机械,广东
ALS-065ARN-32BHA-35BHA,72.0,0.9594316659177392,C,Intermittent,3.75,0.018518518518518517,4,TEC,1010切削机械,江苏
ALS-030ARN-8BHA-10BHA,71.0,0.9595280535535134,C,Lumpy,2.5,0.9752826820075381,6,TEC,1190其他半导体关联装置,江苏
SRG-070DS-35K-35K,71.0,0.9596244411892877,C,Lumpy,3.75,1.008001057991139,4,TEC,1010切削机械,江苏
102-05-13 24V 15DIN,70.0,0.959719471252727,C,Lumpy,3.75,0.9785034013605443,4,CB,,北京
P-106-MA-19,70.0,0.9598145013161664,C,Intermittent,5.0,0.061224489795918366,3,ME,,北京
PSL-G-28,70.0,0.9599095313796058,C,Erratic,1.25,0.6456400742115029,12,TEC,1610印刷机械,江苏
CF-A-008-S0-1350,70.0,0.9600045614430451,C,Intermittent,1.875,0.05504373177842565,8,CF,8020贸易公司,江苏
SFC-040SA2-14B-15B,69.0,0.9600982339341496,C,Lumpy,2.142857142857143,0.7870895470139323,7,TEC,1590其他测试仪·实验器,云南
SFF-100DS-35KM-48K,69.0,0.9601919064252541,C,Intermittent,2.142857142857143,0.11125113771616608,7,TEC,1010切削机械,安徽
ALS-040ARN-19BHA-20BHA,69.0,0.9602855789163586,C,Lumpy,2.5,0.9187145557655954,6,TEC,1590其他测试仪·实验器,吉林
ALS-055ARN-16BHA-19BHA,69.0,0.9603792514074632,C,Lumpy,2.5,0.7977315689981098,6,TEC,1090其他机床,福建
CS-10-35G 24V R20DIN A20DIN,68.0,0.9604715663262328,C,Lumpy,3.0,0.6666306228373704,5,CB,8020贸易公司,上海
ALS-055ARN-24BHA-28BHA,68.0,0.9605638812450025,C,Lumpy,1.6666666666666667,0.5435229238754327,9,TEC,1030其他金属加工机械,浙江
SFC-080DA2-20B-35B,67.0,0.9606548385914373,C,Intermittent,2.142857142857143,0.4106334001633623,7,TEC,1520试验器,北京
SFC-050DA2-19B-24B,67.0,0.960745795937872,C,Erratic,1.25,0.8192146459021042,12,TEC,0920压出成型机,山东
ALS-080ARN-28BHA-32BKA,66.0,0.9608353957119721,C,Intermittent,3.0,0.1216712580348944,5,TEC,1010切削机械,广东
SFC-050DA2-16B-24B,65.0,0.9609236379137371,C,Intermittent,3.0,0.17751479289940827,5,TEC,1520试验器,天津
SFC-080SA2-30B-32B,65.0,0.9610118801155022,C,Lumpy,2.5,1.8793846153846152,6,TEC,1010切削机械,浙江
ELEMENT CF-B-080-H,65.0,0.9611001223172674,C,Intermittent,3.0,0.3402366863905325,5,CF,0840其他泵,北京
111-08-11G 24V 15JIS,64.0,0.9611870069466977,C,Intermittent,1.6666666666666667,0.081298828125,9,CB,1120晶片·基板加工装置,广东
SFC-080DA2-24B-35B,64.0,0.9612738915761279,C,Lumpy,1.5,2.008463541666666,10,TEC,1090其他机床,广东
SFF-100DS-40K-40K-450N,64.0,0.9613607762055582,C,Intermittent,1.875,0.40624999999999994,8,TEC,1090其他机床,上海
SFC-060DA2-20B-16BC,64.0,0.9614476608349884,C,Intermittent,3.75,0.015625,4,TEC,1010切削机械,浙江
ALS-065ARN-24BHA-24BHA,64.0,0.9615345454644187,C,Lumpy,2.142857142857143,0.5839029947916667,7,TEC,1090其他机床,江苏
SFC-050SA2-16B-17B,64.0,0.9616214300938489,C,Lumpy,2.142857142857143,0.552001953125,7,TEC,1190其他半导体关联装置,上海
SFC-050DA2-19B-22B,63.0,0.9617069571509443,C,Lumpy,1.5,1.1872567957224038,10,TEC,1510测试仪,广东
PSL-K-25-B,63.0,0.9617924842080399,C,Smooth,1.1538461538461537,0.22600151171579744,13,TEC,1090其他机床,北京
SRG-070AS-T008,63.0,0.9618780112651353,C,Intermittent,1.5,0.40340416001791646,10,TEC,1010切削机械,浙江
SFC-080SA2-28B-32B,63.0,0.9619635383222307,C,Lumpy,2.5,0.6231292517006801,6,TEC,1010切削机械,广东
SFC-050SA2-24B-25B,62.0,0.9620477078069912,C,Lumpy,1.5,0.4960110995490807,10,TEC,9099其他机械,上海
PSL-G-70,62.0,0.9621318772917518,C,Smooth,1.0714285714285714,0.4684223164972383,14,TEC,1090其他机床,北京
SFC-040SA2-12B-17B,62.0,0.9622160467765124,C,Lumpy,3.75,1.1474158862296218,4,TEC,8020贸易公司,上海
SFF-120DS-40K-45K-600N,62.0,0.9623002162612729,C,Intermittent,2.142857142857143,0.3927332639611516,7,TEC,1090其他机床,江苏
SFC-090SA2-30B-30B,62.0,0.9623843857460335,C,Intermittent,2.5,0.21977107180020816,6,TEC,1090其他机床,重庆
ALS-040ARN-15BHA-22BHA,62.0,0.9624685552307941,C,Lumpy,5.0,0.6118626430801248,3,TEC,1610印刷机械,北京
SFC-050SA2-16B-20B,61.0,0.9625513671432198,C,Intermittent,1.3636363636363635,0.4120935232464391,11,TEC,1590其他测试仪·实验器,江苏
"SFM-120SS-48KK-65K-600N-G2,5/15000",61.0,0.9626341790556455,C,Intermittent,1.6666666666666667,0.2708949207202366,9,TEC,1090其他机床,辽宁
SFC-035DA2-14B-14B,61.0,0.9627169909680713,C,Lumpy,1.875,0.9628748032402965,8,TEC,1190其他半导体关联装置,天津
SFC-050SA2-24B-24B,61.0,0.9627998028804969,C,Lumpy,3.0,3.0112872883633433,5,TEC,1140半导体检查装置,广东
SFF-080SS-25K-35KS,61.0,0.9628826147929227,C,Intermittent,3.0,0.13235689330825048,5,TEC,1010切削机械,浙江
ETP-T-19-C,61.0,0.9629654267053485,C,Lumpy,5.0,0.6780435366836871,3,TEC,1590其他测试仪·实验器,广东
ALS-080ARN-25BHA-42BHA,61.0,0.9630482386177741,C,Intermittent,3.75,0.3880677237301801,4,TEC,1020锻压·加工机械,山东
ALS-080ARN-40BHA-40BHA,61.0,0.9631310505301999,C,Lumpy,1.5,1.1433605064349488,10,TEC,1090其他机床,江苏
SFC-060SA2-18B-18B,61.0,0.9632138624426256,C,Intermittent,3.75,0.3880677237301801,4,TEC,1190其他半导体关联装置,上海
111-08-13G 24V,61.0,0.9632966743550513,C,Intermittent,1.3636363636363635,0.31453910239183,11,CB,1130半导体组装装置,北京
ELEMENT CF-B-100-H,61.0,0.963379486267477,C,Lumpy,5.0,1.1134103735554957,3,CF,0840其他泵,北京
ALS-030ARN-8BHA-8BHA,61.0,0.9634622981799028,C,Lumpy,3.75,1.010122726865538,4,TEC,,河南
SFC-010DA2-4.5B-6B,60.0,0.9635437525199937,C,Intermittent,2.142857142857143,0.0810185185185185,7,TEC,1130半导体组装装置,上海
CF-A-030-S0-1350,60.0,0.9636252068600846,C,Lumpy,15.0,,1,CF,8020贸易公司,江苏
TT-2X-03-16-15NM-P,60.0,0.9637066612001755,C,Intermittent,5.0,0.25,3,ME,1810食品机械,浙江
ALS-055ARN-22BHH-24BHH,60.0,0.9637881155402662,C,Intermittent,5.0,0.0,3,TEC,1020锻压·加工机械,江苏
SFC-060SA2-18B-16BC,60.0,0.9638695698803571,C,Lumpy,7.5,0.8888888888888888,2,TEC,,江苏
ALS-095ARN-40BHA-55BHA,60.0,0.963951024220448,C,Smooth,1.1538461538461537,0.17634259259259263,13,TEC,1090其他机床,福建
SFF-090DS-28K-35KS,60.0,0.9640324785605389,C,Intermittent,2.5,0.1,6,TEC,1010切削机械,江苏
AL-090,60.0,0.9641139329006297,C,Intermittent,5.0,0.25,3,TEC,2390其他纤维纺织机械,广东
P-98-MAT-19H,60.0,0.9641953872407206,C,Lumpy,15.0,,1,ME,1810食品机械,北京
MM-19K,60.0,0.9642768415808115,C,Lumpy,3.0,3.1493055555555562,5,TEC,1010切削机械,河南
SFS-05S-T070AA,60.0,0.9643582959209024,C,Intermittent,5.0,0.25,3,TEC,9099其他机械,上海
ALS-055ARN-T004,60.0,0.9644397502609933,C,Lumpy,15.0,,1,TEC,1090其他机床,广东
112-04-11 24V 10DIN,60.0,0.9645212046010841,C,Intermittent,7.5,0.0,2,CB,,上海
SFC-090DA2-35B-40B,60.0,0.964602658941175,C,Intermittent,1.875,0.47746031746031736,8,TEC,9099其他机械,江西
SFC-050SA2-14B-17B,60.0,0.9646841132812659,C,Lumpy,3.75,0.5185185185185185,4,TEC,1190其他半导体关联装置,上海
ALS-065ARN-25BHA-32BJA,60.0,0.9647655676213568,C,Lumpy,15.0,,1,TEC,1090其他机床,广东
PE-185-MAT-22-8H,60.0,0.9648470219614477,C,Intermittent,5.0,0.0,3,ME,9003木工机械,广东
SFF-120DS-42KJ-42KJ-600N,60.0,0.9649284763015386,C,Intermittent,5.0,0.0,3,TEC,1910包装机械,广东
SFF-100DS-38KK-48K,59.0,0.9650085730692946,C,Intermittent,7.5,0.0005745475438092502,2,TEC,1010切削机械,山东
SFC-080DA2-30B-32B,59.0,0.9650886698370506,C,Intermittent,1.875,0.25181598062954,8,TEC,1610印刷机械,上海
SFC-050SA2-20B-24B,59.0,0.9651687666048067,C,Lumpy,1.6666666666666667,1.7109307670209706,9,TEC,1190其他半导体关联装置,上海
SFC-060DA2-19B-19B,58.0,0.9652475058002278,C,Intermittent,5.0,0.1319857312722949,3,TEC,0920压出成型机,江苏
AK-140-MAT-19N,58.0,0.965326244995649,C,Lumpy,1.5,0.7319328841326463,10,ME,1910包装机械,北京
SFC-050DA2-10B-12B,58.0,0.9654049841910701,C,Lumpy,1.6666666666666667,1.0179845422116525,9,TEC,1090其他机床,辽宁
SFC-050DA2-16B-16B,58.0,0.9654837233864914,C,Intermittent,1.875,0.29216918634278916,8,TEC,1520试验器,北京
SFC-030DA2-12B-16K,58.0,0.9655624625819125,C,Lumpy,1.6666666666666667,0.7350624256837097,9,TEC,1130半导体组装装置,北京
SFC-080DA2-T090,57.0,0.9656398442049988,C,Intermittent,3.0,0.18313327177593103,5,TEC,1010切削机械,浙江
SFF-090SS-35K-35K,57.0,0.9657172258280852,C,Lumpy,1.875,0.7397440970848174,8,TEC,1010切削机械,浙江
SFC-030SA2-11BH-12BH,57.0,0.9657946074511715,C,Intermittent,2.142857142857143,0.21832358674463945,7,TEC,,辽宁
SFC-050SA2-20BH-20BH,57.0,0.9658719890742579,C,Intermittent,1.3636363636363635,0.3561711295783319,11,TEC,9010清洁机械,上海
SFC-060DA2-20BH-20BH,57.0,0.9659493706973442,C,Erratic,1.25,0.9277260135985899,12,TEC,1820医药品制造装置,上海
ETP-A-50-S,56.0,0.9660253947480957,C,Lumpy,3.75,2.9387755102040813,4,TEC,9092公司内部设备,上海
PSL-K-12,56.0,0.9661014187988471,C,Lumpy,3.75,2.9489795918367347,4,TEC,9099其他机械,北京
BXW-04-10S-24V-10,56.0,0.9661774428495986,C,Lumpy,3.75,2.77891156462585,4,CB,1590其他测试仪·实验器,广东
SFC-025DA2-13B-13B,56.0,0.9662534669003501,C,Intermittent,3.0,0.4081632653061226,5,TEC,1190其他半导体关联装置,江苏
ALS-080ARN-24BHA-24BHA,55.0,0.9663281333787668,C,Intermittent,5.0,0.024793388429752077,3,TEC,1090其他机床,福建
SFC-080SA2-25B-38K,55.0,0.9664027998571834,C,Lumpy,1.6666666666666667,1.0338842975206615,9,TEC,1010切削机械,浙江
SFC-035DA2-10B-12B,55.0,0.9664774663356,C,Intermittent,1.5,0.3911845730027549,10,TEC,1210直接驱动机器人,江苏
PSL-K-16-F,55.0,0.9665521328140166,C,Intermittent,5.0,0.47107438016528924,3,TEC,,江苏
SFC-010SA2-4B-5B,55.0,0.9666267992924333,C,Lumpy,1.6666666666666667,0.538512396694215,9,TEC,1510测试仪,浙江
ALS-065ARN-28BHA-38BKA,55.0,0.9667014657708499,C,Lumpy,5.0,1.0661157024793388,3,TEC,1090其他机床,云南
NSS 7.7.9,55.0,0.9667761322492666,C,Intermittent,3.75,0.29752066115702475,4,TEC,1640纸加工机械,安徽
ALS-080ARN-38BHA-38BKA,55.0,0.9668507987276832,C,Lumpy,2.5,1.020694214876033,6,TEC,1090其他机床,山东
SFF-090DS-38K-40K,55.0,0.9669254652060999,C,Lumpy,1.875,1.6408028335301066,8,TEC,1090其他机床,上海
ALS-065ARN-25BHA-32BKA,54.0,0.9669987741121816,C,Lumpy,2.142857142857143,0.732167352537723,7,TEC,1090其他机床,广东
PE-155-MAT-20H,54.0,0.9670720830182634,C,Intermittent,3.75,0.093278463648834,4,ME,9003木工机械,福建
ALS-080ARN-24BHA-32BKA,53.0,0.9671440343520104,C,Intermittent,3.0,0.3275186899252403,5,TEC,1010切削机械,广东
SFC-050DA2-18B-24B,53.0,0.9672159856857573,C,Lumpy,3.75,0.7798742138364778,4,TEC,1510测试仪,浙江
SFF-090DS-35K-35KS,53.0,0.9672879370195042,C,Lumpy,3.0,0.5010679957280171,5,TEC,1090其他机床,江苏
SFC-050SA2-15B-19B,53.0,0.9673598883532512,C,Lumpy,1.5,0.9180807721213559,10,TEC,1190其他半导体关联装置,广东
SFC-050SA2-16BH-20BH,53.0,0.9674318396869981,C,Intermittent,1.3636363636363635,0.47226771092915637,11,TEC,9010清洁机械,上海
SFF-080DS-22K-24KK,53.0,0.967503791020745,C,Intermittent,2.5,0.2943396226415094,6,TEC,,河南
SFC-040DA2-18B-19B,53.0,0.967575742354492,C,Lumpy,1.5,1.155413156125153,10,TEC,0920压出成型机,山东
SFF-090SS-35KK-38KK,53.0,0.967647693688239,C,Intermittent,1.3636363636363635,0.23965824136703456,11,TEC,1010切削机械,浙江
AL-110,52.0,0.967718287449651,C,Lumpy,2.5,0.5893491124260356,6,TEC,1590其他测试仪·实验器,广东
ALS-065-R-EL,52.0,0.9677888812110631,C,Lumpy,1.6666666666666667,0.5824704142011834,9,TEC,8020贸易公司,云南
SFC-030SA2-8B-9B,52.0,0.9678594749724753,C,Intermittent,1.875,0.4463229078613694,8,TEC,8020贸易公司,上海
PSL-K-25,52.0,0.9679300687338873,C,Lumpy,2.142857142857143,0.8447978303747532,7,TEC,9099其他机械,四川
SFC-035DA2-10B-10B,52.0,0.9680006624952994,C,Lumpy,3.75,3.2228796844181455,4,TEC,1190其他半导体关联装置,上海
ALS-030ARN-8BHA-12BHA,52.0,0.9680712562567115,C,Intermittent,3.75,0.35502958579881655,4,TEC,1190其他半导体关联装置,江苏
ALS-040ARN-13BHA-14BHA,52.0,0.9681418500181236,C,Intermittent,3.0,0.3772189349112426,5,TEC,1190其他半导体关联装置,江苏
SFC-030SA2-10B-14BH,52.0,0.9682124437795356,C,Lumpy,7.5,0.5798816568047337,2,TEC,1210直接驱动机器人,江苏
SRG-060AS-28K-35K,52.0,0.9682830375409478,C,Lumpy,5.0,1.9182692307692304,3,TEC,1010切削机械,上海
SFC-080SA2-25B-28B,51.0,0.968352273730025,C,Lumpy,3.0,0.857362552864283,5,TEC,1010切削机械,陕西
SFC-030SA2-10B-16B,51.0,0.9684215099191023,C,Intermittent,2.5,0.10380622837370242,6,TEC,1210直接驱动机器人,江苏
SFC-050SA2-22B-25B,51.0,0.9684907461081795,C,Intermittent,5.0,0.0934256055363322,3,TEC,1590其他测试仪·实验器,江苏
SFC-060SA2-15B-18B,51.0,0.9685599822972567,C,Lumpy,15.0,,1,TEC,0920压出成型机,山东
SFC-090DA2-35B-38K,51.0,0.968629218486334,C,Lumpy,2.5,0.8955017301038064,6,TEC,1010切削机械,浙江
SFM-140SS-T007N,51.0,0.9686984546754113,C,Lumpy,2.142857142857143,0.5319748814558504,7,TEC,1090其他机床,辽宁
SFC-035DA2-10B-19B,51.0,0.9687676908644884,C,Lumpy,1.5,0.806954590114913,10,TEC,1140半导体检查装置,广东
SFC-030SA2-T018,50.0,0.9688355694812308,C,Lumpy,15.0,,1,TEC,1090其他机床,山东
SFF-100DS-38K-40K,50.0,0.9689034480979732,C,Intermittent,1.875,0.25417142857142866,8,TEC,1010切削机械,河北
SFC-040SA2-12B-16B,50.0,0.9689713267147156,C,Lumpy,2.142857142857143,1.1069333333333333,7,TEC,1210直接驱动机器人,江苏
101-08-13N 24V 20JIS,50.0,0.969039205331458,C,Intermittent,5.0,0.11999999999999997,3,CB,9099其他机械,广东
ALS-065ARN-22BHA-28BHA,50.0,0.9691070839482004,C,Lumpy,2.5,1.0752000000000002,6,TEC,1090其他机床,浙江
ALS-055-Y-EL,50.0,0.9691749625649428,C,Lumpy,15.0,,1,TEC,,湖北
8IDGC-25G-T,50.0,0.9692428411816852,C,Lumpy,15.0,,1,ME,9099其他机械,上海
ALS-040AYN-16BHA-19BHA,50.0,0.9693107197984276,C,Lumpy,15.0,,1,TEC,9099其他机械,江苏
SFC-035SA2-10B-12.7B,50.0,0.96937859841517,C,Lumpy,15.0,,1,TEC,9099其他机械,广东
ETP-A-30,50.0,0.9694464770319124,C,Intermittent,5.0,0.11999999999999997,3,TEC,1190其他半导体关联装置,辽宁
SFC-040DA2-14K-18B L=62,50.0,0.9695143556486548,C,Lumpy,15.0,,1,TEC,1010切削机械,陕西
SD-53A-66-10-25L,50.0,0.9695822342653972,C,Intermittent,7.5,0.08,2,ME,1020锻压·加工机械,福建
BXW-03-10-09,50.0,0.9696501128821396,C,Lumpy,15.0,,1,CB,0140伺服电机,湖北
SFC-060SA2-25B-35B,50.0,0.969717991498882,C,Lumpy,2.5,1.2076799999999994,6,TEC,1190其他半导体关联装置,浙江
SFC-025DA2-13B-14B,49.0,0.9697845125432896,C,Lumpy,5.0,1.8604748021657642,3,TEC,1190其他半导体关联装置,江苏
SFC-090DA2-38K-38K,49.0,0.9698510335876971,C,Lumpy,2.5,0.6802165764264891,6,TEC,1090其他机床,上海
ETP-A-40,49.0,0.9699175546321047,C,Intermittent,5.0,0.15118700541441066,3,TEC,2130太阳光，太阳热发电装置,山东
CF-A-400-O0-1360,49.0,0.9699840756765122,C,Lumpy,2.142857142857143,0.5714285714285715,7,CF,8020贸易公司,江苏
SFC-050DA2-14B-19B,49.0,0.9700505967209198,C,Lumpy,1.3636363636363635,0.9007080383173676,11,TEC,9099其他机械,上海
TT-2X-03-18H-8NM-P,49.0,0.9701171177653274,C,Intermittent,3.0,0.11661807580174928,5,ME,1610印刷机械,江苏
CF-X-008-O2,49.0,0.9701836388097349,C,Lumpy,2.5,0.9201166180758018,6,CF,0820真空泵,广东
SFF-090DS-28K-38KK,49.0,0.9702501598541424,C,Lumpy,1.875,0.8182304991967632,8,TEC,1010切削机械,河南
SFF-060SS-19B-22B-60N,48.0,0.9703153233262152,C,Intermittent,2.142857142857143,0.3574942129629629,7,TEC,1090其他机床,浙江
YKB300-M5-LM(DLX5M),48.0,0.9703804867982878,C,Lumpy,15.0,,1,ME,1590其他测试仪·实验器,广东
125-10-12E,48.0,0.9704456502703606,C,Lumpy,1.875,1.8730158730158728,8,CB,,四川
SFC-090SA2-25B-38B,48.0,0.9705108137424332,C,Lumpy,7.5,1.6805555555555554,2,TEC,1010切削机械,浙江
YKB300-M5-LM(BMQX5M),48.0,0.970575977214506,C,Lumpy,15.0,,1,ME,1590其他测试仪·实验器,广东
SFC-090DA2-30B-38B,48.0,0.9706411406865786,C,Intermittent,1.6666666666666667,0.2900390625,9,TEC,1090其他机床,重庆
AL-100,48.0,0.9707063041586513,C,Lumpy,2.142857142857143,1.4066840277777777,7,TEC,0690其他陆空机械,北京
SFF-090SS-35K-35KS,47.0,0.9707701100583892,C,Lumpy,3.75,2.5755243700015087,4,TEC,1010切削机械,浙江
SFC-090DA2-38K-40K,47.0,0.9708339159581271,C,Lumpy,3.0,0.6711181530104119,5,TEC,1090其他机床,上海
SFC-060SA2-19B-22B,47.0,0.9708977218578649,C,Lumpy,1.875,1.410851710534825,8,TEC,0920压出成型机,山东
SFF-090DS-35KS-40K,47.0,0.9709615277576027,C,Intermittent,1.875,0.4009571234559917,8,TEC,1010切削机械,江苏
ALS-095ARN-35BHA-38BHA,46.0,0.9710239760850058,C,Lumpy,3.0,0.5871928166351608,5,TEC,1090其他机床,广东
SFC-090DA2-32B-32B,46.0,0.9710864244124088,C,Intermittent,2.142857142857143,0.3848456206679269,7,TEC,9099其他机械,浙江
SFC-090SA2-T041,46.0,0.9711488727398118,C,Lumpy,1.5,0.5797101449275364,10,TEC,1010切削机械,浙江
SFC-040SA2-18B-19B,46.0,0.9712113210672148,C,Lumpy,2.5,2.440831758034026,6,TEC,1590其他测试仪·实验器,上海
ETP-E-019-NH,45.0,0.971272411822283,C,Lumpy,7.5,1.502222222222222,2,TEC,9099其他机械,江苏
TT-1X-01-8-8-2NM,45.0,0.9713335025773511,C,Intermittent,7.5,0.2222222222222222,2,ME,1090其他机床,上海
ALS-055ARN-15BHA-22BHA,45.0,0.9713945933324193,C,Lumpy,1.875,0.7669841269841269,8,TEC,1090其他机床,江苏
SFC-005SA2-4B-5B,45.0,0.9714556840874874,C,Lumpy,5.0,0.5644444444444443,3,TEC,1510测试仪,浙江
SFC-050DA2-19B-25B,44.0,0.9715154172702207,C,Lumpy,1.3636363636363635,0.7249999999999999,11,TEC,1510测试仪,浙江
SFC-040SA2-18B-11BC,44.0,0.9715751504529541,C,Lumpy,1.5,0.5188246097337005,10,TEC,1090其他机床,浙江
SFF-080DS-22K-22K,44.0,0.9716348836356873,C,Lumpy,5.0,1.6053719008264469,3,TEC,,河南
CS-06-31N 24V R12DIN A12DIN,44.0,0.9716946168184206,C,Lumpy,1.5,2.033976124885215,10,CB,,江苏
SFS-10S-35M-35M,44.0,0.971754350001154,C,Intermittent,7.5,0.016528925619834715,2,TEC,1010切削机械,上海
SFC-050SA2-14B-22B,44.0,0.9718140831838873,C,Intermittent,2.5,0.347107438016529,6,TEC,1590其他测试仪·实验器,江苏
SFF-080SS-32K-35KS,44.0,0.9718738163666205,C,Lumpy,3.0,0.680526859504132,5,TEC,1010切削机械,辽宁
SFC-090DA2-25B-42B,44.0,0.9719335495493538,C,Intermittent,7.5,0.0,2,TEC,9002卷线·线材加工机械,广东
SFC-050SA2-11B-11BC,44.0,0.9719932827320872,C,Lumpy,1.6666666666666667,0.674070247933884,9,TEC,1090其他机床,浙江
SFF-120DS-40K-50K-600N,43.0,0.9720516583424856,C,Lumpy,3.0,0.7950243374797189,5,TEC,1090其他机床,福建
CF-A-001-O0-1360,43.0,0.9721100339528841,C,Lumpy,3.75,0.9886425094645754,4,CF,0840其他泵,北京
SRG-080DS-35KS-38KK,43.0,0.9721684095632825,C,Lumpy,5.0,0.9556517036235803,3,TEC,1090其他机床,河南
SFC-090SA2-38B-38B,43.0,0.972226785173681,C,Lumpy,3.0,0.6395348837209304,5,TEC,9099其他机械,江西
ALS-055ARN-20BHH-28BHH,43.0,0.9722851607840794,C,Lumpy,3.75,3.071209662880837,4,TEC,9004其他加工机械,宁夏
SRG-060AS-25K-35KS,43.0,0.9723435363944779,C,Intermittent,7.5,0.027041644131963225,2,TEC,1010切削机械,浙江
SFC-050SA2-10B-11B,42.0,0.9724005544325416,C,Lumpy,1.6666666666666667,0.7346938775510203,9,TEC,1090其他机床,浙江
SFC-050SA2-10B-16B,42.0,0.9724575724706052,C,Lumpy,2.5,0.563265306122449,6,TEC,1190其他半导体关联装置,广东
111-08-12G 24V 15JIS,42.0,0.9725145905086687,C,Lumpy,5.0,0.5255102040816326,3,CB,,上海
NSS 13.9.14,42.0,0.9725716085467324,C,Intermittent,3.75,0.009070294784580497,4,TEC,2320编织·编组机械,浙江
ETP-A-48,42.0,0.972628626584796,C,Lumpy,3.75,0.8798185941043082,4,TEC,,陕西
SFC-050SA2-T171,42.0,0.9726856446228597,C,Lumpy,15.0,,1,TEC,1090其他机床,辽宁
SFC-060DA2-24B-32B,42.0,0.9727426626609232,C,Lumpy,1.6666666666666667,0.7346938775510203,9,TEC,1090其他机床,浙江
CF-A-025-O0-1360,41.0,0.972798323126652,C,Lumpy,3.0,0.7986317668054732,5,CF,9092公司内部设备,天津
SFF-090DS-40K-40K,41.0,0.9728539835923807,C,Lumpy,1.5,1.1824971908255673,10,TEC,9099其他机械,江苏
ALS-055ABN-24BHA-25BHA,41.0,0.9729096440581095,C,Lumpy,7.5,1.8096371207614514,2,TEC,9099其他机械,福建
PE-155-MAT-18K,41.0,0.9729653045238383,C,Lumpy,2.142857142857143,2.3555423359111645,7,ME,1910包装机械,北京
SFC-060DA2-20B-20B,41.0,0.973020964989567,C,Lumpy,1.875,0.9185008923259964,8,TEC,1190其他半导体关联装置,上海
SFC-060DA2-20B-32B,41.0,0.9730766254552958,C,Lumpy,2.5,1.2628197501487208,6,TEC,1190其他半导体关联装置,上海
SFF-090DS-35K-35K,41.0,0.9731322859210246,C,Lumpy,1.875,0.6139202855443188,8,TEC,9099其他机械,江苏
SFC-040DA2-10B-12B,41.0,0.9731879463867533,C,Lumpy,3.75,1.6775728732897086,4,TEC,1190其他半导体关联装置,上海
SFF-120DS-35K-35K-600N,40.0,0.9732422492801472,C,Intermittent,5.0,0.18749999999999997,3,TEC,1090其他机床,江苏
SFF-100DS-38KK-42KK,40.0,0.9732965521735412,C,Lumpy,1.6666666666666667,0.7987499999999998,9,TEC,1910包装机械,河北
SFC-040SA2-12B-12B,40.0,0.9733508550669351,C,Lumpy,1.875,0.8342857142857142,8,TEC,1590其他测试仪·实验器,浙江
SFF-100SS-40B-48BK-450N,40.0,0.973405157960329,C,Intermittent,3.0,0.2421875,5,TEC,0920压出成型机,山东
SFF-060SS-17B-24B-60N,40.0,0.9734594608537229,C,Intermittent,5.0,0.328125,3,TEC,,广东
BXR-08-20-012-24V-30DIN,40.0,0.9735137637471168,C,Intermittent,3.75,0.0,4,CB,9090专用机械,北京
SFC-090DA2-32K-35B,40.0,0.9735680666405108,C,Lumpy,15.0,,1,TEC,1090其他机床,河南
PSL-K-24,40.0,0.9736223695339047,C,Lumpy,3.0,1.4609375,5,TEC,1090其他机床,天津
ETP-E-100-NH,40.0,0.9736766724272986,C,Lumpy,3.0,1.9921874999999998,5,TEC,9002卷线·线材加工机械,广东
ALS-095AYN-42BHA-55BHA,40.0,0.9737309753206925,C,Intermittent,3.0,0.265625,5,TEC,1090其他机床,重庆
125-06-12G,40.0,0.9737852782140864,C,Intermittent,2.5,0.29399999999999993,6,CB,9002卷线·线材加工机械,广东
SFF-100SS-40K-40KK,40.0,0.9738395811074804,C,Intermittent,2.5,0.3749999999999998,6,TEC,1010切削机械,浙江
111-08-12N 24V 20DIN,40.0,0.9738938840008743,C,Intermittent,3.75,0.0,4,CB,9092公司内部设备,北京
JK2 SC附属,40.0,0.9739481868942682,C,Intermittent,3.0,0.1171875,5,ME,9002卷线·线材加工机械,江苏
BXW-03-10-183,40.0,0.9740024897876621,C,Lumpy,15.0,,1,CB,0140伺服电机,浙江
ALS-065ARN-30BHA-38BHA,39.0,0.9740554351087212,C,Intermittent,3.0,0.3895463510848127,5,TEC,1090其他机床,江苏
SFC-060SA2-22B-22B,39.0,0.9741083804297802,C,Intermittent,2.142857142857143,0.44948498794652647,7,TEC,1190其他半导体关联装置,江苏
SFS-06W-15M-16C,39.0,0.9741613257508394,C,Lumpy,3.75,0.5636642559719482,4,TEC,,江苏
SFF-120DS-40K-40KK-600N,39.0,0.9742142710718984,C,Intermittent,3.0,0.17587113740959892,5,TEC,1010切削机械,浙江
ALS-040ARN-22BHA-24BKA,39.0,0.9742672163929574,C,Lumpy,2.142857142857143,0.6427788735481044,7,TEC,1030其他金属加工机械,安徽
SFC-060SA2-20B-20B,39.0,0.9743201617140165,C,Lumpy,1.875,0.6304123227200151,8,TEC,1510测试仪,湖南
SFF-120SS-40KK-55K-600N,39.0,0.9743731070350756,C,Lumpy,3.0,1.0716633793556871,5,TEC,1010切削机械,浙江
SFC-030SA2-6B-14B,39.0,0.9744260523561347,C,Lumpy,2.142857142857143,2.6401490247644097,7,TEC,1190其他半导体关联装置,天津
SFC-060DA2-19B-24B,39.0,0.9744789976771937,C,Lumpy,3.75,0.7109357878588648,4,TEC,8020贸易公司,陕西
SFC-050DA2-14B-17B,39.0,0.9745319429982529,C,Lumpy,2.142857142857143,0.84681130834977,7,TEC,1510测试仪,浙江
SFC-050DA2-14B-15B,39.0,0.9745848883193119,C,Lumpy,1.6666666666666667,1.1050295857988166,9,TEC,1090其他机床,浙江
102-05-35 24V R10MM A10MM,38.0,0.974636476068036,C,Lumpy,3.0,0.8535318559556787,5,CB,9099其他机械,江苏
ALS-065ARN-T014-28BHA-32BHA,38.0,0.9746880638167603,C,Lumpy,3.0,1.57202216066482,5,TEC,1090其他机床,福建
SFC-050DA2-15B-24B,38.0,0.9747396515654846,C,Lumpy,1.875,0.7566284131381087,8,TEC,1190其他半导体关联装置,广东
ALS-030ARN-12BHA-13BHA,38.0,0.9747912393142087,C,Lumpy,3.0,0.6371191135734073,5,TEC,1190其他半导体关联装置,江苏
SFC-030SA2-10B-12BH,38.0,0.974842827062933,C,Lumpy,1.6666666666666667,0.5718490304709141,9,TEC,1190其他半导体关联装置,江苏
SFC-080SA2-22B-35B,38.0,0.9748944148116572,C,Lumpy,2.5,0.9739612188365655,6,TEC,0920压出成型机,山东
AP-98-MAT-14H,38.0,0.9749460025603814,C,Erratic,1.1538461538461537,0.6527008310249308,13,ME,1910包装机械,上海
SFF-140DS-40KK-50K-800N,38.0,0.9749975903091056,C,Lumpy,2.5,0.5850415512465372,6,TEC,1010切削机械,山东
SFC-035SA2-8B-8B,38.0,0.9750491780578299,C,Intermittent,7.5,0.44875346260387805,2,TEC,1190其他半导体关联装置,天津
SFC-060DA2-18B-19B,38.0,0.9751007658065541,C,Lumpy,3.0,1.693213296398892,5,TEC,1190其他半导体关联装置,上海
TT-3-03-20H-20NM-P,38.0,0.9751523535552783,C,Intermittent,3.75,0.25484764542936283,4,ME,,江苏
AL-090 14H-18H,38.0,0.9752039413040026,C,Lumpy,15.0,,1,TEC,1820医药品制造装置,上海
SFC-100DA2-38K-40K,37.0,0.975254171480392,C,Lumpy,3.0,0.9368151935719503,5,TEC,1090其他机床,上海
SFC-035DA2-10B-14K,37.0,0.9753044016567812,C,Intermittent,2.142857142857143,0.19941563184806435,7,TEC,1590其他测试仪·实验器,江苏
ALS-055ARN-19BHA-25BHA,37.0,0.9753546318331706,C,Lumpy,5.0,0.8699780861943021,3,TEC,,吉林
SFC-040SA2-17B-19B,37.0,0.97540486200956,C,Lumpy,1.3636363636363635,1.5250547845142441,11,TEC,1190其他半导体关联装置,上海
SFC-060DA2-18B-24B,37.0,0.9754550921859494,C,Lumpy,5.0,1.7246165084002911,3,TEC,8020贸易公司,广东
SFC-060DA2-24B-30B,37.0,0.9755053223623388,C,Intermittent,2.5,0.3830533235938641,6,TEC,9099其他机械,上海
SFC-060SA2-19B-20B,37.0,0.9755555525387282,C,Lumpy,1.5,0.5527148770392014,10,TEC,1510测试仪,云南
SFS-12S 35H-35H,37.0,0.9756057827151176,C,Intermittent,1.875,0.31973286027340087,8,TEC,1010切削机械,广东
SFF-090SS-35K-40K,36.0,0.9756546553191721,C,Intermittent,2.5,0.32222222222222213,6,TEC,1010切削机械,广东
101-12-13N 24V 25JIS,36.0,0.9757035279232266,C,Intermittent,2.142857142857143,0.29526748971193406,7,CB,1640纸加工机械,天津
SFF-100DS-38KK-40K-450N,36.0,0.9757524005272811,C,Lumpy,15.0,,1,TEC,1090其他机床,北京
FR-D720S-0.4K-CHT,35.0,0.9757999155590008,C,Intermittent,5.0,0.061224489795918366,3,ME,1910包装机械,上海
SFC-080DA2-28B-28B,35.0,0.9758474305907204,C,Lumpy,7.5,1.0204081632653064,2,TEC,1190其他半导体关联装置,江苏
ALS-014ARN-5BHA-5BHA,35.0,0.9758949456224402,C,Intermittent,5.0,0.061224489795918366,3,TEC,,北京
PSL-D-20-C,35.0,0.9759424606541598,C,Lumpy,1.6666666666666667,0.6851020408163265,9,TEC,1820医药品制造装置,上海
PSL-D-25,35.0,0.9759899756858795,C,Intermittent,2.142857142857143,0.22666666666666668,7,TEC,1150半导体实装装置,江苏
SFS-05W-C-18H-18H,35.0,0.9760374907175992,C,Intermittent,5.0,0.42857142857142866,3,TEC,9099其他机械,江苏
111-12-13G 24V,35.0,0.9760850057493189,C,Lumpy,1.6666666666666667,0.850408163265306,9,CB,1910包装机械,浙江
ALS-055ARN-22BHA-28BHA,35.0,0.9761325207810385,C,Intermittent,1.875,0.43195335276967917,8,TEC,1010切削机械,浙江
ALS-030ARN-10BHA-12BHA,35.0,0.9761800358127581,C,Lumpy,7.5,1.3730612244897955,2,TEC,1190其他半导体关联装置,江苏
SFF-100DS-40K-40K,35.0,0.9762275508444779,C,Lumpy,5.0,0.7371428571428571,3,TEC,1090其他机床,云南
CF-A-250-O0-1360,34.0,0.9762737083038627,C,Lumpy,2.5,3.1349480968858123,6,CF,0810油压泵,天津
E41,34.0,0.9763198657632476,C,Intermittent,2.5,0.3197231833910034,6,ME,1610印刷机械,广东
SFC-020SA2-5B-5B,34.0,0.9763660232226323,C,Lumpy,5.0,0.5086505190311419,3,TEC,1510测试仪,浙江
SFC-090SA2-25B-35K,34.0,0.9764121806820172,C,Lumpy,3.75,0.8996539792387542,4,TEC,0920压出成型机,山东
SFC-050SA2-10B-19B,34.0,0.976458338141402,C,Lumpy,5.0,0.5086505190311419,3,TEC,9099其他机械,广东
111-06-13N 24V,34.0,0.9765044956007869,C,Intermittent,5.0,0.041522491349480974,3,CB,9099其他机械,广东
SFC-025DA2-13J-14B,34.0,0.9765506530601716,C,Lumpy,7.5,0.560553633217993,2,TEC,1190其他半导体关联装置,江苏
SFC-090DA2-28B-32B,34.0,0.9765968105195565,C,Intermittent,3.75,0.3737024221453288,4,TEC,1090其他机床,江苏
SFC-060DA2-22B-35B,34.0,0.9766429679789413,C,Lumpy,5.0,0.6332179930795847,3,TEC,1510测试仪,浙江
ALS-020ARN-6.35BHA-10BHA,34.0,0.9766891254383262,C,Lumpy,5.0,0.6332179930795847,3,TEC,1190其他半导体关联装置,江苏
SFC-030DA2-10B-11B,34.0,0.9767352828977109,C,Lumpy,1.875,1.1191300049431538,8,TEC,1190其他半导体关联装置,上海
SFF-070SS-20K-35K,34.0,0.9767814403570958,C,Lumpy,7.5,1.1695501730103803,2,TEC,9099其他机械,浙江
SFC-060DA2-17B-19B,33.0,0.9768262402441458,C,Lumpy,5.0,2.479338842975207,3,TEC,1190其他半导体关联装置,江苏
ETP-T-30,33.0,0.9768710401311957,C,Lumpy,3.0,1.3039485766758494,5,TEC,1610印刷机械,上海
ALS-065ARN-25BHA-38BHA,33.0,0.9769158400182457,C,Lumpy,2.5,0.8297520661157024,6,TEC,1090其他机床,江苏
SFS-14S 40H-40H,33.0,0.9769606399052958,C,Intermittent,2.142857142857143,0.3556779920416284,7,TEC,1010切削机械,广东
SFC-060SA2-14B-16B,33.0,0.9770054397923458,C,Lumpy,3.0,2.2337006427915513,5,TEC,1190其他半导体关联装置,上海
BXW-03-12L-24V-8,33.0,0.9770502396793957,C,Intermittent,3.75,0.22895622895622897,4,CB,1610印刷机械,上海
SFF-080SS-22B-35B-200N,33.0,0.9770950395664457,C,Intermittent,7.5,0.016528925619834704,2,TEC,,广东
ALS-055ARN-16BHA-24BKA,33.0,0.9771398394534957,C,Lumpy,15.0,,1,TEC,1090其他机床,广东
E42,33.0,0.9771846393405457,C,Intermittent,2.5,0.3008264462809917,6,ME,1610印刷机械,北京
SFC-050DA2-15BH-24BH,33.0,0.9772294392275956,C,Intermittent,3.0,0.30532598714416903,5,TEC,1290其他工业机器人,广东
SFC-040DA2-10B-10B,33.0,0.9772742391146456,C,Intermittent,2.142857142857143,0.07070707070707069,7,TEC,1610印刷机械,北京
ALS-080ARN-24BHA-30BHA,32.0,0.9773176814293607,C,Lumpy,15.0,,1,TEC,1010切削机械,江苏
SFC-080SA2-24B-32B,32.0,0.9773611237440759,C,Lumpy,2.5,0.5859374999999998,6,TEC,9099其他机械,上海
spider L-100,32.0,0.977404566058791,C,Intermittent,5.0,0.011718750000000005,3,TEC,0140伺服电机,广东
spider L-050,32.0,0.9774480083735062,C,Lumpy,7.5,1.53125,2,TEC,1190其他半导体关联装置,广东
111-08-12N 24V 14JIS,32.0,0.9774914506882213,C,Lumpy,5.0,2.4638671875000004,3,CB,0190其他电机,湖南
AP-86-MAT-14H,32.0,0.9775348930029364,C,Lumpy,2.5,1.0640625000000004,6,ME,,上海
SFF-100DS-35K-40KK,32.0,0.9775783353176516,C,Lumpy,3.75,1.375,4,TEC,1090其他机床,上海
MM-20K,32.0,0.9776217776323667,C,Intermittent,3.75,0.08333333333333333,4,TEC,1190其他半导体关联装置,广东
BXL-08-10G 24V 14DIN,32.0,0.9776652199470818,C,Intermittent,3.0,0.34912109375,5,CB,1610印刷机械,广东
111-08-11G 24V 15DIN,32.0,0.977708662261797,C,Intermittent,5.0,0.08203125,3,CB,1640纸加工机械,浙江
ALS-055ARN-19BHA-20BHA,32.0,0.9777521045765121,C,Lumpy,3.0,1.435546875,5,TEC,1090其他机床,浙江
SFC-040SA2-10BH-14BH,31.0,0.9777941893188924,C,Lumpy,3.0,0.9287200832466181,5,TEC,1820医药品制造装置,上海
ALS-065ARN-32BHA-38BHA,31.0,0.9778362740612727,C,Lumpy,7.5,1.7502601456815812,2,TEC,9099其他机械,安徽
SFF-120SS-40K-40K-600N,31.0,0.9778783588036529,C,Lumpy,5.0,1.548387096774193,3,TEC,1010切削机械,广东
SFF-140DS-40K-45K-800N,31.0,0.9779204435460332,C,Intermittent,3.75,0.33714880332986474,4,TEC,9099其他机械,江苏
ELEMENT CF-B-140-H,31.0,0.9779625282884136,C,Intermittent,5.0,0.2372528616024973,3,CF,0840其他泵,北京
PSL-G-60,31.0,0.9780046130307938,C,Lumpy,1.875,0.522075219265646,8,TEC,9099其他机械,四川
ALS-040ARN-T004,31.0,0.9780466977731741,C,Lumpy,7.5,1.7502601456815812,2,TEC,1090其他机床,广东
PE-185-MAT-25K-60KG,31.0,0.9780887825155544,C,Lumpy,7.5,1.7502601456815812,2,ME,9003木工机械,四川
112-05-13 24V,31.0,0.9781308672579346,C,Lumpy,7.5,1.7502601456815812,2,CB,1190其他半导体关联装置,北京
SFC-100DA2-40K-40K,31.0,0.978172952000315,C,Intermittent,3.75,0.11515782171349292,4,TEC,1090其他机床,上海
ETP-A-50,31.0,0.9782150367426953,C,Lumpy,5.0,0.8085327783558793,3,TEC,2130太阳光，太阳热发电装置,福建
SFF-080SS-25K-35K,31.0,0.9782571214850755,C,Lumpy,3.0,2.034339229968782,5,TEC,1010切削机械,浙江
ALS-080ARN-42BHA-42BHA,31.0,0.9782992062274558,C,Lumpy,5.0,0.6586888657648281,3,TEC,0390其他运输机械,浙江
RSE-15,31.0,0.9783412909698361,C,Intermittent,2.142857142857143,0.23551855705861952,7,TEC,,上海
111-06-12N 24V 12DIN,31.0,0.9783833757122163,C,Intermittent,3.75,0.1040582726326743,4,CB,9090专用机械,江苏
SFC-090SA2-25B-38K,31.0,0.9784254604545967,C,Intermittent,2.5,0.48574401664932365,6,TEC,0920压出成型机,山东
SFC-040DA2-18J-20B,30.0,0.9784661876246421,C,Intermittent,5.0,0.48,3,TEC,1190其他半导体关联装置,江苏
SFF-120DS-38K-40K-600N,30.0,0.9785069147946875,C,Intermittent,5.0,0.0,3,TEC,9099其他机械,江苏
SFC-040SA2-12B-19BH,30.0,0.978547641964733,C,Lumpy,15.0,,1,TEC,1210直接驱动机器人,江苏
BXW-01-10H-24V-6,30.0,0.9785883691347784,C,Lumpy,3.0,1.0833333333333333,5,CB,9099其他机械,上海
SFC-090DA2-28B-38K,30.0,0.9786290963048239,C,Lumpy,15.0,,1,TEC,1010切削机械,浙江
SD-53B-16R,30.0,0.9786698234748693,C,Lumpy,15.0,,1,ME,1020锻压·加工机械,福建
ALS-080ARN-40BHA-45BHA,30.0,0.9787105506449147,C,Lumpy,15.0,,1,TEC,1090其他机床,云南
CF-A-090-O0-1350,30.0,0.9787512778149602,C,Intermittent,7.5,0.2222222222222222,2,CF,8020贸易公司,江苏
CF-A-090-S0-1350,30.0,0.9787920049850056,C,Intermittent,7.5,0.2222222222222222,2,CF,8020贸易公司,江苏
BEM-A-72,30.0,0.9788327321550511,C,Intermittent,7.5,0.2222222222222222,2,CB,2390其他纤维纺织机械,浙江
ALS-055ARN-15BHA-25BHA,30.0,0.9788734593250965,C,Lumpy,15.0,,1,TEC,,上海
Rotor Hub Set BXW-04-10 10∮,30.0,0.978914186495142,C,Intermittent,7.5,0.2222222222222222,2,CB,1590其他测试仪·实验器,河北
E-CF-H-045,30.0,0.9789549136651874,C,Intermittent,7.5,0.2222222222222222,2,CF,8020贸易公司,江苏
ALS-055ARN-20BHA-29BHA,30.0,0.9789956408352328,C,Lumpy,3.75,0.634074074074074,4,TEC,,河南
SFC-060SA2-14B-20B,30.0,0.9790363680052783,C,Smooth,1.25,0.3345454545454545,12,TEC,1190其他半导体关联装置,上海
ALS-055ARN-18BHH-18BHH,30.0,0.9790770951753237,C,Intermittent,7.5,0.2222222222222222,2,TEC,1210直接驱动机器人,江苏
SFC-050DA2-22B-24K,30.0,0.9791178223453691,C,Lumpy,15.0,,1,TEC,1190其他半导体关联装置,江苏
111-10-11N 24V 25JIS,30.0,0.9791585495154146,C,Intermittent,3.0,0.40277777777777785,5,CB,,上海
SFF-100DS-42KJ-55KM,30.0,0.97919927668546,C,Lumpy,15.0,,1,TEC,1910包装机械,河北
ED01-45*52,30.0,0.9792400038555055,C,Lumpy,15.0,,1,ME,1090其他机床,云南
ETP-E-050-NH,30.0,0.9792807310255509,C,Lumpy,3.75,0.7170370370370371,4,TEC,1590其他测试仪·实验器,河南
CF-A-400-S0-1360,30.0,0.9793214581955964,C,Lumpy,2.5,2.032,6,CF,8020贸易公司,江苏
SFF-100DS-35KK-40KK,30.0,0.9793621853656418,C,Intermittent,7.5,0.2222222222222222,2,TEC,1090其他机床,江苏
CF-X-001-O0,30.0,0.9794029125356872,C,Intermittent,7.5,0.2222222222222222,2,CF,9099其他机械,天津
SFC-040SA2-15B-22B,30.0,0.9794436397057327,C,Lumpy,15.0,,1,TEC,1410医疗装置,辽宁
ALS-065ARN-22BHA-32BHA,30.0,0.9794843668757781,C,Intermittent,1.875,0.4215873015873016,8,TEC,1090其他机床,江苏
ALS-080ARN-26BHA-38BKA,30.0,0.9795250940458234,C,Intermittent,7.5,0.2222222222222222,2,TEC,,浙江
101-08-13G 24V 15JIS,30.0,0.9795658212158689,C,Intermittent,5.0,0.0,3,CB,1610印刷机械,广东
 ETP-E-055-NK,30.0,0.9796065483859143,C,Intermittent,7.5,0.2222222222222222,2,TEC,9099其他机械,广东
ETP-T-40,29.0,0.979645917983625,C,Lumpy,3.0,3.082639714625445,5,TEC,9092公司内部设备,北京
ALS-065ARN-18BHH-28BHH,29.0,0.9796852875813356,C,Intermittent,3.75,0.22037257233452237,4,TEC,0460水泥机械,山东
ELEMENT CF-B-070-H,29.0,0.9797246571790461,C,Intermittent,3.75,0.19500594530321044,4,CF,0840其他泵,北京
PSL-D-20,29.0,0.9797640267767568,C,Intermittent,2.142857142857143,0.39674990091161316,7,TEC,9099其他机械,江苏
SFC-010DA2-5B-8B  L=32,29.0,0.9798033963744673,C,Lumpy,3.75,1.0701545778834722,4,TEC,1010切削机械,江苏
ALS-095ARN-40BHA-45BHA,29.0,0.9798427659721779,C,Lumpy,1.875,0.6074401223033803,8,TEC,1090其他机床,福建
CF-A-200-SO-1360,29.0,0.9798821355698885,C,Lumpy,2.142857142857143,0.8628616726119697,7,CF,9090专用机械,天津
AP-124-MAT-19H,29.0,0.9799215051675991,C,Intermittent,1.6666666666666667,0.2354340071343639,9,ME,1910包装机械,上海
SFC-090DA2-32B-38K,29.0,0.9799608747653097,C,Intermittent,3.0,0.21403091557669446,5,TEC,1010切削机械,江苏
CF-A-140-S0-1360,28.0,0.9799988867906855,C,Lumpy,3.75,0.585034013605442,4,CF,1010切削机械,河北
SFC-025DA2-13B-13J,28.0,0.9800368988160612,C,Intermittent,3.0,0.4081632653061226,5,TEC,1190其他半导体关联装置,江苏
AK-185-MAT-28N,28.0,0.9800749108414369,C,Lumpy,1.5,0.8730158730158732,10,ME,1590其他测试仪·实验器,广东
MM-8K,28.0,0.9801129228668126,C,Intermittent,7.5,0.163265306122449,2,TEC,,江苏
SFC-080DA2-28B-32K,28.0,0.9801509348921884,C,Lumpy,2.5,1.2795918367346935,6,TEC,1090其他机床,福建
SFC-060SA2-23B-24B,28.0,0.9801889469175641,C,Intermittent,3.75,0.2993197278911565,4,TEC,,陕西
SFC-060SA2-22B-35B,28.0,0.9802269589429399,C,Lumpy,3.0,0.5357142857142859,5,TEC,1910包装机械,上海
SFC-060SA2-24B-24B,28.0,0.9802649709683157,C,Intermittent,1.6666666666666667,0.37308673469387765,9,TEC,1190其他半导体关联装置,上海
CS-10-35N 24V R20DIN A20DIN,28.0,0.9803029829936913,C,Intermittent,2.5,0.1224489795918367,6,CB,1090其他机床,北京
SFC-060DA2-24BH-30B,28.0,0.9803409950190671,C,Intermittent,7.5,0.3673469387755101,2,TEC,,安徽
AP-98-MA-18,28.0,0.9803790070444428,C,Intermittent,7.5,0.3673469387755101,2,ME,1610印刷机械,浙江
ALS-065ARN-32BKA-35BHA,28.0,0.9804170190698186,C,Lumpy,5.0,0.9795918367346941,3,TEC,1010切削机械,浙江
101-08-13N 24V 17JIS,28.0,0.9804550310951944,C,Intermittent,7.5,0.3673469387755101,2,CB,1610印刷机械,河北
SFC-050SA2-19B-24B,28.0,0.9804930431205701,C,Intermittent,2.5,0.4163265306122448,6,TEC,1190其他半导体关联装置,上海
SFC-080SA2-25B-28J,28.0,0.9805310551459459,C,Intermittent,5.0,0.06122448979591838,3,TEC,0920压出成型机,山东
SFC-080DA2-25B-32B,27.0,0.9805677095989868,C,Intermittent,3.75,0.34202103337905815,4,TEC,1190其他半导体关联装置,江苏
ALS-095-R-EL,27.0,0.9806043640520276,C,Intermittent,3.0,0.3703703703703704,5,TEC,1910包装机械,浙江
SFC-035DA2-8B-16B,27.0,0.9806410185050685,C,Intermittent,2.142857142857143,0.39048925468678564,7,TEC,8020贸易公司,上海
SFF-100DS-35K-38KK,27.0,0.9806776729581094,C,Intermittent,2.5,0.31111111111111117,6,TEC,1010切削机械,江苏
SFH-170S-60K-65K海外,27.0,0.9807143274111503,C,Intermittent,3.75,0.283493369913123,4,TEC,1610印刷机械,广东
SFC-060SA2-14K-25.4B,27.0,0.9807509818641912,C,Intermittent,7.5,0.024691358024691353,2,TEC,1590其他测试仪·实验器,广东
111-10-11N 24V 20JIS,27.0,0.9807876363172321,C,Intermittent,1.875,0.19909856946893986,8,CB,9092公司内部设备,河北
SFC-020DA2-8B-8B L=30,27.0,0.980824290770273,C,Lumpy,3.75,1.0589849108367626,4,TEC,1090其他机床,浙江
SFC-030SA2-8B-12B,27.0,0.9808609452233139,C,Intermittent,3.75,0.23959762231367168,4,TEC,1190其他半导体关联装置,江苏
101-10-11N 24V R20JIS A20JIS,26.0,0.9808962421040199,C,Intermittent,2.142857142857143,0.11390532544378697,7,CB,9092公司内部设备,河北
SFC-040DA2-18B-20B,26.0,0.980931538984726,C,Intermittent,3.0,0.3402366863905325,5,TEC,1190其他半导体关联装置,江苏
ALS-065ARN-T016-20BHA-24BHA,26.0,0.980966835865432,C,Lumpy,7.5,0.5798816568047337,2,TEC,1090其他机床,云南
SFC-050DA2-22B-28B,26.0,0.981002132746138,C,Lumpy,5.0,1.788461538461539,3,TEC,1010切削机械,江苏
SFC-060DA2-15BH-16BH,26.0,0.981037429626844,C,Lumpy,15.0,,1,TEC,1190其他半导体关联装置,上海
SFC-010SA2-6B-8B,26.0,0.9810727265075502,C,Intermittent,2.5,0.29112426035502964,6,TEC,1190其他半导体关联装置,上海
MM-35K,26.0,0.9811080233882562,C,Intermittent,3.0,0.39571005917159746,5,TEC,1640纸加工机械,天津
P-98-MA-15,26.0,0.9811433202689622,C,Lumpy,5.0,0.6701183431952664,3,ME,1910包装机械,上海
SFC-090SA2-32K-35B,26.0,0.9811786171496683,C,Intermittent,1.6666666666666667,0.13313609467455625,9,TEC,0920压出成型机,山东
ALS-065ARN-22BHA-25BHA,26.0,0.9812139140303743,C,Intermittent,2.142857142857143,0.18639053254437862,7,TEC,1020锻压·加工机械,山东
PE-155-MAT-18H,26.0,0.9812492109110804,C,Lumpy,2.142857142857143,0.5729783037475344,7,ME,1910包装机械,北京
SFF-090DS-32KK-42K,26.0,0.9812845077917864,C,Lumpy,2.5,0.5680473372781066,6,TEC,,浙江
SFC-050SA2-15B-16B,26.0,0.9813198046724925,C,Lumpy,5.0,1.2958579881656804,3,TEC,1590其他测试仪·实验器,广东
PSL-D-10,26.0,0.9813551015531985,C,Intermittent,5.0,0.23076923076923078,3,TEC,1190其他半导体关联装置,上海
SY15D0A530C3002-24V,25.0,0.9813890408615698,C,Intermittent,7.5,0.08,2,ME,1120晶片·基板加工装置,江苏
SFC-050DA2-20B-20B,25.0,0.9814229801699409,C,Intermittent,3.75,0.3648,4,TEC,1190其他半导体关联装置,江苏
SFC-010SA2-4.5B-8B,25.0,0.9814569194783122,C,Lumpy,2.5,0.5625599999999998,6,TEC,1190其他半导体关联装置,江苏
SFF-120DS-55KJ-55KJ-600N,25.0,0.9814908587866833,C,Lumpy,7.5,0.72,2,TEC,1910包装机械,广东
SFC-040DA2-11B-16B,25.0,0.9815247980950546,C,Intermittent,3.0,0.32,5,TEC,1010切削机械,山东
SFM-120SS-48B-50B-600N-G2.5/10000,25.0,0.9815587374034257,C,Intermittent,5.0,0.47999999999999987,3,TEC,1090其他机床,浙江
SFC-080DA2-T012,25.0,0.9815926767117968,C,Intermittent,7.5,0.08,2,TEC,1030其他金属加工机械,湖北
SFC-030SA2-8B-14B,25.0,0.9816266160201681,C,Lumpy,1.5,0.7199999999999998,10,TEC,1190其他半导体关联装置,上海
SFC-080DA2-22B-32K,25.0,0.9816605553285392,C,Lumpy,1.875,0.6272,8,TEC,1030其他金属加工机械,安徽
ALS-030ARN-10BHA-10BHA,25.0,0.9816944946369105,C,Intermittent,5.0,0.47999999999999987,3,TEC,,江苏
SFC-050DA2-11B-19B,25.0,0.9817284339452816,C,Lumpy,1.6666666666666667,1.0620000000000003,9,TEC,1140半导体检查装置,广东
ALS-065ARN-24BHA-30BHA,25.0,0.9817623732536529,C,Intermittent,7.5,0.08,2,TEC,1090其他机床,福建
CS-06-31N 24V R12JIS A12JIS,25.0,0.981796312562024,C,Intermittent,5.0,0.20639999999999994,3,CB,,江苏
SFC-020DA2-4.5B-8B,25.0,0.9818302518703953,C,Lumpy,5.0,1.5023999999999997,3,TEC,1610印刷机械,广东
SFC-060DA-T032,25.0,0.9818641911787664,C,Intermittent,7.5,0.08,2,TEC,1030其他金属加工机械,湖北
SY25D00330M4005-48V-HD,25.0,0.9818981304871377,C,Lumpy,7.5,0.5408,2,ME,1590其他测试仪·实验器,广东
CS-08-31G 24V R15DIN A15DIN,25.0,0.9819320697955088,C,Lumpy,3.0,0.5599999999999999,5,CB,1490其他医疗器械,广东
SFC-060DA2-24B-26B,25.0,0.9819660091038801,C,Intermittent,3.75,0.43306666666666666,4,TEC,,陕西
SFF-090SS-32K-35K-300N,25.0,0.9819999484122512,C,Intermittent,7.5,0.08,2,TEC,1090其他机床,浙江
1922V443S,25.0,0.9820338877206225,C,Lumpy,15.0,,1,ME,1030其他金属加工机械,江苏
101-12-13N 24V 30DIN,24.0,0.9820664694566589,C,Lumpy,3.0,1.4192708333333335,5,CB,1640纸加工机械,江苏
SFC-050SA2-17B-24BH,24.0,0.9820990511926951,C,Lumpy,3.75,0.7592592592592593,4,TEC,1210直接驱动机器人,江苏
PSL-G-30-C,24.0,0.9821316329287315,C,Intermittent,3.75,0.3703703703703704,4,TEC,,江苏
SFC-050SA2-16B-16BC,24.0,0.9821642146647679,C,Intermittent,7.5,0.22222222222222227,2,TEC,1190其他半导体关联装置,上海
YKB300-M5-LM(DLX8M),24.0,0.9821967964008043,C,Lumpy,15.0,,1,ME,1590其他测试仪·实验器,广东
SFC-035SA2-10B-19B,24.0,0.9822293781368405,C,Intermittent,2.5,0.25,6,TEC,9099其他机械,广东
YKB300-M5-LM(BMQX8M),24.0,0.9822619598728769,C,Lumpy,15.0,,1,ME,1590其他测试仪·实验器,广东
SFC-060SA2-18B-19B,24.0,0.9822945416089133,C,Intermittent,2.142857142857143,0.3362268518518519,7,TEC,0190其他电机,广东
YKB300-01A005ES000B,24.0,0.9823271233449496,C,Intermittent,7.5,0.055555555555555566,2,ME,1120晶片·基板加工装置,江苏
SFF-100SS-32K-35KS-450N,24.0,0.982359705080986,C,Intermittent,7.5,0.0,2,TEC,1010切削机械,辽宁
SFC-060SA2-25B-25B,24.0,0.9823922868170223,C,Lumpy,2.5,0.675,6,TEC,1590其他测试仪·实验器,北京
SFF-080SS-30K-35K,24.0,0.9824248685530587,C,Lumpy,7.5,0.4999999999999999,2,TEC,9009制铁机械,江苏
SFF-080SS-28K-35KK,24.0,0.982457450289095,C,Intermittent,7.5,0.0,2,TEC,9004其他加工机械,广东
SFF-100DS-40K-50K,24.0,0.9824900320251314,C,Lumpy,7.5,0.4999999999999999,2,TEC,,江苏
ETP-T-40-C,24.0,0.9825226137611678,C,Lumpy,15.0,,1,TEC,9099其他机械,江苏
SFC-040SA2-11B-15B,24.0,0.982555195497204,C,Lumpy,1.6666666666666667,1.44140625,9,TEC,,云南
SFC-040SA2-14BH-19BH,24.0,0.9825877772332404,C,Intermittent,5.0,0.43750000000000006,3,TEC,,江苏
9PBK18BH,24.0,0.9826203589692768,C,Lumpy,15.0,,1,ME,9099其他机械,广西
9IDGK-90FP-T,24.0,0.9826529407053132,C,Lumpy,15.0,,1,ME,9099其他机械,广西
SFF-090DS-32K-38K,24.0,0.9826855224413494,C,Lumpy,5.0,1.6875,3,TEC,1010切削机械,浙江
ETP-A-35,24.0,0.9827181041773858,C,Lumpy,2.5,0.775,6,TEC,2130太阳光，太阳热发电装置,山东
ALS-080ARN-24BHA-32BHA,23.0,0.9827493283410873,C,Lumpy,15.0,,1,TEC,1010切削机械,江苏
SFF-070SS-20K-24K,23.0,0.9827805525047888,C,Lumpy,7.5,1.092627599243856,2,TEC,9099其他机械,江苏
SFC-080DA2-T091,23.0,0.9828117766684903,C,Lumpy,2.5,0.6646502835538751,6,TEC,1010切削机械,浙江
SFF-090DS-38K-42KK,23.0,0.9828430008321919,C,Intermittent,2.5,0.20189035916824194,6,TEC,9004其他加工机械,广东
SFC-080DA2-22B-25B,23.0,0.9828742249958934,C,Lumpy,3.75,0.4914933837429111,4,TEC,1820医药品制造装置,上海
SFC-100DA2-40B-42B,23.0,0.9829054491595949,C,Intermittent,2.142857142857143,0.26906112161310647,7,TEC,1090其他机床,重庆
SFC-050SA2-18B-22B,23.0,0.9829366733232964,C,Intermittent,3.75,0.4511657214870825,4,TEC,1590其他测试仪·实验器,江苏
SFC-100DA2-35B-40B,23.0,0.9829678974869979,C,Lumpy,2.5,0.664650283553875,6,TEC,1090其他机床,广东
SFC-050DA2-12B-24B,23.0,0.9829991216506994,C,Intermittent,2.142857142857143,0.3925645872715818,7,TEC,9099其他机械,广东
SFC-060SA2-30B-30B,23.0,0.9830303458144009,C,Lumpy,5.0,0.8903591682419656,3,TEC,1190其他半导体关联装置,上海
CS-12-35G 24V R25JIS A25JIS,23.0,0.9830615699781023,C,Intermittent,2.142857142857143,0.3925645872715818,7,CB,,上海
SFC-040DA2-14B-14B,23.0,0.9830927941418038,C,Intermittent,2.5,0.12022684310018904,6,TEC,1590其他测试仪·实验器,江苏
SD-53A-66-12-25L,23.0,0.9831240183055053,C,Intermittent,7.5,0.03402646502835538,2,ME,,福建
SFC-090DA2-30B-40B,23.0,0.9831552424692068,C,Intermittent,2.5,0.22911153119092623,6,TEC,9099其他机械,江苏
SFC-035SA2-15B-15B,23.0,0.9831864666329083,C,Lumpy,3.0,0.6285444234404539,5,TEC,9099其他机械,广东
111-10-11N 24V 20DIN,23.0,0.9832176907966099,C,Intermittent,2.5,0.0657844990548204,6,CB,9010清洁机械,上海
ALS-105ARN-45BHA-55BHA,23.0,0.9832489149603114,C,Lumpy,2.5,0.5829867674858221,6,TEC,1510测试仪,天津
ALS-065ARN-17BHA-19BHA,22.0,0.983278781551678,C,Lumpy,7.5,1.3388429752066118,2,TEC,1010切削机械,陕西
spider L-090,22.0,0.9833086481430446,C,Lumpy,3.75,0.8925619834710745,4,TEC,1610印刷机械,天津
ALS-065ARN-20BHA-20BHA,22.0,0.9833385147344114,C,Lumpy,7.5,1.3388429752066118,2,TEC,0810油压泵,天津
SFC-050SA2-T172,22.0,0.983368381325778,C,Lumpy,15.0,,1,TEC,1090其他机床,辽宁
SFC-040DA2-19B-19B,22.0,0.9833982479171447,C,Intermittent,2.5,0.16859504132231407,6,TEC,1140半导体检查装置,江苏
SFC-050DA2-24B-24K,22.0,0.9834281145085113,C,Lumpy,2.5,1.5966942148760337,6,TEC,1190其他半导体关联装置,江苏
101-06-13N 24V 15DIN,22.0,0.9834579810998779,C,Lumpy,3.75,0.7162534435261709,4,CB,1640纸加工机械,天津
spider L-070,22.0,0.9834878476912446,C,Lumpy,7.5,1.3388429752066118,2,TEC,,广东
SFC-035DA2-8B-12B,22.0,0.9835177142826113,C,Intermittent,7.5,0.41322314049586784,2,TEC,1590其他测试仪·实验器,江苏
SRG-060AS-25K-35K,22.0,0.9835475808739779,C,Lumpy,7.5,1.3388429752066118,2,TEC,1010切削机械,上海
SFC-010SA2-8B-8B,22.0,0.9835774474653446,C,Intermittent,2.142857142857143,0.4869146005509641,7,TEC,1190其他半导体关联装置,上海
102-03-33 24V 6MM,22.0,0.9836073140567112,C,Lumpy,7.5,1.3388429752066118,2,CB,,江苏
SFF-100DS-35K-40K,22.0,0.9836371806480779,C,Lumpy,3.0,0.5836776859504131,5,TEC,1090其他机床,云南
CYT-04-33B 24V 10MM,22.0,0.9836670472394445,C,Lumpy,2.5,0.7933884297520661,6,CB,1320医疗·看护·福祉用机器人,广东
CS-08-35N 24V R15DIN A15DIN,22.0,0.9836969138308111,C,Lumpy,3.0,0.6095041322314049,5,CB,0990其他橡胶塑料加工机械,天津
ALS-030ARN-10BHA-11BHA,22.0,0.9837267804221779,C,Lumpy,7.5,1.3388429752066118,2,TEC,1090其他机床,广东
SFC-090DA2-40B-42B,22.0,0.9837566470135445,C,Intermittent,2.5,0.10909090909090913,6,TEC,1090其他机床,重庆
SFF-100DS-40B-40B-450N,22.0,0.9837865136049112,C,Intermittent,5.0,0.11776859504132231,3,TEC,1090其他机床,云南
SFC-080DA2-25B-32K,22.0,0.9838163801962778,C,Intermittent,5.0,0.32231404958677695,3,TEC,1090其他机床,广东
SFF-090SS-28K-35KS,22.0,0.9838462467876444,C,Lumpy,7.5,1.3388429752066118,2,TEC,1010切削机械,山东
ALS-055ARN-17BHA-24BHA,22.0,0.9838761133790112,C,Lumpy,5.0,2.237603305785125,3,TEC,1090其他机床,广东
SFC-090SA2-32B-32B,22.0,0.9839059799703778,C,Lumpy,5.0,0.6198347107438017,3,TEC,,辽宁
SFC-090DA2-25B-35B,22.0,0.9839358465617444,C,Intermittent,1.6666666666666667,0.4648760330578512,9,TEC,9099其他机械,山东
SFC-035DA2-15B-15B,21.0,0.9839643555807762,C,Lumpy,3.0,1.4569160997732427,5,TEC,1190其他半导体关联装置,上海
SFF-120DS-40KJ-40KJ-600N,21.0,0.9839928645998081,C,Lumpy,3.0,2.080498866213152,5,TEC,1910包装机械,广东
SFC-040DA2-16BH-16BH,21.0,0.9840213736188399,C,Lumpy,7.5,1.310657596371882,2,TEC,1220多轴机器人,上海
SFC-040DA2-15B-18B,21.0,0.9840498826378716,C,Intermittent,3.75,0.39606953892668173,4,TEC,,北京
ALS-080ARN-40BKA-45BHA,21.0,0.9840783916569035,C,Lumpy,15.0,,1,TEC,1010切削机械,辽宁
SFC-020DA2-6B-6B,21.0,0.9841069006759353,C,Intermittent,1.6666666666666667,0.2755102040816326,9,TEC,8020贸易公司,上海
SFF-080SS-24KK-32KK,21.0,0.984135409694967,C,Intermittent,7.5,0.00453514739229025,2,TEC,,陕西
SFF-090SS-35K-38K,21.0,0.9841639187139989,C,Lumpy,7.5,1.63718820861678,2,TEC,1010切削机械,广东
SFF-090DS-28K-35K,21.0,0.9841924277330307,C,Intermittent,2.5,0.38367346938775504,6,TEC,1090其他机床,河南
SFC-060SA2-15B-20B,21.0,0.9842209367520625,C,Intermittent,3.75,0.25094482237339377,4,TEC,1190其他半导体关联装置,广东
SFF-090DS-35K-38K,21.0,0.9842494457710943,C,Lumpy,2.142857142857143,1.1851851851851851,7,TEC,1090其他机床,上海
111-08-11N 24V 17JIS,21.0,0.9842779547901261,C,Lumpy,7.5,1.63718820861678,2,CB,1610印刷机械,河北
SFM-120SS-38KK-55K-600N-G2.5/15000,21.0,0.9843064638091579,C,Intermittent,3.0,0.18140589569161006,5,TEC,1090其他机床,辽宁
CF-B-080-H,21.0,0.9843349728281897,C,Intermittent,3.75,0.1783824640967498,4,CF,9092公司内部设备,天津
SFC-025SA2-10B-11B,21.0,0.9843634818472216,C,Intermittent,3.75,0.4686318972033258,4,TEC,1190其他半导体关联装置,天津
SFC-050DA2-10B-14B,21.0,0.9843919908662533,C,Lumpy,3.0,0.6349206349206349,5,TEC,1190其他半导体关联装置,上海
ETP-E-032-NH,21.0,0.9844204998852851,C,Intermittent,5.0,0.14285714285714288,3,TEC,9002卷线·线材加工机械,广东
121-10-20G,21.0,0.984449008904317,C,Intermittent,5.0,0.061224489795918366,3,CB,9010清洁机械,上海
ALS-040ARN-14BHH-14BHH,21.0,0.9844775179233487,C,Intermittent,2.5,0.4163265306122448,6,TEC,1210直接驱动机器人,江苏
BXW-03-10R-24V-11,21.0,0.9845060269423805,C,Lumpy,5.0,1.2448979591836733,3,CB,1590其他测试仪·实验器,广东
SFF-120DS-48B-48B-600N,20.0,0.9845331783890775,C,Intermittent,5.0,0.18749999999999997,3,TEC,1010切削机械,浙江
SFC-030SA2-5B-6.35B,20.0,0.9845603298357745,C,Lumpy,15.0,,1,TEC,8020贸易公司,上海
SFC-030SA2-5B-6B,20.0,0.9845874812824714,C,Lumpy,15.0,,1,TEC,1190其他半导体关联装置,上海
SFC-040SA2-12B-22B,20.0,0.9846146327291684,C,Intermittent,5.0,0.3900000000000001,3,TEC,1210直接驱动机器人,江苏
ALS-065ARN-18BHA-18BHA,20.0,0.9846417841758653,C,Intermittent,7.5,0.32,2,TEC,1590其他测试仪·实验器,浙江
SFF-070DS-32B-35B-100N,20.0,0.9846689356225623,C,Lumpy,7.5,0.7199999999999998,2,TEC,1590其他测试仪·实验器,天津
AK-124-MAT-16N(5)不带手轮,20.0,0.9846960870692593,C,Intermittent,3.75,0.24,4,ME,1910包装机械,广东
NSE-18-40S,20.0,0.9847232385159562,C,Lumpy,15.0,,1,TEC,1990其他包装机械,广东
ALS-080ARN-26BHA-35BHA,20.0,0.9847503899626532,C,Lumpy,15.0,,1,TEC,,浙江
ALS-065ARN-T016-24BHA-28BHA,20.0,0.9847775414093501,C,Lumpy,15.0,,1,TEC,1090其他机床,云南
N-15-35S,20.0,0.9848046928560471,C,Intermittent,7.5,0.0,2,TEC,9099其他机械,上海
MM-19D,20.0,0.9848318443027441,C,Intermittent,7.5,0.0,2,TEC,1190其他半导体关联装置,上海
SFF-100DS-35K-55K,20.0,0.984858995749441,C,Lumpy,15.0,,1,TEC,9006粉末颗粒机械,广东
ALS-040ARN-10BHA-16BHA,20.0,0.984886147196138,C,Lumpy,15.0,,1,TEC,1190其他半导体关联装置,江苏
ACRM-100 8-6,20.0,0.984913298642835,C,Lumpy,3.75,0.5066666666666667,4,TEC,9099其他机械,江苏
ALS-065ARN-27BHA-35BHA,20.0,0.9849404500895319,C,Lumpy,15.0,,1,TEC,1010切削机械,江苏
ARM-075 5-5,20.0,0.9849676015362289,C,Lumpy,15.0,,1,TEC,,江苏
ALS-040ARN-12BHA-20BHA,20.0,0.9849947529829258,C,Intermittent,7.5,0.0,2,TEC,1090其他机床,浙江
ALS-065ARN-22BHA-24BKA,20.0,0.9850219044296228,C,Lumpy,7.5,0.7199999999999998,2,TEC,1030其他金属加工机械,广东
ELEMENT-CF-B-165-H,20.0,0.9850490558763197,C,Lumpy,7.5,1.28,2,CF,0840其他泵,北京
ED01-60*68,20.0,0.9850762073230167,C,Lumpy,15.0,,1,ME,1090其他机床,云南
SFC-060SA2-16BH-16BH,20.0,0.9851033587697137,C,Intermittent,5.0,0.3900000000000001,3,TEC,,安徽
ALS-014-Y-EL,20.0,0.9851305102164106,C,Lumpy,15.0,,1,TEC,,辽宁
SFF-120SS-40KK-50K-600N,20.0,0.9851576616631076,C,Lumpy,15.0,,1,TEC,9099其他机械,江苏
SFC-080SA2-35B-40B,20.0,0.9851848131098045,C,Intermittent,7.5,0.0,2,TEC,1010切削机械,浙江
SFF-090SS-30K-30K,20.0,0.9852119645565015,C,Intermittent,3.75,0.16000000000000003,4,TEC,9099其他机械,上海
SFF-140DS-60K-75K-1000N,20.0,0.9852391160031985,C,Lumpy,7.5,1.28,2,TEC,1640纸加工机械,浙江
SFC-080SA2-35B-38B,20.0,0.9852662674498954,C,Intermittent,2.142857142857143,0.1808333333333333,7,TEC,1010切削机械,浙江
SFF-120SS-40KK-45K-600N,20.0,0.9852934188965924,C,Lumpy,15.0,,1,TEC,9099其他机械,江苏
SFC-060SA2-20B-16BC,20.0,0.9853205703432893,C,Intermittent,7.5,0.0,2,TEC,1010切削机械,江苏
ALS-080ARN-38BHA-40BHA,20.0,0.9853477217899863,C,Lumpy,3.75,1.786666666666667,4,TEC,1010切削机械,安徽
PSL-G-22-C,20.0,0.9853748732366833,C,Intermittent,7.5,0.0,2,TEC,9099其他机械,上海
PSL-G-45,20.0,0.9854020246833802,C,Intermittent,5.0,0.48000000000000015,3,TEC,0890其他油压气压机械,陕西
SFC-025DA2-10B-10B,20.0,0.9854291761300772,C,Lumpy,3.0,0.84375,5,TEC,1190其他半导体关联装置,上海
SFF-090SS-32K-35K,20.0,0.9854563275767741,C,Intermittent,7.5,0.0,2,TEC,1010切削机械,广东
101-10-15N 24V R20DIN A20DIN,20.0,0.9854834790234711,C,Intermittent,5.0,0.11999999999999997,3,CB,,江苏
SFC-040DA2-12B-22J,20.0,0.9855106304701681,C,Intermittent,7.5,0.0,2,TEC,1190其他半导体关联装置,江苏
VRSF-15D-750-T2,20.0,0.985537781916865,C,Intermittent,7.5,0.0,2,ME,1910包装机械,上海
SY25D00530M3005-48V,20.0,0.985564933363562,C,Lumpy,15.0,,1,ME,1120晶片·基板加工装置,北京
SFC-040DA2-9B-15B,20.0,0.985592084810259,C,Lumpy,5.0,0.5475,3,TEC,1190其他半导体关联装置,上海
SRG-060AS-35K-35K,20.0,0.9856192362569559,C,Lumpy,15.0,,1,TEC,8020贸易公司,北京
SFC-040DA2-17B-22B,20.0,0.9856463877036529,C,Lumpy,3.75,0.5866666666666668,4,TEC,1190其他半导体关联装置,上海
SFC-035SA2-10B-18B,20.0,0.9856735391503498,C,Intermittent,7.5,0.0,2,TEC,,上海
101-06-13N 24V 12DIN,20.0,0.9857006905970468,C,Lumpy,7.5,0.5000000000000001,2,CB,1410医疗装置,广东
TT-2X-03-18-8NM-P,20.0,0.9857278420437436,C,Lumpy,15.0,,1,ME,1610印刷机械,浙江
ZKB-2.5BN,20.0,0.9857549934904406,C,Lumpy,15.0,,1,ME,1120晶片·基板加工装置,广东
SFC-010SA2-6B-6B,20.0,0.9857821449371376,C,Lumpy,15.0,,1,TEC,1190其他半导体关联装置,上海
SFC-010SA2-5B-6B,20.0,0.9858092963838345,C,Lumpy,5.0,0.5700000000000001,3,TEC,1190其他半导体关联装置,广东
SFC-060DA2-24K-32B,20.0,0.9858364478305315,C,Lumpy,15.0,,1,TEC,1010切削机械,浙江
SFC-010SA2-4B-8B,20.0,0.9858635992772284,C,Lumpy,2.5,0.6359999999999999,6,TEC,1190其他半导体关联装置,江苏
SFC-090DA2-28B-35B,20.0,0.9858907507239254,C,Intermittent,7.5,0.0,2,TEC,1090其他机床,安徽
SFC-020DA2-6.35B-8B,20.0,0.9859179021706224,C,Intermittent,7.5,0.0,2,TEC,1590其他测试仪·实验器,江苏
SFC-060SA2-18BH-20BH,20.0,0.9859450536173193,C,Lumpy,15.0,,1,TEC,0920压出成型机,山东
SFC-020SA2-5B-10B,20.0,0.9859722050640163,C,Lumpy,15.0,,1,TEC,1210直接驱动机器人,江苏
SFC-050DA2-14B-16B,20.0,0.9859993565107132,C,Lumpy,15.0,,1,TEC,1510测试仪,浙江
ALS-040ARN-15BHA-24BHA,20.0,0.9860265079574102,C,Lumpy,15.0,,1,TEC,1610印刷机械,天津
SFC-050DA2-14B-14B,20.0,0.9860536594041072,C,Intermittent,1.5,0.4444444444444444,10,TEC,1510测试仪,浙江
SFC-030DA2-5B-16B,20.0,0.9860808108508041,C,Lumpy,1.5,0.7777777777777778,10,TEC,1590其他测试仪·实验器,江苏
SFF-100DS-35K-40K-450N,20.0,0.9861079622975011,C,Intermittent,7.5,0.0,2,TEC,9099其他机械,江苏
CF-A-250-SO-1350,20.0,0.986135113744198,C,Lumpy,7.5,0.5000000000000001,2,CF,8020贸易公司,江苏
CF-B-100-H,20.0,0.986162265190895,C,Lumpy,3.75,1.52,4,CF,9092公司内部设备,天津
SFC-080DA2-18B-20B,20.0,0.986189416637592,C,Intermittent,5.0,0.48000000000000015,3,TEC,1820医药品制造装置,上海
ETP-A-38,20.0,0.9862165680842889,C,Intermittent,7.5,0.0,2,TEC,1590其他测试仪·实验器,广东
SFF-090SS-28KK-42KK,20.0,0.9862437195309859,C,Lumpy,15.0,,1,TEC,,陕西
SFF-080DS-32KK-35K-200N,19.0,0.9862695134053481,C,Lumpy,15.0,,1,TEC,1090其他机床,北京
SFC-035DA2-6B-6B,19.0,0.9862953072797102,C,Intermittent,3.0,0.1177285318559557,5,TEC,1140半导体检查装置,广东
SFC-090SA2-28B-40B,19.0,0.9863211011540722,C,Lumpy,5.0,1.155124653739612,3,TEC,1190其他半导体关联装置,辽宁
SFC-050SA2-15BH-22BH,19.0,0.9863468950284343,C,Lumpy,5.0,0.556786703601108,3,TEC,1290其他工业机器人,广东
SFC-035DA2-10B-16B,19.0,0.9863726889027965,C,Intermittent,1.6666666666666667,0.3614958448753462,9,TEC,8020贸易公司,江苏
SFC-060DA2-18BH-20BH,19.0,0.9863984827771586,C,Intermittent,3.75,0.21791320406278858,4,TEC,1190其他半导体关联装置,江苏
AP-164-MA-24,19.0,0.9864242766515207,C,Intermittent,2.5,0.3357340720221607,6,ME,1910包装机械,广东
SFF-120DS-40KK-50K-600N,19.0,0.9864500705258828,C,Lumpy,5.0,0.8559556786703602,3,TEC,1010切削机械,山东
SFC-080SA2-24B-28B,19.0,0.9864758644002449,C,Intermittent,5.0,0.3074792243767314,3,TEC,9099其他机械,四川
ALS-040ARN-14BHA-18BHA,19.0,0.986501658274607,C,Intermittent,7.5,0.44875346260387805,2,TEC,1090其他机床,广东
SFC-050SA2-17B-25B,19.0,0.9865274521489691,C,Intermittent,3.75,0.27700831024930744,4,TEC,1190其他半导体关联装置,上海
AP-124-MAT-20H,19.0,0.9865532460233313,C,Intermittent,1.5,0.2739304401354263,10,ME,0990其他橡胶塑料加工机械,山东
SFC-100DA2-40B-40B,19.0,0.9865790398976934,C,Lumpy,3.0,0.6717451523545706,5,TEC,9099其他机械,江苏
SFC-030SA2-8B-11B,19.0,0.9866048337720554,C,Lumpy,3.0,0.4986149584487535,5,TEC,1140半导体检查装置,广东
PSL-G-22,19.0,0.9866306276464176,C,Intermittent,2.142857142857143,0.25854108956602034,7,TEC,9099其他机械,四川
SFC-090DA2-38B-40B,19.0,0.9866564215207797,C,Intermittent,3.75,0.3656509695290858,4,TEC,9099其他机械,河南
SFC-090DA2-38B-42B,19.0,0.9866822153951418,C,Intermittent,3.75,0.011080332409972297,4,TEC,1090其他机床,重庆
SFC-060SA2-24B-32B,18.0,0.9867066516971691,C,Intermittent,3.75,0.3127572016460905,4,TEC,,陕西
PSL-K-8-C,18.0,0.9867310879991963,C,Intermittent,5.0,0.3333333333333333,3,TEC,1190其他半导体关联装置,上海
101-10-13G 24V 25JIS,18.0,0.9867555243012236,C,Intermittent,2.5,0.488888888888889,6,CB,,陕西
P-86-MAT-15H,18.0,0.9867799606032508,C,Lumpy,3.75,0.7078189300411523,4,ME,,上海
SFC-050SA2-20B-28B,18.0,0.9868043969052781,C,Lumpy,15.0,,1,TEC,1190其他半导体关联装置,上海
SFC-080SA2-24B-24B,18.0,0.9868288332073054,C,Lumpy,2.142857142857143,0.49691358024691346,7,TEC,9099其他机械,上海
ALS-080ARN-22BHA-24BHA,18.0,0.9868532695093326,C,Lumpy,7.5,0.8888888888888886,2,TEC,1090其他机床,广东
MM-8K-S 8-8,18.0,0.9868777058113599,C,Lumpy,15.0,,1,TEC,1190其他半导体关联装置,北京
SFC-050SA2-25B-25B,18.0,0.9869021421133871,C,Lumpy,3.0,1.7206790123456797,5,TEC,8020贸易公司,江苏
ETP-E-024-NH,18.0,0.9869265784154144,C,Intermittent,2.142857142857143,0.4465020576131686,7,TEC,1290其他工业机器人,江苏
KP-15-N ,18.0,0.9869510147174417,C,Lumpy,15.0,,1,ME,8020贸易公司,江苏
SFF-100SS-35K-42K,18.0,0.9869754510194689,C,Intermittent,2.142857142857143,0.4465020576131686,7,TEC,1010切削机械,浙江
ETP-E-020-NH,18.0,0.9869998873214962,C,Lumpy,3.0,0.7175925925925927,5,TEC,9002卷线·线材加工机械,山东
SFH-170S-55K-75K海外,18.0,0.9870243236235234,C,Lumpy,15.0,,1,TEC,1190其他半导体关联装置,天津
111-10-12N 24V 25DIN,18.0,0.9870487599255507,C,Lumpy,15.0,,1,CB,,江苏
PSL-D-19,18.0,0.9870731962275779,C,Intermittent,5.0,0.1111111111111111,3,TEC,1150半导体实装装置,广东
SFC-090SA2-25.385B-38B,18.0,0.9870976325296053,C,Intermittent,7.5,0.22222222222222215,2,TEC,1990其他包装机械,重庆
SFC-025SA2-10B-10B,18.0,0.9871220688316326,C,Lumpy,3.0,0.9876543209876545,5,TEC,1190其他半导体关联装置,河南
SFC-080DA2-T130,18.0,0.9871465051336598,C,Intermittent,2.5,0.1333333333333333,6,TEC,1010切削机械,浙江
SFC-040DA2-12BH-14B,18.0,0.9871709414356871,C,Lumpy,3.0,0.5246913580246916,5,TEC,1590其他测试仪·实验器,江苏
PSL-G-48,18.0,0.9871953777377143,C,Lumpy,5.0,1.3333333333333333,3,TEC,,天津
SFC-050DA2-12B-19K,18.0,0.9872198140397416,C,Lumpy,5.0,0.7777777777777778,3,TEC,1090其他机床,广东
PSL-G-100,18.0,0.9872442503417689,C,Intermittent,5.0,0.3611111111111111,3,TEC,1610印刷机械,江苏
101-06-13N 24V 15JIS,17.0,0.9872673290714612,C,Intermittent,3.75,0.050749711649365634,4,CB,,陕西
SFS-14S-35P-40P,17.0,0.9872904078011536,C,Intermittent,3.75,0.45674740484429066,4,TEC,1010切削机械,黑龙江
SFC-025DA2-14B-14B,17.0,0.987313486530846,C,Intermittent,5.0,0.44636678200692037,3,TEC,1190其他半导体关联装置,江苏
SFC-080SA2-22B-25B,17.0,0.9873365652605385,C,Lumpy,5.0,1.0069204152249134,3,TEC,0920压出成型机,山东
SFC-035SA2-10B-11B,17.0,0.9873596439902309,C,Lumpy,7.5,1.1695501730103803,2,TEC,1190其他半导体关联装置,上海
ALS-065-R,17.0,0.9873827227199233,C,Lumpy,5.0,0.5086505190311419,3,TEC,1010切削机械,河北
SFC-030SA2-5B-16B,17.0,0.9874058014496158,C,Lumpy,3.75,0.8996539792387542,4,TEC,1510测试仪,浙江
SFF-120DS-40K-55K-600N,17.0,0.9874288801793082,C,Lumpy,3.75,0.8627450980392157,4,TEC,1090其他机床,广东
101-08-13N 24V 20DIN,17.0,0.9874519589090006,C,Lumpy,15.0,,1,CB,,江苏
MM-12K,17.0,0.9874750376386929,C,Lumpy,5.0,0.6332179930795847,3,TEC,1190其他半导体关联装置,江苏
ETP-A-70,17.0,0.9874981163683854,C,Lumpy,5.0,0.5086505190311419,3,TEC,1190其他半导体关联装置,江苏
spider L-110,17.0,0.9875211950980778,C,Intermittent,3.75,0.27220299884659743,4,TEC,1590其他测试仪·实验器,广东
SFF-090SS-35K-35KK,17.0,0.9875442738277702,C,Intermittent,5.0,0.3840830449826988,3,TEC,9099其他机械,江苏
SFC-050DA2-14B-20B,17.0,0.9875673525574626,C,Lumpy,2.142857142857143,0.7266435986159171,7,TEC,1190其他半导体关联装置,上海
111-12-12G 24V 30JIS,17.0,0.9875904312871551,C,Lumpy,7.5,1.1695501730103803,2,CB,1910包装机械,江苏
SFC-090DA2-28B-28B,17.0,0.9876135100168475,C,Lumpy,7.5,1.1695501730103803,2,TEC,9099其他机械,江苏
SFC-090SA2-25B-42B,17.0,0.9876365887465399,C,Lumpy,3.75,0.8996539792387542,4,TEC,0920压出成型机,山东
SFC-060DA2-22BH-22BH,17.0,0.9876596674762324,C,Intermittent,3.75,0.30911188004613604,4,TEC,1190其他半导体关联装置,江苏
SFF-080SS-22K-28K,17.0,0.9876827462059247,C,Lumpy,3.75,0.825836216839677,4,TEC,1190其他半导体关联装置,上海
SFF-080SS-25K-32K,17.0,0.9877058249356171,C,Lumpy,2.5,0.6186851211072665,6,TEC,1130半导体组装装置,广东
101-10-13N 24V 20JIS,17.0,0.9877289036653095,C,Lumpy,5.0,0.6332179930795847,3,CB,1640纸加工机械,天津
SFS-12S-25P-35P,17.0,0.987751982395002,C,Intermittent,3.75,0.45674740484429066,4,TEC,1010切削机械,黑龙江
PSL-K-14,17.0,0.9877750611246944,C,Intermittent,5.0,0.3840830449826988,3,TEC,9099其他机械,安徽
ALS-080ARN-25BHA-32BHA,17.0,0.9877981398543868,C,Intermittent,3.0,0.41522491349480967,5,TEC,1010切削机械,辽宁
P-124-MAT-18H,17.0,0.9878212185840792,C,Intermittent,2.142857142857143,0.21799307958477512,7,ME,,上海
SFC-060DA2-18B-28B,17.0,0.9878442973137717,C,Intermittent,7.5,0.3391003460207613,2,TEC,,辽宁
SFC-060DA2-16B-20B,17.0,0.9878673760434641,C,Intermittent,3.0,0.19896193771626303,5,TEC,1190其他半导体关联装置,上海
SFF-100DS-38KK-42K,17.0,0.9878904547731564,C,Lumpy,5.0,0.5086505190311419,3,TEC,1010切削机械,山东
ETP-E-070-NH,16.0,0.9879121759305141,C,Intermittent,3.75,0.16666666666666666,4,TEC,,四川
SFF-080DS-25K-35K-150N,16.0,0.9879338970878716,C,Lumpy,3.75,1.0416666666666667,4,TEC,1090其他机床,江苏
101-10-11N 24V R25DIN A25DIN,16.0,0.9879556182452292,C,Intermittent,5.0,0.08203125,3,CB,1640纸加工机械,天津
PE-124-MAT-18K,16.0,0.9879773394025867,C,Intermittent,5.0,0.08203125,3,ME,,广东
SFC-080DA2-32B-32B,16.0,0.9879990605599442,C,Lumpy,2.5,0.5437500000000002,6,TEC,9099其他机械,江苏
ETP-A-60,16.0,0.9880207817173019,C,Intermittent,5.0,0.011718750000000005,3,TEC,1590其他测试仪·实验器,广东
SFC-080SA2-25B-25B,16.0,0.9880425028746594,C,Intermittent,2.142857142857143,0.10937500000000001,7,TEC,9002卷线·线材加工机械,广东
SFC-060DA2-20BH-22BH,16.0,0.988064224032017,C,Intermittent,7.5,0.12500000000000003,2,TEC,1190其他半导体关联装置,上海
SFC-030SA2-10B-12B,16.0,0.9880859451893745,C,Lumpy,3.0,0.5078125,5,TEC,1210直接驱动机器人,江苏
ALS-065ARN-28BHA-32BKA,16.0,0.9881076663467321,C,Lumpy,5.0,0.6093750000000002,3,TEC,1090其他机床,广东
SFC-090DA2-28B-40B,16.0,0.9881293875040897,C,Intermittent,5.0,0.18749999999999997,3,TEC,9099其他机械,湖南
SFF-090DS-30K-35K,16.0,0.9881511086614473,C,Lumpy,5.0,0.5742187500000001,3,TEC,9099其他机械,江苏
SFF-080DS-35K-35K-150N,16.0,0.9881728298188048,C,Lumpy,5.0,0.71484375,3,TEC,1090其他机床,江苏
CS-08-35G 24V R15DIN A15DIN,16.0,0.9881945509761624,C,Lumpy,15.0,,1,CB,9099其他机械,上海
PSL-K-20,16.0,0.9882162721335199,C,Intermittent,3.75,0.08333333333333333,4,TEC,1090其他机床,江苏
SFF-090DS-25K-38KK,16.0,0.9882379932908775,C,Lumpy,5.0,0.71484375,3,TEC,1010切削机械,江苏
SFF-100SS-42KK-48KK,16.0,0.9882597144482351,C,Lumpy,5.0,0.6093750000000002,3,TEC,,陕西
BXH-10-10G 90V 19DIN,16.0,0.9882814356055927,C,Intermittent,3.0,0.11718749999999996,5,CB,1910包装机械,山东
SFC-040DA2-16B-18B,16.0,0.9883031567629502,C,Intermittent,3.0,0.263671875,5,TEC,1510测试仪,山东
CS-12-31G 24V R25DIN A25DIN,16.0,0.9883248779203078,C,Lumpy,3.0,0.9960937500000001,5,CB,,辽宁
SD-53B-80-15-12R,16.0,0.9883465990776653,C,Lumpy,3.75,0.5000000000000001,4,ME,1190其他半导体关联装置,广东
SFC-025SA2-6B-6B,16.0,0.988368320235023,C,Lumpy,15.0,,1,TEC,1590其他测试仪·实验器,江苏
SFC-025SA2-8B-8B,16.0,0.9883900413923805,C,Lumpy,3.75,0.5416666666666666,4,TEC,1190其他半导体关联装置,江苏
SFC-025SA2-8B-10B,16.0,0.9884117625497381,C,Lumpy,3.75,1.0,4,TEC,1190其他半导体关联装置,江苏
SFC-030DA2-14B-15B,16.0,0.9884334837070956,C,Lumpy,15.0,,1,TEC,1590其他测试仪·实验器,广东
SFF-140DS-75KJ-75KJ-1000N,16.0,0.9884552048644532,C,Lumpy,1.875,0.5000000000000001,8,TEC,,北京
SFC-080SA2-20B-32B,16.0,0.9884769260218108,C,Lumpy,3.75,1.375,4,TEC,9099其他机械,上海
CF-A-016-O2-1360,16.0,0.9884986471791684,C,Lumpy,7.5,0.5000000000000001,2,CF,9099其他机械,广东
SFC-080DA2-20B-24B,16.0,0.9885203683365259,C,Intermittent,5.0,0.011718750000000005,3,TEC,9004其他加工机械,江苏
SFC-030SA2-10B-13B,15.0,0.9885407319215486,C,Intermittent,5.0,0.28,3,TEC,1290其他工业机器人,广东
SFC-100SA2-38B-38K,15.0,0.9885610955065713,C,Intermittent,7.5,0.43555555555555553,2,TEC,0920压出成型机,山东
ALS-065ARN-30BHA-30BHA,15.0,0.988581459091594,C,Lumpy,15.0,,1,TEC,1510测试仪,天津
SFC-060DA2-16B-22B,15.0,0.9886018226766168,C,Intermittent,3.75,0.11259259259259259,4,TEC,1190其他半导体关联装置,上海
ALS-065ARN-T016-20BHA-35BHA,15.0,0.9886221862616394,C,Lumpy,15.0,,1,TEC,1090其他机床,云南
SFC-060DA2-19B-32B,15.0,0.9886425498466622,C,Intermittent,5.0,0.0,3,TEC,,陕西
SFC-060DA2-19B-28B,15.0,0.9886629134316849,C,Lumpy,3.75,0.8711111111111112,4,TEC,1190其他半导体关联装置,上海
ALS-080ARN-20BHA-35BHA,15.0,0.9886832770167077,C,Intermittent,5.0,0.0,3,TEC,1090其他机床,云南
ALS-030AYN-14BHA-14BHA,15.0,0.9887036406017303,C,Intermittent,5.0,0.12,3,TEC,,安徽
SFC-050SA2-T173,15.0,0.9887240041867531,C,Lumpy,15.0,,1,TEC,1090其他机床,辽宁
 SFC-080DA2-30B-35K,15.0,0.9887443677717758,C,Lumpy,15.0,,1,TEC,,江苏
SFC-080DA2-30B-35BH,15.0,0.9887647313567985,C,Intermittent,7.5,0.2222222222222222,2,TEC,,安徽
SFC-035SA2-8B-10B,15.0,0.9887850949418212,C,Intermittent,3.0,0.16666666666666663,5,TEC,1590其他测试仪·实验器,江苏
SFS-09S,15.0,0.988805458526844,C,Lumpy,15.0,,1,TEC,,北京
112-05-12 24V 10DIN,15.0,0.9888258221118666,C,Lumpy,5.0,0.7600000000000001,3,CB,,江苏
SFC-080DA2-25BH-28BH,15.0,0.9888461856968894,C,Intermittent,7.5,0.08,2,TEC,9099其他机械,江苏
102-05-31 24V R10MM A10DIN,15.0,0.9888665492819121,C,Intermittent,5.0,0.0,3,CB,,广东
CPE-29-8B-14B,15.0,0.9888869128669349,C,Intermittent,7.5,0.2222222222222222,2,TEC,1610印刷机械,河南
SFC-080SA2-32B-32B,15.0,0.9889072764519575,C,Intermittent,5.0,0.36,3,TEC,,天津
AP-124-MA-19,15.0,0.9889276400369803,C,Intermittent,2.142857142857143,0.10370370370370373,7,ME,1910包装机械,广东
SFC-025SA2-9B-10B,15.0,0.988948003622003,C,Lumpy,15.0,,1,TEC,1140半导体检查装置,广东
SFC-030DA2-10BH-14BH,15.0,0.9889683672070257,C,Lumpy,2.5,0.49599999999999994,6,TEC,9099其他机械,上海
SFC-080DA2-32B-35K,15.0,0.9889887307920484,C,Intermittent,3.0,0.4444444444444444,5,TEC,1190其他半导体关联装置,江苏
SFC-050DA2-14BH-22BH,15.0,0.9890090943770712,C,Lumpy,15.0,,1,TEC,1590其他测试仪·实验器,江苏
SFF-140DS-50K-55K-1000N,15.0,0.9890294579620938,C,Lumpy,7.5,1.0755555555555554,2,TEC,1090其他机床,江苏
SFF-090DS-38K-38K,15.0,0.9890498215471166,C,Intermittent,3.75,0.4444444444444444,4,TEC,9099其他机械,上海
SFC-060SA2-22B-25B,15.0,0.9890701851321393,C,Intermittent,2.142857142857143,0.39407407407407413,7,TEC,0920压出成型机,山东
SFC-080SA2-T259,15.0,0.9890905487171621,C,Lumpy,5.0,1.0800000000000003,3,TEC,1010切削机械,浙江
SFF-090DS-42K-42KK,15.0,0.9891109123021847,C,Intermittent,3.75,0.06518518518518518,4,TEC,,上海
SFF-080SS-35K-35KS-200N,15.0,0.9891312758872075,C,Lumpy,15.0,,1,TEC,1010切削机械,浙江
SFF-090DS-30K-40K,15.0,0.9891516394722302,C,Intermittent,7.5,0.2222222222222222,2,TEC,1010切削机械,江苏
ALS-095ARN-35BHA-45BHA,15.0,0.989172003057253,C,Lumpy,3.0,1.722222222222222,5,TEC,,江苏
ALS-080ARN-30BKH-35BKH,15.0,0.9891923666422756,C,Lumpy,7.5,0.72,2,TEC,9099其他机械,江苏
SFC-090DA2-30B-30B,15.0,0.9892127302272984,C,Lumpy,3.75,0.9185185185185186,4,TEC,9099其他机械,重庆
CS-10-31G 24V R20DIN A20DIN,15.0,0.989233093812321,C,Lumpy,5.0,0.5199999999999999,3,CB,1910包装机械,广东
CS-16-35G 24V R30DIN A30DIN,15.0,0.9892534573973438,C,Intermittent,5.0,0.0,3,CB,9099其他机械,江苏
ALS-055ARN-28BHH-30BHA,15.0,0.9892738209823665,C,Lumpy,15.0,,1,TEC,,江苏
SFC-090SA2-30B-40B,15.0,0.9892941845673892,C,Intermittent,5.0,0.04000000000000001,3,TEC,1090其他机床,重庆
ZG-8 8-8,15.0,0.9893145481524119,C,Lumpy,15.0,,1,TEC,2190其他能源装置,江苏
SFC-035DA2-14BH-14BH,15.0,0.9893349117374346,C,Lumpy,15.0,,1,TEC,1590其他测试仪·实验器,江苏
Y2,15.0,0.9893552753224574,C,Intermittent,7.5,0.2222222222222222,2,ME,2390其他纤维纺织机械,广东
101-10-11G 24V R25DIN A25DIN,15.0,0.98937563890748,C,Lumpy,5.0,0.7600000000000001,3,CB,9099其他机械,上海
SFC-040DA2-13B-20BH,15.0,0.9893960024925028,C,Lumpy,15.0,,1,TEC,1590其他测试仪·实验器,江苏
101-12-11G 24V R30JIS A30JIS,15.0,0.9894163660775255,C,Lumpy,15.0,,1,CB,,上海
TT-2-01-16H-15H-10NM,15.0,0.9894367296625483,C,Intermittent,7.5,0.2222222222222222,2,ME,1190其他半导体关联装置,广东
SFC-040DA2-13K-16B,14.0,0.9894557356752361,C,Intermittent,5.0,0.06122448979591838,3,TEC,1190其他半导体关联装置,江苏
SFC-040DA2-15K-16B,14.0,0.989474741687924,C,Intermittent,5.0,0.06122448979591838,3,TEC,1190其他半导体关联装置,江苏
SFC-040DA2-18B-18B,14.0,0.9894937477006118,C,Lumpy,3.0,0.5994897959183675,5,TEC,1510测试仪,浙江
SFC-035DA2-16B-16B,14.0,0.9895127537132997,C,Intermittent,3.0,0.4719387755102042,5,TEC,1590其他测试仪·实验器,江苏
SFC-035DA2-8B-11B,14.0,0.9895317597259876,C,Intermittent,3.75,0.2993197278911565,4,TEC,1190其他半导体关联装置,上海
SFF-120DS-50B-55B-600N,14.0,0.9895507657386755,C,Intermittent,3.75,0.2993197278911565,4,TEC,1090其他机床,云南
SFC-090DA2-28B-38B,14.0,0.9895697717513633,C,Intermittent,7.5,0.3673469387755101,2,TEC,9099其他机械,江苏
SFC-035SA2-10BH-14B,14.0,0.9895887777640512,C,Intermittent,3.75,0.2993197278911565,4,TEC,1190其他半导体关联装置,江苏
SFC-035SA2-12.7B-12.7B,14.0,0.9896077837767391,C,Intermittent,7.5,0.163265306122449,2,TEC,,江苏
SFF-080SS-32K-35K,14.0,0.989626789789427,C,Lumpy,3.75,1.1700680272108843,4,TEC,9099其他机械,天津
111-12-12G 24V 30DIN,14.0,0.9896457958021149,C,Lumpy,5.0,1.8520408163265296,3,CB,1910包装机械,江苏
111-10-12N 24V 20JIS,14.0,0.9896648018148027,C,Intermittent,7.5,0.04081632653061225,2,CB,1190其他半导体关联装置,上海
CF-A-140-O0-1360,14.0,0.9896838078274905,C,Lumpy,3.75,2.0408163265306123,4,CF,0390其他运输机械,安徽
111-16-11G 24V 40JIS,14.0,0.9897028138401784,C,Lumpy,3.75,1.551020408163266,4,CB,1590其他测试仪·实验器,广东
SFC-060SA2-24B-35B,14.0,0.9897218198528663,C,Lumpy,5.0,0.5663265306122449,3,TEC,,江苏
CF-A-090-S0-1360,14.0,0.9897408258655542,C,Intermittent,3.75,0.46258503401360546,4,CF,1010切削机械,河北
PE-185-MAT-25K,14.0,0.989759831878242,C,Intermittent,5.0,0.2908163265306121,3,ME,1990其他包装机械,天津
SFC-060SA2-20B-24K,14.0,0.9897788378909299,C,Intermittent,3.75,0.24489795918367346,4,TEC,1010切削机械,浙江
ALS-055ARN-16BHA-18BHA,14.0,0.9897978439036178,C,Lumpy,15.0,,1,TEC,,上海
ALS-080ARN-24BHA-25BHA,14.0,0.9898168499163057,C,Lumpy,15.0,,1,TEC,,上海
SFC-020DA2-10B-11B,14.0,0.9898358559289936,C,Intermittent,7.5,0.3673469387755101,2,TEC,1130半导体组装装置,北京
SFC-080SA2-22B-22B,14.0,0.9898548619416814,C,Intermittent,7.5,0.04081632653061225,2,TEC,0920压出成型机,山东
SFF-100DS-35K-35K,14.0,0.9898738679543693,C,Lumpy,7.5,1.0204081632653064,2,TEC,9099其他机械,江苏
SFC-020SA2-10B-10B,14.0,0.9898928739670572,C,Lumpy,3.0,0.5357142857142856,5,TEC,1190其他半导体关联装置,江苏
SFC-020SA2-5B-8B,14.0,0.9899118799797451,C,Lumpy,15.0,,1,TEC,1590其他测试仪·实验器,广东
CF-B-070-H,14.0,0.9899308859924328,C,Intermittent,7.5,0.04081632653061225,2,CF,9092公司内部设备,天津
111-16-12G 24V 30JIS,14.0,0.9899498920051207,C,Lumpy,15.0,,1,CB,1590其他测试仪·实验器,广东
SFS-08S 22H-24H,14.0,0.9899688980178086,C,Lumpy,2.5,0.8571428571428573,6,TEC,9099其他机械,江苏
SFF-100SS-38K-38KK-450N,14.0,0.9899879040304965,C,Lumpy,3.0,0.7908163265306124,5,TEC,0920压出成型机,山东
SFC-040SA2-10B-16B,14.0,0.9900069100431844,C,Lumpy,5.0,1.3928571428571426,3,TEC,1590其他测试仪·实验器,江苏
SFC-080DA2-22K-32B,14.0,0.9900259160558722,C,Intermittent,3.75,0.2993197278911565,4,TEC,1190其他半导体关联装置,江苏
BXW-02-10-52,14.0,0.9900449220685601,C,Lumpy,15.0,,1,CB,1130半导体组装装置,浙江
MM-16K-S,14.0,0.990063928081248,C,Intermittent,7.5,0.04081632653061225,2,TEC,,上海
SFC-060SA2-16B-20B,13.0,0.990081576521601,C,Lumpy,5.0,0.9230769230769236,3,TEC,0920压出成型机,山东
ALS-080ARN-35BKH-35BKH,13.0,0.990099224961954,C,Lumpy,5.0,0.5502958579881656,3,TEC,9099其他机械,江苏
ALS-080ARN-32BKA-35BHA,13.0,0.990116873402307,C,Lumpy,5.0,1.2958579881656804,3,TEC,1090其他机床,广东
ALS-080ARN-30BHA-30BHA,13.0,0.99013452184266,C,Intermittent,3.0,0.044378698224852055,5,TEC,9099其他机械,江苏
SFC-100DA2-38B-45B,13.0,0.9901521702830131,C,Lumpy,7.5,0.5798816568047337,2,TEC,9099其他机械,江苏
BXW-01-10S-24V-5,13.0,0.9901698187233662,C,Lumpy,5.0,1.2958579881656804,3,CB,2190其他能源装置,广东
SFC-080DA2-25B-25B,13.0,0.9901874671637192,C,Intermittent,3.75,0.33925049309664695,4,TEC,9099其他机械,上海
SFC-040SA2-8B-19B,13.0,0.9902051156040722,C,Intermittent,2.5,0.29112426035502964,6,TEC,1590其他测试仪·实验器,江苏
SFC-050DA2-15B-15B,13.0,0.9902227640444252,C,Lumpy,1.6666666666666667,0.4926035502958579,9,TEC,1510测试仪,浙江
SFS-09S 22H-22H,13.0,0.9902404124847782,C,Intermittent,1.875,0.20963651732882502,8,TEC,1010切削机械,广东
121-25-20G,13.0,0.9902580609251312,C,Lumpy,3.75,0.6548323471400396,4,CB,1510测试仪,上海
CF-A-028-S0-1360,13.0,0.9902757093654843,C,Lumpy,7.5,0.5798816568047337,2,CF,0390其他运输机械,安徽
SFC-040DA2-19B-22B,13.0,0.9902933578058373,C,Intermittent,3.75,0.4023668639053255,4,TEC,1510测试仪,浙江
TT-2-01-15H-15H-10NM,13.0,0.9903110062461903,C,Intermittent,7.5,0.10650887573964495,2,ME,1190其他半导体关联装置,广东
SFC-040DA2-13B-16B,13.0,0.9903286546865433,C,Lumpy,5.0,1.2958579881656804,3,TEC,1190其他半导体关联装置,上海
SFC-035SA2-8B-14B,13.0,0.9903463031268963,C,Lumpy,3.0,1.0059171597633136,5,TEC,1190其他半导体关联装置,江苏
PSL-G-80,13.0,0.9903639515672494,C,Lumpy,3.0,1.0059171597633136,5,TEC,1590其他测试仪·实验器,天津
ALS-040AYN-14BHH-19BHH,13.0,0.9903816000076024,C,Intermittent,7.5,0.01183431952662722,2,TEC,0820真空泵,天津
ALS-040ARN-T018,13.0,0.9903992484479555,C,Intermittent,5.0,0.07100591715976333,3,TEC,1090其他机床,福建
SFC-060DA2-22B-32B,13.0,0.9904168968883085,C,Lumpy,7.5,0.5798816568047337,2,TEC,1190其他半导体关联装置,江苏
SFC-060SA2-16B-28B,13.0,0.9904345453286615,C,Intermittent,3.75,0.33925049309664695,4,TEC,0920压出成型机,山东
TT-2-01-15-15-2NM,13.0,0.9904521937690145,C,Intermittent,5.0,0.23076923076923078,3,ME,,上海
SFC-060SA2-19B-35B,13.0,0.9904698422093675,C,Lumpy,7.5,1.4319526627218935,2,TEC,,云南
SFF-120DS-55B-55B-600N,13.0,0.9904874906497205,C,Intermittent,5.0,0.23076923076923078,3,TEC,1090其他机床,云南
SFF-100DS-42K-42K,13.0,0.9905051390900735,C,Intermittent,3.75,0.27613412228796846,4,TEC,,广东
N-18-40S,13.0,0.9905227875304266,C,Lumpy,7.5,0.5798816568047337,2,TEC,9099其他机械,上海
SFC-030SA2-5B-12B,13.0,0.9905404359707796,C,Intermittent,5.0,0.23076923076923078,3,TEC,1190其他半导体关联装置,上海
SFC-060DA2-22B-24K,12.0,0.9905567268387978,C,Lumpy,7.5,0.8888888888888891,2,TEC,1030其他金属加工机械,广东
SFC-050DA2-12BH-24BH,12.0,0.9905730177068159,C,Lumpy,15.0,,1,TEC,1210直接驱动机器人,江苏
SFC-050DA2-13B-24B,12.0,0.9905893085748342,C,Intermittent,5.0,0.0,3,TEC,,陕西
SFC-100DA2-42B-42B,12.0,0.9906055994428523,C,Intermittent,5.0,0.18749999999999997,3,TEC,,上海
SFC-090SA2-30BH-30BH,12.0,0.9906218903108704,C,Intermittent,7.5,0.055555555555555566,2,TEC,1090其他机床,重庆
SFS-06W-C,12.0,0.9906381811788887,C,Lumpy,7.5,0.8888888888888891,2,TEC,,广东
ALS-105ARN-55BHA-55BHA,12.0,0.9906544720469068,C,Lumpy,3.75,0.6666666666666665,4,TEC,9099其他机械,江苏
SFC-060SA2-15B-22B,12.0,0.9906707629149251,C,Intermittent,3.0,0.4861111111111112,5,TEC,1190其他半导体关联装置,上海
SFF-120SS-38K-40KK-600N,12.0,0.9906870537829432,C,Lumpy,7.5,0.8888888888888891,2,TEC,9099其他机械,江苏
CS-10-33G 24V 20DIN,12.0,0.9907033446509613,C,Lumpy,3.75,0.5925925925925924,4,CB,1090其他机床,上海
SFC-050DA2-17B-19K,12.0,0.9907196355189796,C,Lumpy,15.0,,1,TEC,1510测试仪,浙江
111-10-13G 24V,12.0,0.9907359263869977,C,Intermittent,3.0,0.4861111111111112,5,CB,1190其他半导体关联装置,上海
SFC-060SA2-19BJ-28BJ,12.0,0.9907522172550159,C,Intermittent,2.5,0.4,6,TEC,,安徽
SFC-050SA2-15B-18B,12.0,0.9907685081230341,C,Lumpy,7.5,1.388888888888889,2,TEC,1190其他半导体关联装置,上海
SFF-090DS-25K-40K,12.0,0.9907847989910522,C,Intermittent,7.5,0.055555555555555566,2,TEC,1010切削机械,江苏
SFF-090DS-35K-35K-300N,12.0,0.9908010898590704,C,Lumpy,15.0,,1,TEC,1090其他机床,安徽
SFC-100SA2-35B-35K,12.0,0.9908173807270886,C,Lumpy,15.0,,1,TEC,9099其他机械,广东
101-08-11G 24V R20DIN A20DIN,12.0,0.9908336715951067,C,Lumpy,15.0,,1,CB,,广东
TT-2X-03-20-15NM,12.0,0.990849962463125,C,Lumpy,15.0,,1,ME,,广东
SFC-060DA2-14BH-28BH,12.0,0.9908662533311431,C,Intermittent,5.0,0.43750000000000006,3,TEC,,江苏
ALS-040ABN-12BHA-14BHA,12.0,0.9908825441991613,C,Lumpy,15.0,,1,TEC,,吉林
ETP-A-55,12.0,0.9908988350671795,C,Lumpy,15.0,,1,TEC,9099其他机械,江苏
SFS-05S 12H-15H,12.0,0.9909151259351976,C,Lumpy,3.0,0.8333333333333336,5,TEC,9099其他机械,江苏
SFF-100SS-32K-35KS,12.0,0.9909314168032158,C,Lumpy,15.0,,1,TEC,1010切削机械,辽宁
SFS-06S 15H-19H,12.0,0.990947707671234,C,Lumpy,2.142857142857143,1.2152777777777777,7,TEC,9099其他机械,江苏
SFC-030DA2-7B-14B,12.0,0.9909639985392522,C,Intermittent,7.5,0.22222222222222227,2,TEC,1590其他测试仪·实验器,江苏
BXW-04-10S-24V-8,12.0,0.9909802894072703,C,Lumpy,15.0,,1,CB,1590其他测试仪·实验器,广东
SFF-080DS-30K-35K,12.0,0.9909965802752885,C,Lumpy,3.0,0.7465277777777777,5,TEC,,江苏
SFC-030SA2-13B-13B,12.0,0.9910128711433067,C,Lumpy,5.0,0.7499999999999999,3,TEC,1190其他半导体关联装置,江苏
SFC-025SA2-8B-11B,12.0,0.9910291620113248,C,Intermittent,3.0,0.22569444444444448,5,TEC,1190其他半导体关联装置,山东
ETP-A-19,12.0,0.9910454528793431,C,Intermittent,7.5,0.22222222222222227,2,TEC,,广东
SFC-030DA2-12BH-14BH,12.0,0.9910617437473612,C,Lumpy,15.0,,1,TEC,1590其他测试仪·实验器,广东
SFC-080SA2-20B-35B,12.0,0.9910780346153794,C,Lumpy,15.0,,1,TEC,0920压出成型机,山东
ALS-055ARN-20BHA-28BHA,12.0,0.9910943254833976,C,Lumpy,15.0,,1,TEC,,广东
SFC-050SA2-15B-24B,12.0,0.9911106163514157,C,Intermittent,2.5,0.29999999999999993,6,TEC,1140半导体检查装置,北京
SFC-050DA2-18B-20B,12.0,0.991126907219434,C,Intermittent,7.5,0.0,2,TEC,1190其他半导体关联装置,江苏
SFC-025DA2-11K-14B,12.0,0.9911431980874521,C,Lumpy,15.0,,1,TEC,1190其他半导体关联装置,江苏
SFC-040DA2-17BH-19BH,12.0,0.9911594889554702,C,Intermittent,5.0,0.0625,3,TEC,1130半导体组装装置,上海
SFF-120DS-40K-40K-600N,12.0,0.9911757798234885,C,Intermittent,3.0,0.4861111111111112,5,TEC,1090其他机床,上海
SFF-100SS-50K-50K-450N,12.0,0.9911920706915066,C,Lumpy,5.0,0.7499999999999999,3,TEC,,上海
101-12-11G 24V R25DIN A25DIN,12.0,0.9912083615595247,C,Intermittent,3.75,0.3703703703703704,4,CB,9099其他机械,广东
SFC-040DA2-18B-18J,12.0,0.991224652427543,C,Intermittent,7.5,0.0,2,TEC,1190其他半导体关联装置,江苏
SFC-050SA2-16BH-16BH,12.0,0.9912409432955611,C,Intermittent,3.0,0.4861111111111112,5,TEC,,天津
SFF-080SS-22B-24B-200N,12.0,0.9912572341635794,C,Lumpy,7.5,1.388888888888889,2,TEC,9099其他机械,广东
SFC-020DA2-6B-10B,12.0,0.9912735250315975,C,Lumpy,5.0,1.6875,3,TEC,0320搬运吊车·起重机,江苏
SFC-040DA2-10K-16J,12.0,0.9912898158996156,C,Intermittent,3.0,0.1388888888888889,5,TEC,1010切削机械,山东
SFC-040SA2-8B-12B,11.0,0.991304749195299,C,Intermittent,5.0,0.4710743801652894,3,TEC,0890其他油压气压机械,天津
SFC-030SA2-8B-14BH,11.0,0.9913196824909823,C,Lumpy,5.0,0.6942148760330581,3,TEC,,江苏
SFF-100DS-38KK-55KK,11.0,0.9913346157866657,C,Lumpy,3.75,0.650137741046832,4,TEC,9099其他机械,湖南
SFC-090DA2-30B-32B,11.0,0.991349549082349,C,Intermittent,7.5,0.016528925619834715,2,TEC,1610印刷机械,江苏
CS-16-35G 24V R30JIS A30JIS,11.0,0.9913644823780323,C,Intermittent,5.0,0.39669421487603324,3,CB,1610印刷机械,江苏
SFC-060DA2-25B-28B,11.0,0.9913794156737157,C,Intermittent,7.5,0.41322314049586784,2,TEC,1030其他金属加工机械,江苏
SFC-035DA2-15B-19B,11.0,0.9913943489693989,C,Lumpy,2.5,0.5256198347107438,6,TEC,1140半导体检查装置,广东
PSL-K-35,11.0,0.9914092822650823,C,Lumpy,7.5,1.3388429752066118,2,TEC,9099其他机械,四川
SFS-10W,11.0,0.9914242155607657,C,Lumpy,5.0,1.0661157024793393,3,TEC,1190其他半导体关联装置,北京
ALS-080ARN-38BHA-38BHA,11.0,0.9914391488564489,C,Intermittent,2.5,0.16859504132231407,6,TEC,9099其他机械,江苏
ALS-105ARN-40BHA-50BHA,11.0,0.9914540821521323,C,Lumpy,3.0,0.9710743801652891,5,TEC,1090其他机床,江苏
PSL-D-17,11.0,0.9914690154478156,C,Lumpy,5.0,1.0661157024793393,3,TEC,,江苏
SFC-090SA2-30B-38B,11.0,0.9914839487434989,C,Intermittent,7.5,0.41322314049586784,2,TEC,1010切削机械,浙江
ALS-040ARN-16BHA-22BHA,11.0,0.9914988820391822,C,Lumpy,7.5,1.3388429752066118,2,TEC,1190其他半导体关联装置,江苏
ALS-080ARN-28BHA-42BHA,11.0,0.9915138153348656,C,Intermittent,5.0,0.09917355371900828,3,TEC,1090其他机床,云南
 CF-A-008-S0-1360,11.0,0.991528748630549,C,Intermittent,7.5,0.41322314049586784,2,CF,0290其他动力传动装置,天津
SFF-120DS-40B-50B-600N,11.0,0.9915436819262322,C,Intermittent,7.5,0.016528925619834715,2,TEC,1090其他机床,云南
P-164-MAT-24H,11.0,0.9915586152219156,C,Lumpy,7.5,1.3388429752066118,2,ME,,广东
P-98-MAT-14H,11.0,0.9915735485175989,C,Intermittent,3.0,0.3512396694214875,5,ME,1910包装机械,上海
SFC-080SA2-25B-32B,11.0,0.9915884818132822,C,Intermittent,5.0,0.4710743801652894,3,TEC,9099其他机械,辽宁
ALS-040ARN-16BHA-19BHH,11.0,0.9916034151089655,C,Intermittent,7.5,0.016528925619834715,2,TEC,1010切削机械,广东
SFF-100DS-42K-48K,11.0,0.9916183484046489,C,Intermittent,7.5,0.016528925619834715,2,TEC,,安徽
SFC-080DA2-22B-24B,11.0,0.9916332817003322,C,Intermittent,7.5,0.016528925619834715,2,TEC,,广东
CF-A-250-SO-1360,11.0,0.9916482149960155,C,Intermittent,3.0,0.14462809917355368,5,CF,0390其他运输机械,天津
SFC-080SA2-19B-20B,11.0,0.9916631482916989,C,Lumpy,7.5,1.3388429752066118,2,TEC,9099其他机械,上海
SFC-080SA2-18BH-19BH,11.0,0.9916780815873821,C,Intermittent,3.0,0.3512396694214875,5,TEC,1190其他半导体关联装置,江苏
SFC-030DA2-6B-14B,11.0,0.9916930148830655,C,Intermittent,3.75,0.29752066115702475,4,TEC,1190其他半导体关联装置,江苏
SFC-050DA2-16B-20B,11.0,0.9917079481787489,C,Lumpy,5.0,1.0661157024793393,3,TEC,1010切削机械,山东
ALS-065ARN-16BHA-24BHA,11.0,0.9917228814744322,C,Lumpy,15.0,,1,TEC,1090其他机床,广东
SFC-030DA2-5B-14B,11.0,0.9917378147701155,C,Intermittent,5.0,0.32231404958677695,3,TEC,1590其他测试仪·实验器,江苏
SFM-120DS-T008N,11.0,0.9917527480657988,C,Lumpy,15.0,,1,TEC,1520试验器,江苏
SFC-040SA2-15B-19B,11.0,0.9917676813614822,C,Intermittent,3.75,0.12121212121212119,4,TEC,1590其他测试仪·实验器,江苏
BXW-05-10-02,11.0,0.9917826146571654,C,Lumpy,5.0,0.6942148760330579,3,CB,,北京
ALS-040ARN-14BHA-20BHA,11.0,0.9917975479528488,C,Intermittent,2.142857142857143,0.25068870523415976,7,TEC,1190其他半导体关联装置,江苏
SFC-030SA2-9B-12B,11.0,0.9918124812485322,C,Lumpy,5.0,0.6198347107438017,3,TEC,1590其他测试仪·实验器,江苏
SFC-050DA2-18BH-22BH,10.0,0.9918260569718806,C,Lumpy,7.5,1.28,2,TEC,1190其他半导体关联装置,江苏
ALS-080ARN-22BHA-35BHA,10.0,0.9918396326952291,C,Lumpy,15.0,,1,TEC,,浙江
ALS-040ARN-12BHA-19BKA,10.0,0.9918532084185776,C,Lumpy,15.0,,1,TEC,,陕西
SFC-060SA2-20B-32B,10.0,0.9918667841419261,C,Intermittent,5.0,0.48000000000000015,3,TEC,1190其他半导体关联装置,江苏
ALS-040ARN-9.525BHA-15BHA,10.0,0.9918803598652746,C,Intermittent,7.5,0.0,2,TEC,1190其他半导体关联装置,江苏
ALS-040ARN-T020,10.0,0.991893935588623,C,Lumpy,15.0,,1,TEC,1090其他机床,广东
SFF-090SS-25K-25K,10.0,0.9919075113119715,C,Intermittent,7.5,0.32,2,TEC,9099其他机械,上海
SFF-140DS-42KJ-55KJ-800N,10.0,0.99192108703532,C,Lumpy,15.0,,1,TEC,1910包装机械,广东
SFF-140DS-55K-55K-1000N,10.0,0.9919346627586685,C,Lumpy,3.0,1.2500000000000002,5,TEC,1090其他机床,广东
SFF-140DS-48KJ-55KJ-1000N,10.0,0.991948238482017,C,Lumpy,15.0,,1,TEC,1910包装机械,广东
ALS-080ARN-32BHA-38BHA,10.0,0.9919618142053654,C,Lumpy,15.0,,1,TEC,1030其他金属加工机械,浙江
CS-10-33G 24V 20JIS,10.0,0.9919753899287139,C,Lumpy,15.0,,1,CB,1910包装机械,浙江
BXR-08-20-012-24V-20DIN,10.0,0.9919889656520624,C,Intermittent,3.75,0.48,4,CB,1320医疗·看护·福祉用机器人,北京
SFC-035DA2-13B-19B,10.0,0.9920025413754109,C,Lumpy,15.0,,1,TEC,1090其他机床,广东
SFC-050DA2-24B-28B,10.0,0.9920161170987594,C,Lumpy,15.0,,1,TEC,1510测试仪,浙江
ALS-055ARN-18BHH-22BHH,10.0,0.9920296928221078,C,Lumpy,15.0,,1,TEC,1210直接驱动机器人,江苏
ALS-055ARN-20BHA-24BKA,10.0,0.9920432685454563,C,Lumpy,15.0,,1,TEC,1010切削机械,广东
111-08-12G 24V 15JIS N14,10.0,0.9920568442688048,C,Lumpy,15.0,,1,CB,8020贸易公司,广东
TT-3-03-25H-25NM-P,10.0,0.9920704199921533,C,Lumpy,15.0,,1,ME,,江苏
锥套SFC-050DA2-B-14BC,10.0,0.9920839957155018,C,Lumpy,15.0,,1,TEC,1090其他机床,山东
ZK25-0330-C-2-005-003-48V,10.0,0.9920975714388502,C,Lumpy,15.0,,1,ME,1190其他半导体关联装置,江苏
101-12-11G 24V R22DIN A30DIN,10.0,0.9921111471621986,C,Lumpy,15.0,,1,CB,9004其他加工机械,上海
SFF-120DS-40B-55B-600N,10.0,0.9921247228855471,C,Intermittent,7.5,0.0,2,TEC,1090其他机床,云南
BXH-08-10-A-89,10.0,0.9921382986088956,C,Lumpy,15.0,,1,CB,1010切削机械,辽宁
SFS-12W 40H-40H,10.0,0.992151874332244,C,Lumpy,15.0,,1,TEC,1590其他测试仪·实验器,广东
101-10-15G 24V R20DIN A20DIN,10.0,0.9921654500555925,C,Intermittent,5.0,0.20999999999999994,3,CB,1610印刷机械,广东
SFC-040DA2-15BH-22BH,10.0,0.992179025778941,C,Lumpy,15.0,,1,TEC,,江苏
101-10-13G 24V 20JIS,10.0,0.9921926015022895,C,Intermittent,3.75,0.16000000000000003,4,CB,,江苏
SFC-050SA2-10B-15B,10.0,0.992206177225638,C,Intermittent,7.5,0.08,2,TEC,1190其他半导体关联装置,上海
SFC-050DA2-22BH-25BH,10.0,0.9922197529489865,C,Intermittent,5.0,0.48000000000000015,3,TEC,1190其他半导体关联装置,江苏
SFC-060SA2-15B-15B,10.0,0.9922333286723349,C,Lumpy,15.0,,1,TEC,,江苏
SFC-060DA2-30B-35BH,10.0,0.9922469043956834,C,Lumpy,15.0,,1,TEC,1010切削机械,安徽
DH9503 1P600V120A L=500MM,10.0,0.9922604801190319,C,Lumpy,15.0,,1,ME,1590其他测试仪·实验器,河南
ALS-055ARN-16BHH-16BHH,10.0,0.9922740558423804,C,Lumpy,15.0,,1,TEC,1210直接驱动机器人,江苏
SFF-090SS-30K-35KS,10.0,0.9922876315657289,C,Lumpy,15.0,,1,TEC,9099其他机械,浙江
SFC-050DA2-17BH-19BH,10.0,0.9923012072890773,C,Lumpy,7.5,0.7199999999999998,2,TEC,2190其他能源装置,广东
CS-06-31G 24V R12DIN A12DIN,10.0,0.9923147830124258,C,Lumpy,5.0,1.4700000000000002,3,CB,1910包装机械,广东
SFC-080SA2-T002,10.0,0.9923283587357743,C,Lumpy,15.0,,1,TEC,1090其他机床,浙江
ALS-080ARN-30BHA-32BHA,10.0,0.9923419344591228,C,Lumpy,15.0,,1,TEC,1090其他机床,福建
SFC-090DA2-32BH-32BH,10.0,0.9923555101824713,C,Lumpy,15.0,,1,TEC,1190其他半导体关联装置,江苏
SFC-060SA2-16B-25B,10.0,0.9923690859058197,C,Lumpy,15.0,,1,TEC,1190其他半导体关联装置,上海
ALS-095ARN-38BHA-40BHA,10.0,0.9923826616291682,C,Intermittent,3.0,0.12500000000000003,5,TEC,1090其他机床,福建
SFF-080SS-22K-24K-150N,10.0,0.9923962373525167,C,Lumpy,15.0,,1,TEC,1090其他机床,山东
ROTOR HUB SET BXW-03-10 8MM,10.0,0.9924098130758652,C,Lumpy,15.0,,1,CB,1590其他测试仪·实验器,广东
ETP-A-42,10.0,0.9924233887992137,C,Lumpy,15.0,,1,TEC,,辽宁
SFC-060DA2-22B-30B,10.0,0.9924369645225621,C,Intermittent,5.0,0.3900000000000001,3,TEC,1190其他半导体关联装置,上海
SFC-090DA2-T072,10.0,0.9924505402459106,C,Lumpy,15.0,,1,TEC,1010切削机械,浙江
ALS-030ABN-8BHA-10BHA,10.0,0.9924641159692591,C,Intermittent,7.5,0.08,2,TEC,1130半导体组装装置,上海
SFF-100SS-32KK-38K,10.0,0.9924776916926076,C,Lumpy,15.0,,1,TEC,9099其他机械,江苏
ALS-105ARN-35BHA-48BHA,10.0,0.9924912674159561,C,Intermittent,7.5,0.0,2,TEC,1090其他机床,云南
112-03-13 24V,10.0,0.9925048431393045,C,Lumpy,15.0,,1,CB,,上海
SFS-06G-15M-16C,10.0,0.992518418862653,C,Lumpy,15.0,,1,TEC,1010切削机械,河北
SFC-100DA2-40B-40K,10.0,0.9925319945860015,C,Lumpy,15.0,,1,TEC,1010切削机械,江苏
CF-A-008-O2-1360,10.0,0.99254557030935,C,Lumpy,7.5,0.7199999999999998,2,CF,0610汽车,广东
SFC-080DA2-T094,10.0,0.9925591460326985,C,Lumpy,15.0,,1,TEC,1010切削机械,浙江
SFC-080DA2-20B-32B,10.0,0.9925727217560469,C,Lumpy,3.75,0.9066666666666667,4,TEC,1520试验器,天津
SFC-050SA2-18B-22K,10.0,0.9925862974793954,C,Intermittent,3.0,0.37499999999999994,5,TEC,1010切削机械,山东
ALS-080ARN-26BHA-32BKA,10.0,0.9925998732027439,C,Lumpy,15.0,,1,TEC,,浙江
SFF-100DS-32B-32B-450N,10.0,0.9926134489260924,C,Lumpy,15.0,,1,TEC,1910包装机械,浙江
SFS-08S 15H-24H,10.0,0.9926270246494409,C,Lumpy,3.0,1.2500000000000002,5,TEC,9099其他机械,江苏
SFC-025DA2-8B-14BH,10.0,0.9926406003727893,C,Lumpy,15.0,,1,TEC,9099其他机械,上海
SFC-025SA2-5B-8B,10.0,0.9926541760961378,C,Lumpy,3.0,0.7499999999999999,5,TEC,1510测试仪,浙江
SFF-090SS-32K-38K,10.0,0.9926677518194863,C,Lumpy,15.0,,1,TEC,1090其他机床,安徽
SFF-090SS-32K-35KK-300N,10.0,0.9926813275428348,C,Lumpy,15.0,,1,TEC,9099其他机械,江苏
ALS-065ARN-14BHA-17BHA,10.0,0.9926949032661833,C,Lumpy,15.0,,1,TEC,1010切削机械,陕西
ALS-040ARN-24BKA-24BHA,10.0,0.9927084789895317,C,Intermittent,5.0,0.20999999999999994,3,TEC,,浙江
SFF-090SS-35K-45K,10.0,0.9927220547128802,C,Lumpy,3.75,0.9066666666666667,4,TEC,1010切削机械,浙江
SFF-090SS-35K-38KK,10.0,0.9927356304362287,C,Lumpy,15.0,,1,TEC,1010切削机械,广东
ELEMENT CF-B-120-H,10.0,0.9927492061595772,C,Intermittent,5.0,0.48000000000000015,3,CF,0840其他泵,北京
SFF-100DS-35B-40B-450N,10.0,0.9927627818829257,C,Intermittent,7.5,0.0,2,TEC,1090其他机床,云南
SFF-100DS-35B-45B-450N,10.0,0.9927763576062741,C,Intermittent,7.5,0.0,2,TEC,1090其他机床,云南
SFF-100DS-35K-38K,10.0,0.9927899333296226,C,Intermittent,3.75,0.2666666666666666,4,TEC,9099其他机械,辽宁
SFF-100DS-32KK-38K,10.0,0.9928035090529711,C,Lumpy,15.0,,1,TEC,9099其他机械,江苏
SFF-100DS-32KK-35K-450N,10.0,0.9928170847763196,C,Lumpy,15.0,,1,TEC,9099其他机械,江苏
SFF-100DS-35B-35B-450N,10.0,0.9928306604996681,C,Intermittent,7.5,0.0,2,TEC,1090其他机床,云南
SFF-080SS-28K-35KS,10.0,0.9928442362230165,C,Intermittent,7.5,0.32,2,TEC,1090其他机床,广东
SFF-100SS-35K-35KK-450N,10.0,0.992857811946365,C,Lumpy,15.0,,1,TEC,0920压出成型机,山东
SFF-100SS-35BJ-38BK-450N,10.0,0.9928713876697135,C,Lumpy,7.5,0.7199999999999998,2,TEC,0220减速机,江苏
SFF-100SS-38K-40KK,10.0,0.992884963393062,C,Intermittent,5.0,0.48000000000000015,3,TEC,1010切削机械,浙江
SFF-100SS-38K-38K,10.0,0.9928985391164105,C,Lumpy,15.0,,1,TEC,1090其他机床,安徽
SFS-06S-14M-11C,10.0,0.9929121148397589,C,Lumpy,2.5,0.5279999999999999,6,TEC,9099其他机械,广东
JK42,10.0,0.9929256905631074,C,Intermittent,7.5,0.0,2,ME,1610印刷机械,北京
ALS-065ARN-22BHA-32BKA,10.0,0.9929392662864559,C,Lumpy,15.0,,1,TEC,1010切削机械,浙江
SFC-060DA2-16BH-25BH,10.0,0.9929528420098044,C,Lumpy,7.5,0.7199999999999998,2,TEC,1820医药品制造装置,上海
SFF-100DS-40B-45B-450N,10.0,0.9929664177331529,C,Intermittent,7.5,0.0,2,TEC,1090其他机床,云南
ALS-040ARN-14BHH-18BHH,10.0,0.9929799934565013,C,Intermittent,7.5,0.0,2,TEC,1210直接驱动机器人,江苏
ALS-040ARN-16BHA-17BHA,10.0,0.9929935691798498,C,Lumpy,15.0,,1,TEC,1190其他半导体关联装置,江苏
SFC-040SA2-17B-22B,10.0,0.9930071449031983,C,Lumpy,2.5,0.5279999999999999,6,TEC,1190其他半导体关联装置,上海
SFC-030DA2-9K-11B,10.0,0.9930207206265468,C,Intermittent,3.75,0.16000000000000003,4,TEC,1010切削机械,山东
SFC-060DA2-16BH-20BH,10.0,0.9930342963498953,C,Lumpy,5.0,0.5700000000000001,3,TEC,1190其他半导体关联装置,江苏
AP-98-MAT-19H,10.0,0.9930478720732437,C,Lumpy,3.0,0.5000000000000001,5,ME,,上海
BXW-02-10H-90V-7,10.0,0.9930614477965922,C,Lumpy,15.0,,1,CB,,广东
PE-106-MA-12H,10.0,0.9930750235199407,C,Lumpy,15.0,,1,ME,1910包装机械,北京
SFF-070SS-24K-28K,10.0,0.9930885992432892,C,Lumpy,15.0,,1,TEC,9099其他机械,江苏
ALS-065ARN-T014-32BKA-38BHA,10.0,0.9931021749666377,C,Intermittent,3.75,0.16000000000000003,4,TEC,1090其他机床,福建
P-164-MAT-20H,10.0,0.9931157506899861,C,Intermittent,2.5,0.096,6,ME,0990其他橡胶塑料加工机械,山东
SFC-050SA2-19BJ-25BJ,10.0,0.9931293264133346,C,Intermittent,3.0,0.12500000000000003,5,TEC,,安徽
ETP-T-19,10.0,0.9931429021366831,C,Lumpy,15.0,,1,TEC,,辽宁
ETP-E-055-NK,10.0,0.9931564778600316,C,Lumpy,15.0,,1,TEC,9099其他机械,广东
ETP-E-028-NH,10.0,0.9931700535833801,C,Lumpy,15.0,,1,TEC,1290其他工业机器人,广东
ALS-065ARN-T014-24BHA-28BHA,10.0,0.9931836293067285,C,Intermittent,7.5,0.08,2,TEC,1090其他机床,福建
ALS-065ARN-T016-24BHA-38BKA,10.0,0.993197205030077,C,Intermittent,7.5,0.0,2,TEC,1090其他机床,云南
SFC-060DA2-18BH-22BH,10.0,0.9932107807534255,C,Intermittent,5.0,0.48000000000000015,3,TEC,1190其他半导体关联装置,江苏
SFF-100DS-38K-45K,10.0,0.993224356476774,C,Lumpy,15.0,,1,TEC,9099其他机械,江苏
SFF-100DS-35KK-38KK,10.0,0.9932379322001225,C,Intermittent,7.5,0.0,2,TEC,,江苏
SFC-080DA2-30BH-32BH,10.0,0.9932515079234709,C,Intermittent,5.0,0.03000000000000001,3,TEC,8020贸易公司,江苏
SFF-120DS-55BM-55BM-600N,10.0,0.9932650836468194,C,Intermittent,3.75,0.2666666666666666,4,TEC,8020贸易公司,北京
TT-1X-01-14-10-1.5NM,10.0,0.9932786593701679,C,Lumpy,15.0,,1,ME,,江苏
P-98-MAT-16H,9.0,0.9932908775211815,C,Intermittent,3.0,0.21604938271604937,5,ME,1610印刷机械,上海
SFC-060SA2-17BH-19BH,9.0,0.9933030956721951,C,Intermittent,2.5,0.31111111111111117,6,TEC,,江苏
CS-10-35G 24V R20JIS A20JIS,9.0,0.9933153138232088,C,Intermittent,1.875,0.09876543209876545,8,CB,,浙江
PSL-G-25-C,9.0,0.9933275319742224,C,Intermittent,5.0,0.3333333333333333,3,TEC,1820医药品制造装置,上海
PSL-K-30-F,9.0,0.993339750125236,C,Lumpy,15.0,,1,TEC,1890其他食品机械,上海
CPU-46-A-22B-22B,9.0,0.9933519682762497,C,Intermittent,7.5,0.024691358024691364,2,TEC,,广东
125-08-12E,9.0,0.9933641864272633,C,Intermittent,3.0,0.3703703703703704,5,CB,1590其他测试仪·实验器,广东
111-16-12G 24V 40JIS,9.0,0.9933764045782769,C,Lumpy,3.75,1.234567901234568,4,CB,1590其他测试仪·实验器,江苏
SFS-05S 12H-19H,9.0,0.9933886227292906,C,Intermittent,5.0,0.3333333333333333,3,TEC,9099其他机械,江苏
SFC-040DA2-16B-17B,9.0,0.9934008408803042,C,Intermittent,3.0,0.06172839506172839,5,TEC,1510测试仪,浙江
SFS-06S 17H-19H,9.0,0.9934130590313178,C,Intermittent,3.0,0.21604938271604937,5,TEC,9099其他机械,江苏
SFC-080DA2-22B-38B,9.0,0.9934252771823314,C,Intermittent,3.0,0.06172839506172839,5,TEC,1590其他测试仪·实验器,浙江
BXL-16-10N-080-24V-37,9.0,0.9934374953333451,C,Intermittent,3.75,0.3127572016460905,4,CB,1410医疗装置,上海
BXL-16-10N-13,9.0,0.9934497134843587,C,Lumpy,15.0,,1,CB,0140伺服电机,上海
SFC-080DA2-24B-38B,9.0,0.9934619316353723,C,Intermittent,3.75,0.3127572016460905,4,TEC,1090其他机床,福建
BXW-01-10L-24V-6,9.0,0.993474149786386,C,Lumpy,7.5,0.617283950617284,2,CB,1820医药品制造装置,山东
SFC-050SA2-12B-12B,9.0,0.9934863679373996,C,Lumpy,3.75,1.234567901234568,4,TEC,1190其他半导体关联装置,上海
ALS-105ARN-40BHA-60BHA,9.0,0.9934985860884132,C,Intermittent,2.5,0.1333333333333333,6,TEC,1090其他机床,福建
SFC-020DA2-5B-10B,9.0,0.9935108042394268,C,Intermittent,7.5,0.024691358024691364,2,TEC,8020贸易公司,上海
SFC-020DA2-5B-7B,9.0,0.9935230223904405,C,Intermittent,3.75,0.3127572016460905,4,TEC,1590其他测试仪·实验器,江苏
SFC-090SA2-25B-32K,9.0,0.9935352405414541,C,Lumpy,7.5,1.2098765432098764,2,TEC,0920压出成型机,山东
ALS-080ARN-35BHA-45BHA,9.0,0.9935474586924677,C,Lumpy,15.0,,1,TEC,9099其他机械,江苏
ALS-065ARN-T014-28BHA-35BHA,9.0,0.9935596768434815,C,Intermittent,7.5,0.024691358024691364,2,TEC,1090其他机床,福建
ALS-065ARN-T016-22BHA-25BHA,9.0,0.993571894994495,C,Lumpy,15.0,,1,TEC,1090其他机床,云南
SFF-070SS-24K-35K-100N,9.0,0.9935841131455087,C,Lumpy,15.0,,1,TEC,,安徽
SFC-050DA2-16B-25B,9.0,0.9935963312965224,C,Intermittent,3.0,0.21604938271604937,5,TEC,1190其他半导体关联装置,上海
SFF-080DS-24K-35KS,9.0,0.993608549447536,C,Intermittent,7.5,0.22222222222222215,2,TEC,1090其他机床,广东
SFF-090DS-32K-35K-300N,9.0,0.9936207675985496,C,Intermittent,7.5,0.024691358024691364,2,TEC,,江苏
ALS-065ABN-35BHA-38BHA,9.0,0.9936329857495632,C,Intermittent,7.5,0.22222222222222215,2,TEC,,江苏
SFC-050DA2-14B-22B,9.0,0.9936452039005769,C,Lumpy,7.5,1.2098765432098764,2,TEC,8020贸易公司,上海
SFF-090DS-40K-40KJ,9.0,0.9936574220515905,C,Lumpy,15.0,,1,TEC,,江苏
ALS-055-R,9.0,0.9936696402026041,C,Lumpy,15.0,,1,TEC,1190其他半导体关联装置,上海
SFF-090SS-35KS-38K,9.0,0.9936818583536178,C,Lumpy,7.5,1.2098765432098764,2,TEC,1010切削机械,浙江
ALS-040ARN-19BHA-24BHA,9.0,0.9936940765046314,C,Intermittent,5.0,0.3333333333333333,3,TEC,1190其他半导体关联装置,江苏
SFF-090SS-38B-38BK-300N,9.0,0.993706294655645,C,Intermittent,5.0,0.0,3,TEC,0920压出成型机,山东
SFC-040SA2-16B-17B,9.0,0.9937185128066586,C,Lumpy,2.5,0.6666666666666665,6,TEC,1190其他半导体关联装置,上海
SFC-040SA2-10B-10B,9.0,0.9937307309576723,C,Intermittent,5.0,0.3333333333333333,3,TEC,9099其他机械,上海
SFF-100SS-38KK-40K-450N,9.0,0.9937429491086859,C,Intermittent,7.5,0.22222222222222215,2,TEC,,北京
PSL-D-22,9.0,0.9937551672596995,C,Lumpy,5.0,1.3333333333333333,3,TEC,9099其他机械,陕西
SFC-060SA2-15B-16B,9.0,0.9937673854107132,C,Lumpy,5.0,1.3333333333333333,3,TEC,1140半导体检查装置,广东
102-05-13 24V 10JIS,9.0,0.9937796035617268,C,Intermittent,5.0,0.3333333333333333,3,CB,9099其他机械,广东
111-12-11G 24V 30JIS,9.0,0.9937918217127404,C,Intermittent,7.5,0.22222222222222215,2,CB,1590其他测试仪·实验器,广东
SFC-040DA2-12BH-19BH,9.0,0.993804039863754,C,Lumpy,7.5,1.2098765432098764,2,TEC,1410医疗装置,广东
SFC-040DA2-12B-15B,9.0,0.9938162580147677,C,Lumpy,3.0,0.9876543209876547,5,TEC,1590其他测试仪·实验器,江苏
101-12-11N 24V R30DIN A30DIN,9.0,0.9938284761657813,C,Intermittent,3.0,0.21604938271604937,5,CB,1640纸加工机械,天津
101-12-13G 24V 25JIS,9.0,0.9938406943167949,C,Intermittent,5.0,0.0,3,CB,,江苏
SRG-070AS-T009,8.0,0.9938515548954737,C,Lumpy,15.0,,1,TEC,1010切削机械,浙江
CPE-19-4.5B-4.5B,8.0,0.9938624154741525,C,Lumpy,15.0,,1,TEC,,江苏
ZKSY830(增量),8.0,0.9938732760528313,C,Lumpy,15.0,,1,ME,1190其他半导体关联装置,江苏
ZKSY-830-C2-3M,8.0,0.9938841366315101,C,Lumpy,15.0,,1,ME,1190其他半导体关联装置,江苏
SFC-035SA2-8B-12B,8.0,0.9938949972101888,C,Lumpy,7.5,0.5000000000000001,2,TEC,1190其他半导体关联装置,上海
SFC-035SA2-14B-15B,8.0,0.9939058577888676,C,Lumpy,3.75,0.5000000000000001,4,TEC,1190其他半导体关联装置,北京
SFC-040DA2-14B-15B,8.0,0.9939167183675465,C,Lumpy,3.75,0.5000000000000001,4,TEC,1190其他半导体关联装置,上海
SFC-050SA2-16BH-22BH,8.0,0.9939275789462252,C,Lumpy,15.0,,1,TEC,,江苏
SFC-050SA2-15BH-16BH,8.0,0.993938439524904,C,Intermittent,3.75,0.16666666666666666,4,TEC,,安徽
121-10-10G,8.0,0.9939493001035827,C,Intermittent,3.0,0.11718749999999996,5,CB,,江苏
SFC-040SA2-11B-17K,8.0,0.9939601606822616,C,Lumpy,15.0,,1,TEC,1510测试仪,浙江
ELEMENT CF-B-080,8.0,0.9939710212609404,C,Lumpy,15.0,,1,CF,0840其他泵,北京
SFC-060DA2-20B-28B,8.0,0.9939818818396191,C,Intermittent,5.0,0.18749999999999997,3,TEC,8020贸易公司,上海
SFC-035DA2-6B-14B,8.0,0.9939927424182979,C,Intermittent,7.5,0.0,2,TEC,1190其他半导体关联装置,江苏
SFC-040DA2-15B-15B,8.0,0.9940036029969767,C,Lumpy,7.5,0.5000000000000001,2,TEC,1590其他测试仪·实验器,广东
SFC-035SA2-10B-15B,8.0,0.9940144635756555,C,Lumpy,15.0,,1,TEC,,北京
SFF-100SS-42K-45K,8.0,0.9940253241543342,C,Lumpy,3.0,0.7031249999999999,5,TEC,1010切削机械,浙江
CBW-06N-SR-30,8.0,0.994036184733013,C,Intermittent,3.0,0.11718749999999996,5,CB,,上海
SFC-080DA2-25B-35K,8.0,0.9940470453116919,C,Lumpy,15.0,,1,TEC,,江苏
AK-124-MAT-14K,8.0,0.9940579058903706,C,Intermittent,7.5,0.12500000000000003,2,ME,,山东
SFF-100DS-32KK-35K,8.0,0.9940687664690494,C,Lumpy,7.5,0.5000000000000001,2,TEC,0920压出成型机,山东
SFC-040SA2-15B-15B,8.0,0.9940796270477281,C,Lumpy,7.5,0.5000000000000001,2,TEC,8020贸易公司,北京
ALS-020-R-6B-8B,8.0,0.994090487626407,C,Intermittent,3.75,0.3333333333333333,4,TEC,9004其他加工机械,广东
ALS-040ABN-19BHA-20BHA,8.0,0.9941013482050858,C,Intermittent,5.0,0.18749999999999997,3,TEC,9010清洁机械,上海
SFC-030SA2-10B-14K,8.0,0.9941122087837645,C,Intermittent,7.5,0.12500000000000003,2,TEC,8020贸易公司,广东
SFF-100SS-38BK-40BJ-450N,8.0,0.9941230693624433,C,Lumpy,7.5,0.5000000000000001,2,TEC,9004其他加工机械,上海
SFC-060DA2-16B-19B,8.0,0.994133929941122,C,Lumpy,15.0,,1,TEC,1190其他半导体关联装置,上海
JS-C-104.110-250Nm,8.0,0.9941447905198009,C,Lumpy,7.5,0.5000000000000001,2,ME,9099其他机械,上海
SFC-025SA2-12BH-13B,8.0,0.9941556510984797,C,Intermittent,7.5,0.0,2,TEC,1190其他半导体关联装置,江苏
SFF-070DS-22K-22K,8.0,0.9941665116771584,C,Intermittent,7.5,0.0,2,TEC,1010切削机械,山东
ALS-065ARN-25BHA-25BHA,8.0,0.9941773722558372,C,Intermittent,5.0,0.04687500000000002,3,TEC,1510测试仪,四川
SFF-080DS-T042,8.0,0.994188232834516,C,Intermittent,7.5,0.12500000000000003,2,TEC,9099其他机械,广东
SFF-070DS-22K-28K,8.0,0.9941990934131948,C,Intermittent,7.5,0.0,2,TEC,1010切削机械,山东
BES-40-53,8.0,0.9942099539918736,C,Intermittent,3.0,0.3124999999999999,5,CB,,天津
ALS-095ARN-28BHA-35BHA,8.0,0.9942208145705523,C,Intermittent,2.142857142857143,0.10937500000000001,7,TEC,,江苏
SFC-090DA2-30BH-30BH,8.0,0.9942316751492312,C,Intermittent,7.5,0.12500000000000003,2,TEC,1090其他机床,重庆
SD-75B-180-20-40R,8.0,0.9942425357279099,C,Intermittent,7.5,0.0,2,ME,9099其他机械,上海
SFC-050DA2-25B-25B,8.0,0.9942533963065887,C,Intermittent,5.0,0.04687500000000002,3,TEC,1590其他测试仪·实验器,上海
SFC-050DA2-20B-20K,8.0,0.9942642568852675,C,Lumpy,15.0,,1,TEC,1190其他半导体关联装置,江苏
SFF-050SS-17B-19B-25N,8.0,0.9942751174639463,C,Lumpy,7.5,0.5000000000000001,2,TEC,1090其他机床,浙江
SFF-070DS-20B-32BK-100N,8.0,0.9942859780426251,C,Lumpy,15.0,,1,TEC,1150半导体实装装置,广东
ALS-065ARN-19BHH-24BHA,8.0,0.9942968386213038,C,Lumpy,15.0,,1,TEC,1010切削机械,江苏
ALS-040ARN-20BHA-20BHA,8.0,0.9943076991999826,C,Lumpy,5.0,0.6093750000000002,3,TEC,1190其他半导体关联装置,四川
SFC-050DA2-12B-14B,8.0,0.9943185597786615,C,Intermittent,3.0,0.3124999999999999,5,TEC,1190其他半导体关联装置,上海
SFC-050DA2-12BH-19BH,8.0,0.9943294203573402,C,Lumpy,15.0,,1,TEC,1590其他测试仪·实验器,江苏
SFC-030DA2-11B-12B,8.0,0.994340280936019,C,Intermittent,5.0,0.18749999999999997,3,TEC,8020贸易公司,上海
ALS-055AYN-16BKA-24BKA,8.0,0.9943511415146977,C,Intermittent,5.0,0.18749999999999997,3,TEC,9099其他机械,上海
SFF-090DS-30K-38K,8.0,0.9943620020933766,C,Intermittent,5.0,0.18749999999999997,3,TEC,9099其他机械,江苏
SFC-050DA2-12B-25B,8.0,0.9943728626720553,C,Intermittent,7.5,0.0,2,TEC,9099其他机械,上海
SFC-090DA2-35BH-35BH,8.0,0.9943837232507341,C,Intermittent,5.0,0.18749999999999997,3,TEC,9099其他机械,江苏
ALS-095ARN-38BKA-40BHA,8.0,0.9943945838294129,C,Intermittent,7.5,0.12500000000000003,2,TEC,1030其他金属加工机械,广东
SFC-090SA2-40B-40B,8.0,0.9944054444080916,C,Lumpy,15.0,,1,TEC,9099其他机械,江西
SFC-090SA2-30B-35B,8.0,0.9944163049867705,C,Lumpy,5.0,0.6093750000000002,3,TEC,1190其他半导体关联装置,广东
SFC-050DA2-17BH-24BH,8.0,0.9944271655654492,C,Lumpy,15.0,,1,TEC,,江苏
SFC-050DA2-17BJ-25BJ,8.0,0.994438026144128,C,Intermittent,7.5,0.0,2,TEC,,北京
SFC-050DA2-18BH-18BH,8.0,0.9944488867228068,C,Lumpy,15.0,,1,TEC,1190其他半导体关联装置,江苏
SFF-060DS-20B-24BK-80N,8.0,0.9944597473014856,C,Lumpy,15.0,,1,TEC,1150半导体实装装置,广东
ZG-6,8.0,0.9944706078801644,C,Lumpy,15.0,,1,TEC,9099其他机械,上海
SFC-040DA2-12B-16B,8.0,0.9944814684588431,C,Lumpy,7.5,0.5000000000000001,2,TEC,1590其他测试仪·实验器,江苏
SFC-060DA2-25B-32B,8.0,0.9944923290375219,C,Lumpy,3.75,0.5000000000000001,4,TEC,1190其他半导体关联装置,北京
PSL-D-16-C,8.0,0.9945031896162008,C,Lumpy,5.0,1.1718750000000002,3,TEC,1820医药品制造装置,上海
SFC-060DA2-18B-32B,8.0,0.9945140501948795,C,Lumpy,15.0,,1,TEC,,江苏
SFC-060DA2-28B-32B,8.0,0.9945249107735583,C,Lumpy,7.5,0.5000000000000001,2,TEC,1190其他半导体关联装置,上海
CS-06-35G 24V R12DIN A12JIS,8.0,0.994535771352237,C,Lumpy,15.0,,1,CB,,四川
JS-C-135.59-500Nm,8.0,0.9945466319309159,C,Lumpy,7.5,0.5000000000000001,2,ME,9099其他机械,上海
P-86-MA-12,8.0,0.9945574925095947,C,Lumpy,15.0,,1,ME,1010切削机械,北京
102-04-31 24V R8MM A10DIN,7.0,0.9945669955159385,C,Intermittent,7.5,0.3673469387755101,2,CB,1320医疗·看护·福祉用机器人,北京
SFC-020DA2-4B-8B,7.0,0.9945764985222825,C,Intermittent,5.0,0.06122448979591838,3,TEC,1190其他半导体关联装置,上海
SFC-100DA2-32B-40B,7.0,0.9945860015286264,C,Intermittent,7.5,0.04081632653061225,2,TEC,9099其他机械,浙江
SFC-050DA2-19K-20B,7.0,0.9945955045349704,C,Intermittent,7.5,0.3673469387755101,2,TEC,1010切削机械,山东
SRG-060AS-30K-35KS,7.0,0.9946050075413143,C,Lumpy,7.5,1.0204081632653064,2,TEC,1010切削机械,浙江
111-08-12G 24V 15DIN,7.0,0.9946145105476583,C,Intermittent,7.5,0.3673469387755101,2,CB,,河北
SFC-060DA2-19B-25B,7.0,0.9946240135540022,C,Intermittent,7.5,0.3673469387755101,2,TEC,1190其他半导体关联装置,浙江
SFC-040DA2-11B-15B,7.0,0.9946335165603462,C,Lumpy,7.5,1.0204081632653064,2,TEC,1590其他测试仪·实验器,江苏
BOLT PACK SFH-150G,7.0,0.9946430195666901,C,Lumpy,15.0,,1,TEC,1010切削机械,浙江
AP-98-MA-14,7.0,0.994652522573034,C,Intermittent,5.0,0.2448979591836734,3,ME,,浙江
SFC-090SA2-25B-30B,7.0,0.9946620255793779,C,Intermittent,7.5,0.3673469387755101,2,TEC,1190其他半导体关联装置,上海
SFC-025DA2-11B-12B,7.0,0.9946715285857218,C,Intermittent,7.5,0.3673469387755101,2,TEC,1190其他半导体关联装置,上海
ALS-105ARN-50BHA-55BHA,7.0,0.9946810315920658,C,Intermittent,2.5,0.1224489795918367,6,TEC,9099其他机械,江苏
ALS-065ARN-22BHA-22BHA,7.0,0.9946905345984097,C,Lumpy,7.5,1.0204081632653064,2,TEC,9099其他机械,江苏
SFF-080DS-28K-35K,7.0,0.9947000376047537,C,Intermittent,5.0,0.4285714285714285,3,TEC,,江苏
SFS-08S-16M-20M,7.0,0.9947095406110976,C,Lumpy,15.0,,1,TEC,,河南
SFC-040DA2-9B-12B,7.0,0.9947190436174416,C,Intermittent,3.75,0.08163265306122448,4,TEC,1190其他半导体关联装置,上海
ACRM-075 4-3,7.0,0.9947285466237855,C,Intermittent,7.5,0.04081632653061225,2,TEC,9099其他机械,江苏
SFC-035SA2-12B-16B,7.0,0.9947380496301295,C,Intermittent,5.0,0.4285714285714285,3,TEC,8020贸易公司,上海
SFC-060DA2-20BH-32BH,7.0,0.9947475526364733,C,Lumpy,15.0,,1,TEC,1210直接驱动机器人,江苏
SFC-010DA2-4B-4B,7.0,0.9947570556428172,C,Lumpy,7.5,1.0204081632653064,2,TEC,1140半导体检查装置,广东
SFC-050DA2-14B-18B L=74,7.0,0.9947665586491612,C,Lumpy,15.0,,1,TEC,,陕西
SFC-030DA2-14B-14B L=55,7.0,0.9947760616555051,C,Intermittent,5.0,0.4285714285714285,3,TEC,1190其他半导体关联装置,江苏
SFF-080DS-35K-35K,7.0,0.9947855646618491,C,Intermittent,7.5,0.04081632653061225,2,TEC,,江苏
111-16-13G 24V,7.0,0.994795067668193,C,Lumpy,7.5,1.0204081632653064,2,CB,8020贸易公司,辽宁
SFC-040SA2-12BH-24BH,7.0,0.994804570674537,C,Intermittent,7.5,0.04081632653061225,2,TEC,1210直接驱动机器人,江苏
SFC-030SA2-14B-14B,7.0,0.9948140736808809,C,Intermittent,5.0,0.2448979591836734,3,TEC,9099其他机械,上海
SFC-060SA2-30B-35B,7.0,0.9948235766872249,C,Intermittent,3.75,0.2993197278911565,4,TEC,1190其他半导体关联装置,上海
SFC-080DA2-22B-30B,7.0,0.9948330796935688,C,Intermittent,5.0,0.2448979591836734,3,TEC,1190其他半导体关联装置,上海
SFS-06S,7.0,0.9948425826999127,C,Intermittent,5.0,0.4285714285714285,3,TEC,9099其他机械,上海
SFS-08S,7.0,0.9948520857062566,C,Intermittent,7.5,0.3673469387755101,2,TEC,,广东
SFC-060DA2-25B-25B,7.0,0.9948615887126006,C,Intermittent,3.75,0.08163265306122448,4,TEC,1190其他半导体关联装置,浙江
ETP-A-28,7.0,0.9948710917189445,C,Lumpy,7.5,1.0204081632653064,2,TEC,1150半导体实装装置,江苏
SFC-035DA2-10B-15B,7.0,0.9948805947252884,C,Intermittent,5.0,0.2448979591836734,3,TEC,,北京
ETP-E-022-NH,7.0,0.9948900977316324,C,Intermittent,7.5,0.3673469387755101,2,TEC,,江苏
PSL-G-55-C,7.0,0.9948996007379763,C,Intermittent,5.0,0.4285714285714285,3,TEC,1820医药品制造装置,上海
SFR-030SA1-12B-14B,7.0,0.9949091037443203,C,Intermittent,5.0,0.06122448979591838,3,TEC,1150半导体实装装置,广东
COUPLING ELEMENT SFH-150G,7.0,0.9949186067506642,C,Lumpy,15.0,,1,TEC,1010切削机械,浙江
122-08-20G,7.0,0.9949281097570081,C,Intermittent,5.0,0.06122448979591838,3,CB,,江苏
SFC-060SA2-17B-24B,7.0,0.994937612763352,C,Intermittent,5.0,0.4285714285714285,3,TEC,1090其他机床,广东
SFF-090SS-38KK-40K,7.0,0.994947115769696,C,Intermittent,5.0,0.4285714285714285,3,TEC,1010切削机械,浙江
SFF-120DS-42BJ-55BM-600N,7.0,0.9949566187760399,C,Lumpy,15.0,,1,TEC,8020贸易公司,北京
ALS-040ARN-12BHA-14BHA,7.0,0.9949661217823839,C,Intermittent,7.5,0.3673469387755101,2,TEC,1190其他半导体关联装置,江苏
101-16-15G 24V R30DIN A30DIN,7.0,0.9949756247887278,C,Lumpy,3.75,0.7346938775510203,4,CB,1990其他包装机械,广东
SFC-060SA2-18BH-19BH,7.0,0.9949851277950718,C,Intermittent,5.0,0.4285714285714285,3,TEC,9003木工机械,江苏
101-10-13N 24V 25DIN,7.0,0.9949946308014157,C,Lumpy,5.0,0.9795918367346941,3,CB,1590其他测试仪·实验器,广东
spider L-095,7.0,0.9950041338077596,C,Lumpy,15.0,,1,TEC,9004其他加工机械,广东
P-86-MA-14,7.0,0.9950136368141036,C,Intermittent,7.5,0.3673469387755101,2,ME,1910包装机械,北京
SFC-060SA2-16B-17B,7.0,0.9950231398204474,C,Intermittent,5.0,0.06122448979591838,3,TEC,8020贸易公司,上海
SFC-055DA2-17B-24B,7.0,0.9950326428267914,C,Lumpy,15.0,,1,TEC,1210直接驱动机器人,江苏
SFS-12W,7.0,0.9950421458331353,C,Intermittent,5.0,0.4285714285714285,3,TEC,9099其他机械,江苏
CS-08-31N 24V R15DIN A15DIN,7.0,0.9950516488394793,C,Intermittent,3.0,0.15306122448979592,5,CB,,江苏
SFC-025SA2-8B-12B,7.0,0.9950611518458232,C,Lumpy,5.0,0.9795918367346941,3,TEC,,江苏
ALS-080ARN-25BHA-40BHA,7.0,0.9950706548521672,C,Intermittent,5.0,0.4285714285714285,3,TEC,1020锻压·加工机械,山东
SFC-025DA2-6B-14B,7.0,0.9950801578585111,C,Intermittent,3.0,0.15306122448979592,5,TEC,9099其他机械,江苏
PSL-K-16,7.0,0.9950896608648551,C,Intermittent,7.5,0.04081632653061225,2,TEC,1190其他半导体关联装置,上海
ALS-055ARN-17BHA-19BHA,7.0,0.995099163871199,C,Intermittent,3.75,0.08163265306122448,4,TEC,1090其他机床,山东
SFF-120SS-40K-55K-600N,7.0,0.995108666877543,C,Intermittent,7.5,0.3673469387755101,2,TEC,,山东
SFC-030DA2-12B-16B,7.0,0.9951181698838868,C,Intermittent,3.0,0.15306122448979592,5,TEC,1510测试仪,浙江
SFF-090SS-35KS-40K,7.0,0.9951276728902307,C,Lumpy,3.75,0.7346938775510203,4,TEC,1010切削机械,浙江
8GBK25BMH,7.0,0.9951371758965747,C,Lumpy,7.5,1.0204081632653064,2,ME,1490其他医疗器械,四川
SFF-100DS-35K-38KK-450N,6.0,0.9951453213305838,C,Lumpy,7.5,0.8888888888888891,2,TEC,1090其他机床,云南
SFS-06S-15M-16C,6.0,0.9951534667645929,C,Intermittent,7.5,0.22222222222222227,2,TEC,1610印刷机械,天津
SFC-035DA2-10BH-14BH,6.0,0.995161612198602,C,Lumpy,15.0,,1,TEC,1140半导体检查装置,广东
SFF-140SS-50K-55K-1000N,6.0,0.9951697576326111,C,Intermittent,5.0,0.0,3,TEC,,山东
SFF-140SS-62K-62K-1000N,6.0,0.9951779030666201,C,Intermittent,7.5,0.22222222222222227,2,TEC,1590其他测试仪·实验器,天津
SFF-120DS-48BK-55BM-600N,6.0,0.9951860485006292,C,Lumpy,7.5,0.8888888888888891,2,TEC,1010切削机械,山东
SFF-120DS-35KK-45K-600N,6.0,0.9951941939346384,C,Intermittent,5.0,0.0,3,TEC,9099其他机械,江苏
SFC-040DA2-19BH-20BH,6.0,0.9952023393686474,C,Intermittent,7.5,0.22222222222222227,2,TEC,1210直接驱动机器人,江苏
SFH-190S-75K-75K海外,6.0,0.9952104848026565,C,Lumpy,15.0,,1,TEC,1610印刷机械,广东
SFH-170S-T020,6.0,0.9952186302366656,C,Intermittent,7.5,0.0,2,TEC,1010切削机械,浙江
ACRM-100 8-8,6.0,0.9952267756706746,C,Lumpy,15.0,,1,TEC,8020贸易公司,广东
SFC-035DA2-14B-15B,6.0,0.9952349211046838,C,Intermittent,5.0,0.25,3,TEC,1590其他测试仪·实验器,江苏
111-10-12G 24V 20DIN,6.0,0.9952430665386929,C,Lumpy,15.0,,1,CB,,上海
SFS-09W,6.0,0.9952512119727019,C,Lumpy,15.0,,1,TEC,,广东
BXW-04-10L-24V-10,6.0,0.995259357406711,C,Lumpy,7.5,0.8888888888888891,2,CB,,广东
CF-A-090-O0-1360,6.0,0.9952675028407201,C,Lumpy,7.5,0.8888888888888891,2,CF,1190其他半导体关联装置,北京
SFC-080DA2-25B-28B,6.0,0.9952756482747293,C,Lumpy,15.0,,1,TEC,9099其他机械,江苏
SFC-050SA2-10B-14B,6.0,0.9952837937087383,C,Intermittent,7.5,0.22222222222222227,2,TEC,1190其他半导体关联装置,上海
SFC-060DA2-25B-30B,6.0,0.9952919391427474,C,Intermittent,5.0,0.0,3,TEC,1190其他半导体关联装置,上海
SFF-100SS-40KK-45KK,6.0,0.9953000845767564,C,Intermittent,3.75,0.1481481481481481,4,TEC,,北京
SFC-060DA2-20BH-28BH,6.0,0.9953082300107655,C,Lumpy,15.0,,1,TEC,,上海
CPU-36-A-8B-14B,6.0,0.9953163754447746,C,Lumpy,15.0,,1,TEC,,江苏
CHP-20-7-7,6.0,0.9953245208787838,C,Lumpy,15.0,,1,TEC,0920压出成型机,山东
SFC-060SA2-16BH-25BH,6.0,0.9953326663127928,C,Intermittent,5.0,0.0,3,TEC,,江苏
SFC-050SA2-16B-18B,6.0,0.9953408117468019,C,Intermittent,7.5,0.22222222222222227,2,TEC,1190其他半导体关联装置,河北
111-20-12G 24V 50DIN,6.0,0.995348957180811,C,Lumpy,15.0,,1,CB,8020贸易公司,广东
SFC-040SA2-12BH-19BH,6.0,0.99535710261482,C,Lumpy,5.0,0.7499999999999999,3,TEC,1590其他测试仪·实验器,广东
SFC-035SA2-6B-8B,6.0,0.9953652480488292,C,Intermittent,7.5,0.22222222222222227,2,TEC,1190其他半导体关联装置,江苏
SFC-060SA2-19B-24B,6.0,0.9953733934828383,C,Intermittent,5.0,0.25,3,TEC,1190其他半导体关联装置,云南
SY15D0A530M3002-48V,6.0,0.9953815389168473,C,Lumpy,15.0,,1,ME,8020贸易公司,上海
 SFF-060SS-22B-25B-80N,6.0,0.9953896843508564,C,Intermittent,5.0,0.0,3,TEC,1010切削机械,山东
101-08-15N 24V R15JIS A15JIS,6.0,0.9953978297848655,C,Lumpy,7.5,0.8888888888888891,2,CB,9099其他机械,山东
SRG-080DS-35K-38KK,6.0,0.9954059752188746,C,Intermittent,7.5,0.0,2,TEC,,浙江
SFC-050SA2-17B-20B,6.0,0.9954141206528837,C,Intermittent,7.5,0.22222222222222227,2,TEC,1210直接驱动机器人,江苏
SFC-040DA2-15B-20B,6.0,0.9954222660868928,C,Lumpy,15.0,,1,TEC,1590其他测试仪·实验器,江苏
SFS-05W,6.0,0.9954304115209018,C,Intermittent,5.0,0.0,3,TEC,,广东
SFR-050SA1-17B-24B,6.0,0.9954385569549109,C,Lumpy,15.0,,1,TEC,1090其他机床,福建
SFC-040SA2-11B-20B,6.0,0.9954467023889201,C,Lumpy,15.0,,1,TEC,,云南
SFC-030SA2-5B-8B,6.0,0.9954548478229291,C,Intermittent,5.0,0.25,3,TEC,1190其他半导体关联装置,上海
AL-035,6.0,0.9954629932569382,C,Lumpy,15.0,,1,TEC,9099其他机械,江苏
SFF-120DS-38K-45K-600N,6.0,0.9954711386909473,C,Lumpy,15.0,,1,TEC,1030其他金属加工机械,河北
SFC-040SA2-14B-14B,6.0,0.9954792841249563,C,Intermittent,7.5,0.22222222222222227,2,TEC,1590其他测试仪·实验器,江苏
SFC-040SA2-11K-17B,6.0,0.9954874295589655,C,Lumpy,15.0,,1,TEC,1510测试仪,浙江
SFC-040SA2-12B-20B,6.0,0.9954955749929746,C,Intermittent,3.0,0.13888888888888898,5,TEC,1190其他半导体关联装置,上海
SFC-035DA2-12BH-19BH,6.0,0.9955037204269837,C,Lumpy,15.0,,1,TEC,1140半导体检查装置,广东
SFC-035DA2-12B-16B L=43,6.0,0.9955118658609927,C,Lumpy,15.0,,1,TEC,9099其他机械,上海
SFC-040DA2-16B-22B,6.0,0.9955200112950018,C,Intermittent,7.5,0.22222222222222227,2,TEC,1190其他半导体关联装置,天津
AK-124-MAT-14N,6.0,0.995528156729011,C,Intermittent,5.0,0.0,3,ME,1910包装机械,广东
SFC-040DA2-17B-17B L=65,6.0,0.99553630216302,C,Lumpy,7.5,0.8888888888888891,2,TEC,9099其他机械,山西
SFC-035DA2-9B-12B,6.0,0.9955444475970291,C,Lumpy,15.0,,1,TEC,,江苏
3015M 12-12,6.0,0.9955525930310382,C,Intermittent,7.5,0.22222222222222227,2,TEC,,北京
ACRM-100 10-8,6.0,0.9955607384650472,C,Intermittent,7.5,0.22222222222222227,2,TEC,,江苏
SFF-100DS-38KK-42KJ,6.0,0.9955688838990564,C,Intermittent,7.5,0.0,2,TEC,1010切削机械,山东
SFF-100DS-55K-55K,6.0,0.9955770293330655,C,Intermittent,3.75,0.1481481481481481,4,TEC,1190其他半导体关联装置,江西
SFC-030DA2-8B-9B,6.0,0.9955851747670745,C,Lumpy,15.0,,1,TEC,,江苏
SFF-090SS-38K-45K,6.0,0.9955933202010836,C,Intermittent,7.5,0.22222222222222227,2,TEC,9099其他机械,天津
SFF-090SS-38B-38BJ-300N,6.0,0.9956014656350927,C,Intermittent,7.5,0.0,2,TEC,0920压出成型机,山东
SFF-100DS-38BK-40B-450N,6.0,0.9956096110691018,C,Lumpy,7.5,0.8888888888888891,2,TEC,1090其他机床,云南
SD-75B-40R,6.0,0.9956177565031109,C,Lumpy,15.0,,1,ME,9099其他机械,上海
SFC-090DA2-30B-38K,6.0,0.99562590193712,C,Intermittent,3.0,0.1388888888888889,5,TEC,1030其他金属加工机械,广东
SFC-080SA2-24B-30B,6.0,0.995634047371129,C,Intermittent,5.0,0.25,3,TEC,,云南
ALS-095ARN-35BHA-48BHA,6.0,0.9956421928051381,C,Intermittent,7.5,0.22222222222222227,2,TEC,1510测试仪,上海
AP-124-MA-24,6.0,0.9956503382391473,C,Lumpy,15.0,,1,ME,1910包装机械,北京
SFC-050DA2-15B-30B,6.0,0.9956584836731563,C,Intermittent,3.75,0.1481481481481481,4,TEC,1510测试仪,浙江
SFC-050DA2-20BH-22BH,6.0,0.9956666291071654,C,Intermittent,3.75,0.1481481481481481,4,TEC,1190其他半导体关联装置,广东
SFC-020DA2-6B-6.35B,6.0,0.9956747745411745,C,Intermittent,7.5,0.22222222222222227,2,TEC,8020贸易公司,辽宁
ALS-055-R-24B-24B,6.0,0.9956829199751835,C,Lumpy,15.0,,1,TEC,1590其他测试仪·实验器,云南
SFC-050DA2-12BJ-25BJ,6.0,0.9956910654091926,C,Intermittent,7.5,0.22222222222222227,2,TEC,8020贸易公司,北京
SFF-120SS-45K-55K-600N,6.0,0.9956992108432018,C,Lumpy,5.0,0.7499999999999999,3,TEC,1190其他半导体关联装置,山东
SFF-080SS-25K-32KK,6.0,0.9957073562772109,C,Lumpy,15.0,,1,TEC,1010切削机械,浙江
SFC-030DA2-6.35B-12B,6.0,0.9957155017112199,C,Lumpy,15.0,,1,TEC,1190其他半导体关联装置,上海
ALS-055ARN-22BKA-22BKA,6.0,0.995723647145229,C,Lumpy,5.0,0.7499999999999999,3,TEC,1410医疗装置,辽宁
SFF-090DS-38KK-45K,6.0,0.995731792579238,C,Lumpy,7.5,0.8888888888888891,2,TEC,1010切削机械,江苏
SFF-090DS-35K-42K-300N,6.0,0.9957399380132472,C,Lumpy,15.0,,1,TEC,1030其他金属加工机械,河北
ALS-055ARN-18BHA-18BHA,6.0,0.9957480834472563,C,Lumpy,15.0,,1,TEC,1190其他半导体关联装置,江苏
ALS-055ARN-15BHA-28BHA,6.0,0.9957562288812654,C,Lumpy,15.0,,1,TEC,,广东
BXL-16-10G 90V 28DIN,6.0,0.9957643743152744,C,Intermittent,7.5,0.22222222222222227,2,CB,,广东
SFC-080SA2-24B-35B,6.0,0.9957725197492835,C,Intermittent,5.0,0.25,3,TEC,8020贸易公司,上海
SFC-080DA2-32B-32K,6.0,0.9957806651832927,C,Lumpy,15.0,,1,TEC,,江苏
SFC-050SA2-15B-15B,6.0,0.9957888106173017,C,Intermittent,5.0,0.25,3,TEC,1190其他半导体关联装置,上海
ALS-105ARN-40BHA-55BHA,6.0,0.9957969560513108,C,Intermittent,5.0,0.25,3,TEC,1090其他机床,云南
SFC-080SA2-30B-32K,6.0,0.9958051014853199,C,Lumpy,15.0,,1,TEC,,江苏
ALS-065ARN-17BHA-24BHA,6.0,0.9958132469193289,C,Lumpy,15.0,,1,TEC,1010切削机械,江苏
ALS-065ARN-32BHA-32BHA,6.0,0.9958213923533381,C,Intermittent,5.0,0.25,3,TEC,9099其他机械,上海
SFF-070SS-24K-25K-100N,6.0,0.9958295377873472,C,Lumpy,15.0,,1,TEC,1030其他金属加工机械,河北
SFF-070SS-24K-28K-100N,6.0,0.9958376832213562,C,Lumpy,15.0,,1,TEC,1030其他金属加工机械,北京
ALS-065ARN-24BKA-25BHA,6.0,0.9958458286553653,C,Intermittent,7.5,0.22222222222222227,2,TEC,1010切削机械,浙江
JK41,6.0,0.9958539740893744,C,Lumpy,7.5,0.8888888888888891,2,ME,9099其他机械,上海
SFC-040DA2-10BH-19BH,6.0,0.9958621195233835,C,Intermittent,7.5,0.22222222222222227,2,TEC,1590其他测试仪·实验器,河南
SFC-060DA2-16B-16B,6.0,0.9958702649573926,C,Lumpy,15.0,,1,TEC,1190其他半导体关联装置,江苏
ALS-080ARN-38BKA-45BHA,6.0,0.9958784103914017,C,Lumpy,7.5,0.8888888888888891,2,TEC,1090其他机床,云南
SFC-050DA2-16K-19B,6.0,0.9958865558254107,C,Lumpy,15.0,,1,TEC,1090其他机床,广东
SFC-020SA2-6B-10B,6.0,0.9958947012594198,C,Intermittent,3.75,0.1481481481481481,4,TEC,1210直接驱动机器人,江苏
SFC-035SA2-14B-16B,6.0,0.995902846693429,C,Lumpy,7.5,0.8888888888888891,2,TEC,1190其他半导体关联装置,上海
P-124-MA-18,6.0,0.995910992127438,C,Intermittent,3.75,0.1481481481481481,4,ME,1590其他测试仪·实验器,上海
SFC-050DA2-18B-24K,6.0,0.9959191375614471,C,Intermittent,7.5,0.22222222222222227,2,TEC,1090其他机床,广东
TT-2X-03-15H-15NM,6.0,0.9959272829954562,C,Intermittent,5.0,0.0,3,ME,,广东
SFC-020SA2-7B-11B,6.0,0.9959354284294653,C,Lumpy,15.0,,1,TEC,1210直接驱动机器人,江苏
SFC-060DA2-28B-28B,6.0,0.9959435738634744,C,Intermittent,3.75,0.1481481481481481,4,TEC,1190其他半导体关联装置,上海
PSL-D-16,6.0,0.9959517192974835,C,Lumpy,15.0,,1,TEC,1190其他半导体关联装置,上海
E2,6.0,0.9959598647314926,C,Intermittent,7.5,0.22222222222222227,2,ME,,广东
MF-16K 16H,6.0,0.9959680101655016,C,Lumpy,15.0,,1,TEC,,江苏
P-98-MAT-15H,6.0,0.9959761555995107,C,Intermittent,7.5,0.0,2,ME,,上海
SFC-060SA2-18B-20B,6.0,0.9959843010335199,C,Intermittent,2.5,0.0,6,TEC,1520试验器,上海
CS-08-31G 24V R15DIN A17DIN,6.0,0.9959924464675289,C,Intermittent,3.75,0.1481481481481481,4,CB,9099其他机械,上海
SFC-060SA2-14BH-16BH,6.0,0.996000591901538,C,Lumpy,15.0,,1,TEC,1190其他半导体关联装置,上海
PE-216-MAT-25K-78KG,6.0,0.9960087373355471,C,Lumpy,5.0,0.7499999999999999,3,ME,,北京
PSL-D-32-C,6.0,0.9960168827695561,C,Lumpy,15.0,,1,TEC,,江苏
SFC-050SA2-18B-20B,6.0,0.9960250282035653,C,Intermittent,7.5,0.22222222222222227,2,TEC,1190其他半导体关联装置,上海
SFC-050SA2-22B-25BH,6.0,0.9960331736375744,C,Lumpy,15.0,,1,TEC,1140半导体检查装置,广东
SFC-060DA2-30B-32B,6.0,0.9960413190715834,C,Lumpy,7.5,0.8888888888888891,2,TEC,1190其他半导体关联装置,上海
SFC-040DA2-12B-14BH,6.0,0.9960494645055925,C,Lumpy,15.0,,1,TEC,,上海
SFS-09S-30M-35M,6.0,0.9960576099396016,C,Lumpy,15.0,,1,TEC,,江苏
SFC-040DA2-12B-22B,6.0,0.9960657553736106,C,Intermittent,7.5,0.22222222222222227,2,TEC,1190其他半导体关联装置,天津
SFC-035SA2-15B-16B,5.0,0.9960725432352849,C,Intermittent,5.0,0.11999999999999997,3,TEC,8020贸易公司,上海
102-04-33 24V 8MM,5.0,0.9960793310969591,C,Lumpy,15.0,,1,CB,,上海
102-05-33 24V 10MM,5.0,0.9960861189586334,C,Intermittent,5.0,0.11999999999999997,3,CB,,广东
111-12-11G 24V 30DIN,5.0,0.9960929068203076,C,Intermittent,7.5,0.08,2,CB,9099其他机械,上海
111-12-12N 24V 25JIS,5.0,0.9960996946819819,C,Lumpy,15.0,,1,CB,1610印刷机械,天津
111-16-11G 24V 30JIS,5.0,0.9961064825436561,C,Lumpy,15.0,,1,CB,1610印刷机械,广东
DSR-075 6-6,5.0,0.9961132704053304,C,Lumpy,15.0,,1,TEC,9092公司内部设备,江苏
CSZ-06-35,5.0,0.9961200582670046,C,Lumpy,7.5,0.7199999999999998,2,CB,1320医疗·看护·福祉用机器人,北京
PSL-G-19-C,5.0,0.9961268461286789,C,Lumpy,15.0,,1,TEC,1820医药品制造装置,上海
SFC-060DA2-30B-35B,5.0,0.996133633990353,C,Intermittent,7.5,0.08,2,TEC,1010切削机械,浙江
SFC-060DA2-22B-23B,5.0,0.9961404218520273,C,Intermittent,7.5,0.08,2,TEC,1190其他半导体关联装置,江苏
CS-08-35N 24V R15JIS A15JIS,5.0,0.9961472097137015,C,Lumpy,15.0,,1,CB,,上海
JK2,5.0,0.9961539975753758,C,Intermittent,7.5,0.08,2,ME,1910包装机械,江苏
SFC-055DA2-12B-15B,5.0,0.99616078543705,C,Lumpy,15.0,,1,TEC,,安徽
锥套 P-106-C Φ19,5.0,0.9961675732987243,C,Lumpy,15.0,,1,ME,,北京
ETP-T-70,5.0,0.9961743611603985,C,Intermittent,7.5,0.08,2,TEC,,江苏
SFC-060DA2-12B-24B,5.0,0.9961811490220728,C,Lumpy,7.5,0.7199999999999998,2,TEC,9099其他机械,天津
SFC-060DA2-14B-14B,5.0,0.996187936883747,C,Lumpy,7.5,0.7199999999999998,2,TEC,1190其他半导体关联装置,上海
SFC-060DA2-15B-28B,5.0,0.9961947247454213,C,Intermittent,5.0,0.11999999999999997,3,TEC,1190其他半导体关联装置,上海
NSE-15-35S,5.0,0.9962015126070954,C,Lumpy,15.0,,1,TEC,1910包装机械,上海
TT-3-01-25H-25H-40NM,5.0,0.9962083004687697,C,Intermittent,5.0,0.11999999999999997,3,ME,,安徽
SFF-060DS-18B-18B-60N,5.0,0.9962150883304439,C,Intermittent,7.5,0.08,2,TEC,9099其他机械,浙江
SFC-100SA2-35B-40B,5.0,0.9962218761921182,C,Lumpy,7.5,0.7199999999999998,2,TEC,,辽宁
SFC-100SA2-38K-45B,5.0,0.9962286640537924,C,Lumpy,15.0,,1,TEC,,广东
SFC-050DA2-19K-30K,5.0,0.9962354519154667,C,Lumpy,15.0,,1,TEC,1910包装机械,天津
SFC-100DA2-35B-38B,5.0,0.9962422397771409,C,Lumpy,15.0,,1,TEC,1090其他机床,重庆
SFC-100DA2-35B-45B,5.0,0.9962490276388152,C,Lumpy,7.5,0.7199999999999998,2,TEC,,江苏
SFC-090SA2-35B-40B,5.0,0.9962558155004894,C,Lumpy,7.5,0.7199999999999998,2,TEC,1010切削机械,河南
ALS-080ARN-25BKA-35BHA,5.0,0.9962626033621637,C,Lumpy,7.5,0.7199999999999998,2,TEC,1090其他机床,广东
SFC-090SA2-32B-35B,5.0,0.9962693912238378,C,Intermittent,5.0,0.48000000000000015,3,TEC,9099其他机械,浙江
ALS-080ARN-22BHA-25BKA,5.0,0.9962761790855121,C,Lumpy,7.5,0.7199999999999998,2,TEC,1090其他机床,广东
SFC-090DA2-35B-42B,5.0,0.9962829669471863,C,Intermittent,5.0,0.11999999999999997,3,TEC,1090其他机床,浙江
ALS-080ARN-35BHA-42BHA,5.0,0.9962897548088606,C,Lumpy,7.5,0.7199999999999998,2,TEC,9099其他机械,上海
ALS-080ARN-30BHA-40BHA,5.0,0.9962965426705348,C,Intermittent,5.0,0.11999999999999997,3,TEC,9099其他机械,江苏
SFF-080SS-22K-24K-200N,5.0,0.9963033305322091,C,Lumpy,15.0,,1,TEC,9002卷线·线材加工机械,广东
ALS-065ARN-19BHA-20BHA,5.0,0.9963101183938833,C,Lumpy,7.5,0.7199999999999998,2,TEC,1610印刷机械,浙江
SFC-025DA2-7B-14B,5.0,0.9963169062555576,C,Intermittent,3.75,0.16000000000000003,4,TEC,1190其他半导体关联装置,上海
ALS-065ARN-24BHA-38BKA,5.0,0.9963236941172318,C,Lumpy,7.5,0.7199999999999998,2,TEC,1090其他机床,云南
ALS-065ARN-25BHA-28BHA,5.0,0.9963304819789061,C,Lumpy,7.5,0.7199999999999998,2,TEC,1190其他半导体关联装置,江苏
SFF-070SS-22K-32K-100N,5.0,0.9963372698405802,C,Lumpy,15.0,,1,TEC,1130半导体组装装置,上海
SFF-070DS-25B-35BS-100N,5.0,0.9963440577022545,C,Lumpy,15.0,,1,TEC,0820真空泵,广东
SFF-070SS-18B-28BJ-90N,5.0,0.9963508455639287,C,Lumpy,15.0,,1,TEC,1090其他机床,浙江
SFF-070DS-18B-22BK-90N,5.0,0.996357633425603,C,Lumpy,15.0,,1,TEC,1090其他机床,山东
ALS-080ABN-35BHA-42BHA,5.0,0.9963644212872772,C,Lumpy,15.0,,1,TEC,1090其他机床,云南
ALS-080ARN-20BHA-24BKA,5.0,0.9963712091489515,C,Lumpy,7.5,0.7199999999999998,2,TEC,1090其他机床,广东
SFF-060SS-14BK-16B-60N,5.0,0.9963779970106257,C,Lumpy,15.0,,1,TEC,1090其他机床,山东
ALS-065ARN-T016-28BHA-38BHA,5.0,0.9963847848723,C,Lumpy,15.0,,1,TEC,1090其他机床,云南
ALS-080-B,5.0,0.9963915727339742,C,Lumpy,7.5,0.7199999999999998,2,TEC,1520试验器,北京
SFC-050DA2-22B-25B,5.0,0.9963983605956485,C,Intermittent,7.5,0.08,2,TEC,9099其他机械,天津
SFC-050DA2-22BH-22BH,5.0,0.9964051484573226,C,Lumpy,7.5,0.7199999999999998,2,TEC,1190其他半导体关联装置,天津
SFC-050DA2-20B-25B,5.0,0.9964119363189969,C,Intermittent,7.5,0.08,2,TEC,9099其他机械,广东
ALS-095ARN-35BHA-38BKA,5.0,0.9964187241806711,C,Lumpy,15.0,,1,TEC,1090其他机床,云南
SFC-080SA2-28B-40B,5.0,0.9964255120423454,C,Lumpy,15.0,,1,TEC,9004其他加工机械,上海
SFC-080SA2-22J-25B,5.0,0.9964322999040196,C,Lumpy,15.0,,1,TEC,,浙江
BXL-12-10N-030-24V-24,5.0,0.9964390877656939,C,Intermittent,5.0,0.11999999999999997,3,CB,1590其他测试仪·实验器,广东
BXL-16-10G 24V 28DIN,5.0,0.9964458756273681,C,Intermittent,3.0,0.0,5,CB,1590其他测试仪·实验器,广东
SFC-050SA2-12B-20B,5.0,0.9964526634890424,C,Lumpy,15.0,,1,TEC,1510测试仪,浙江
SFF-090SS-28K-40K,5.0,0.9964594513507166,C,Lumpy,15.0,,1,TEC,9099其他机械,江苏
ALS-055ARN-15BHA-24BKA,5.0,0.9964662392123909,C,Lumpy,15.0,,1,TEC,1010切削机械,广东
ALS-055ARN-16BHA-22BHA,5.0,0.996473027074065,C,Lumpy,15.0,,1,TEC,1090其他机床,福建
ALS-055-R-22B-24B,5.0,0.9964798149357393,C,Lumpy,15.0,,1,TEC,1590其他测试仪·实验器,重庆
SFF-090DS-32K-45K-300N,5.0,0.9964866027974135,C,Lumpy,15.0,,1,TEC,,江苏
SFF-090DS-32KJ-45KJ,5.0,0.9964933906590878,C,Intermittent,5.0,0.11999999999999997,3,TEC,1590其他测试仪·实验器,广东
SFC-050DA2-14B-24B,5.0,0.996500178520762,C,Intermittent,7.5,0.08,2,TEC,8020贸易公司,上海
SFF-080SS-28K-35K,5.0,0.9965069663824363,C,Lumpy,15.0,,1,TEC,9099其他机械,江苏
SFF-080SS-25B-35BK-150N,5.0,0.9965137542441105,C,Lumpy,15.0,,1,TEC,0920压出成型机,山东
SFF-080SS-25K-25K-150N,5.0,0.9965205421057848,C,Lumpy,7.5,0.7199999999999998,2,TEC,1030其他金属加工机械,浙江
4*0.5,5.0,0.996527329967459,C,Lumpy,15.0,,1,ME,1590其他测试仪·实验器,山东
6*0.2,5.0,0.9965341178291333,C,Lumpy,15.0,,1,ME,1590其他测试仪·实验器,山东
125-12-12N,5.0,0.9965409056908074,C,Intermittent,5.0,0.48000000000000015,3,CB,1810食品机械,河北
ALS-020-R,5.0,0.9965476935524817,C,Lumpy,15.0,,1,TEC,1190其他半导体关联装置,上海
ALS-020-Y,5.0,0.9965544814141559,C,Intermittent,7.5,0.08,2,TEC,,江苏
SFF-100DS-38KK-38KK,5.0,0.9965612692758302,C,Lumpy,15.0,,1,TEC,1510测试仪,北京
ALS-040ABN-12BHA-19BHA,5.0,0.9965680571375044,C,Intermittent,7.5,0.08,2,TEC,1610印刷机械,天津
SFC-040SA2-18B-22B,5.0,0.9965748449991787,C,Intermittent,7.5,0.08,2,TEC,1190其他半导体关联装置,上海
SFC-040SA2-19B-19B,5.0,0.9965816328608529,C,Intermittent,5.0,0.11999999999999997,3,TEC,1190其他半导体关联装置,上海
SFC-040SA2-9B-9B,5.0,0.9965884207225272,C,Lumpy,15.0,,1,TEC,1590其他测试仪·实验器,江苏
ALS-030ARN-6BHA-16BHA,5.0,0.9965952085842014,C,Intermittent,7.5,0.08,2,TEC,1990其他包装机械,天津
ALS-040ARN-16BHH-16BHH,5.0,0.9966019964458757,C,Lumpy,15.0,,1,TEC,1210直接驱动机器人,江苏
SFC-010DA2-4B-6B,5.0,0.9966087843075498,C,Intermittent,3.75,0.16000000000000003,4,TEC,1190其他半导体关联装置,江苏
SFC-050SA2-10B-22B,5.0,0.9966155721692241,C,Lumpy,15.0,,1,TEC,1590其他测试仪·实验器,江苏
SFC-002SA2-5B-5B,5.0,0.9966223600308983,C,Lumpy,15.0,,1,TEC,,江苏
BXL-16-20-A-134,5.0,0.9966291478925726,C,Lumpy,15.0,,1,CB,1610印刷机械,广东
SFC-080DA2-28B-38B,5.0,0.9966359357542468,C,Lumpy,15.0,,1,TEC,9099其他机械,江苏
BXW-02-10H-24V-7,5.0,0.9966427236159211,C,Intermittent,5.0,0.11999999999999997,3,CB,1190其他半导体关联装置,北京
CCM100V2AEF,5.0,0.9966495114775953,C,Lumpy,15.0,,1,ME,1030其他金属加工机械,浙江
SFS-08S 25H-25H,5.0,0.9966562993392696,C,Lumpy,15.0,,1,TEC,1190其他半导体关联装置,上海
SFS-06S 17H-25H,5.0,0.9966630872009438,C,Intermittent,7.5,0.08,2,TEC,,安徽
SFS-06W-14M-11C,5.0,0.9966698750626181,C,Lumpy,15.0,,1,TEC,,江苏
SFC-040DA2-14B-22B,5.0,0.9966766629242922,C,Lumpy,15.0,,1,TEC,1510测试仪,浙江
SFC-035DA2-13B-15B,5.0,0.9966834507859665,C,Lumpy,15.0,,1,TEC,,河南
SFF-100SS-35K-40K-450N,5.0,0.9966902386476407,C,Intermittent,5.0,0.48000000000000015,3,TEC,1510测试仪,北京
SFF-100SS-38K-45K,5.0,0.996697026509315,C,Lumpy,7.5,0.7199999999999998,2,TEC,1010切削机械,浙江
SFF-100SS-35B-35BK-450N,5.0,0.9967038143709892,C,Lumpy,15.0,,1,TEC,0920压出成型机,山东
ALS-030-R-EL,5.0,0.9967106022326635,C,Lumpy,15.0,,1,TEC,,广东
SFM-090SS-T004N,5.0,0.9967173900943377,C,Lumpy,15.0,,1,TEC,1010切削机械,上海
SFH-210S-75K-75K海外,5.0,0.996724177956012,C,Intermittent,7.5,0.08,2,TEC,1610印刷机械,广东
SFC-035DA2-10BH-19BH,5.0,0.9967309658176862,C,Intermittent,3.75,0.16000000000000003,4,TEC,9099其他机械,上海
SFC-040DA2-18B-22B,5.0,0.9967377536793605,C,Intermittent,7.5,0.08,2,TEC,1590其他测试仪·实验器,江苏
SFH-150S-55K-55KK海外,5.0,0.9967445415410346,C,Intermittent,5.0,0.48000000000000015,3,TEC,,北京
SFF-140SS-60K-60K-1000N,5.0,0.9967513294027089,C,Lumpy,15.0,,1,TEC,1090其他机床,福建
SFF-140DS-42K-55K-800N,5.0,0.9967581172643831,C,Lumpy,7.5,0.7199999999999998,2,TEC,,江苏
SFF-140DS-55K-60K-1000N,5.0,0.9967649051260574,C,Intermittent,7.5,0.08,2,TEC,1010切削机械,浙江
SFF-140DS-55K-65K-1000N,5.0,0.9967716929877316,C,Intermittent,7.5,0.08,2,TEC,9099其他机械,山东
ACRM-075 6.35-5,5.0,0.9967784808494059,C,Lumpy,15.0,,1,TEC,,广东
ETP-A-35-B,5.0,0.9967852687110801,C,Lumpy,7.5,0.7199999999999998,2,TEC,1910包装机械,北京
ETP-T-24,5.0,0.9967920565727544,C,Intermittent,7.5,0.08,2,TEC,1290其他工业机器人,广东
ELEMENT CF-B-070,5.0,0.9967988444344286,C,Lumpy,15.0,,1,CF,0840其他泵,北京
SFF-120DS-50K-55K-600N,5.0,0.9968056322961029,C,Lumpy,15.0,,1,TEC,,江苏
SFF-100SS-40K-40K,5.0,0.996812420157777,C,Intermittent,7.5,0.08,2,TEC,,江西
SFF-100SS-40K-50KK,5.0,0.9968192080194513,C,Intermittent,5.0,0.48000000000000015,3,TEC,9004其他加工机械,广东
AK-155-MA-24N,5.0,0.9968259958811255,C,Lumpy,7.5,0.7199999999999998,2,ME,9099其他机械,北京
SFC-040SA2-14B-18B,5.0,0.9968327837427998,C,Lumpy,15.0,,1,TEC,1140半导体检查装置,江苏
SFC-040SA2-14B-20B,5.0,0.996839571604474,C,Lumpy,15.0,,1,TEC,,云南
SFC-040DA2-15B-16B,5.0,0.9968463594661483,C,Lumpy,15.0,,1,TEC,,北京
SFC-035SA2-8B-16B,5.0,0.9968531473278225,C,Intermittent,5.0,0.11999999999999997,3,TEC,1190其他半导体关联装置,广东
CF-A-140-O0-1350,5.0,0.9968599351894968,C,Lumpy,15.0,,1,CF,0510农业产用机械,山东
CF-A-250-S0-1350,5.0,0.996866723051171,C,Lumpy,15.0,,1,CF,8020贸易公司,江苏
CF-A-080-SB-1360,5.0,0.9968735109128453,C,Lumpy,7.5,0.7199999999999998,2,CF,1030其他金属加工机械,河北
CPE-39-12B-14B,5.0,0.9968802987745194,C,Lumpy,15.0,,1,TEC,1610印刷机械,天津
PSL-G-42,5.0,0.9968870866361937,C,Lumpy,7.5,0.7199999999999998,2,TEC,1590其他测试仪·实验器,河南
SFC-050SA2-15B-19K,5.0,0.9968938744978679,C,Intermittent,5.0,0.11999999999999997,3,TEC,1010切削机械,山东
CHP-26-11-11,5.0,0.9969006623595422,C,Lumpy,15.0,,1,TEC,,山东
SFC-060SA2-17B-25B,5.0,0.9969074502212164,C,Intermittent,7.5,0.08,2,TEC,1190其他半导体关联装置,江苏
SFC-040DA2-13B-18BH,5.0,0.9969142380828907,C,Lumpy,15.0,,1,TEC,1190其他半导体关联装置,江苏
101-10-15N 24V R20JIS A20JIS,5.0,0.9969210259445649,C,Intermittent,7.5,0.08,2,CB,1190其他半导体关联装置,上海
锁紧螺母 P-98-A（含螺钉M6*8）,5.0,0.9969278138062392,C,Lumpy,15.0,,1,ME,,北京
101-08定子盒 HJC-2M,5.0,0.9969346016679134,C,Lumpy,15.0,,1,CB,1190其他半导体关联装置,上海
TT-2X-01-18H-18H-15NM-P,4.0,0.9969400319572528,C,Intermittent,5.0,0.18749999999999997,3,ME,,浙江
YKB300-M3-5.0M-(BMQX),4.0,0.9969454622465922,C,Lumpy,15.0,,1,ME,1120晶片·基板加工装置,江苏
SY15D0A530M3002-24V-D,4.0,0.9969508925359315,C,Lumpy,15.0,,1,ME,8020贸易公司,广东
SFC-080DA2-32B-38B,4.0,0.9969563228252709,C,Intermittent,5.0,0.18749999999999997,3,TEC,1090其他机床,福建
AL-090 19N-19N,4.0,0.9969617531146103,C,Lumpy,15.0,,1,TEC,,江苏
SFC-080SA2-T235,4.0,0.9969671834039497,C,Intermittent,7.5,0.0,2,TEC,1010切削机械,浙江
BXL-06-10G 24V 11DIN,4.0,0.9969726136932892,C,Intermittent,7.5,0.0,2,CB,,广东
BXL-08-10N-004-24V-14,4.0,0.9969780439826285,C,Lumpy,15.0,,1,CB,9099其他机械,广东
SFF-120SS-48K-50K-600N,4.0,0.9969834742719679,C,Lumpy,15.0,,1,TEC,1590其他测试仪·实验器,上海
SFC-035DA2-15B-16B,4.0,0.9969889045613073,C,Lumpy,15.0,,1,TEC,,北京
1422V236S,4.0,0.9969943348506467,C,Intermittent,5.0,0.18749999999999997,3,ME,1590其他测试仪·实验器,广东
BXH-08-10G 24V 14DIN,4.0,0.9969997651399861,C,Intermittent,5.0,0.18749999999999997,3,CB,0990其他橡胶塑料加工机械,广东
SFF-120DS-42BJ-55B-600N,4.0,0.9970051954293254,C,Intermittent,7.5,0.0,2,TEC,8020贸易公司,北京
AK-106-AN-14N,4.0,0.9970106257186648,C,Intermittent,5.0,0.18749999999999997,3,ME,1590其他测试仪·实验器,广东
AK-124-MAT-16N,4.0,0.9970160560080042,C,Intermittent,7.5,0.0,2,ME,1910包装机械,江西
SFC-080SA2-25B-38B,4.0,0.9970214862973437,C,Lumpy,15.0,,1,TEC,,浙江
SFF-100DS-40K-45K-450N,4.0,0.9970269165866831,C,Intermittent,7.5,0.0,2,TEC,1610印刷机械,广东
SFF-100DS-40KK-50K,4.0,0.9970323468760224,C,Lumpy,15.0,,1,TEC,,山东
SFF-100DS-42KJ-55KJ,4.0,0.9970377771653618,C,Lumpy,15.0,,1,TEC,,广东
SFC-030SA2-6B-12B,4.0,0.9970432074547012,C,Lumpy,15.0,,1,TEC,1190其他半导体关联装置,上海
SFC-040DA2-16B-19B L=60,4.0,0.9970486377440406,C,Lumpy,15.0,,1,TEC,9002卷线·线材加工机械,江苏
125-05-12G,4.0,0.99705406803338,C,Lumpy,15.0,,1,CB,,山东
111-08-11N 24V 20DIN,4.0,0.9970594983227193,C,Intermittent,5.0,0.18749999999999997,3,CB,,江苏
SFF-080DS-30K-35K-200N,4.0,0.9970649286120588,C,Lumpy,15.0,,1,TEC,,安徽
SFC-060DA2-22BH-25BH,4.0,0.9970703589013982,C,Lumpy,15.0,,1,TEC,,北京
ETP-E-020-CH,4.0,0.9970757891907376,C,Lumpy,7.5,0.5000000000000001,2,TEC,1820医药品制造装置,上海
ETP-E-080-NH,4.0,0.997081219480077,C,Lumpy,15.0,,1,TEC,9002卷线·线材加工机械,广东
SFC-030DA2-12BH-14BH L=45,4.0,0.9970866497694163,C,Lumpy,15.0,,1,TEC,1320医疗·看护·福祉用机器人,北京
SFF-060DS-18B-24BK-60N,4.0,0.9970920800587557,C,Lumpy,15.0,,1,TEC,1150半导体实装装置,广东
ALS-065AYN-22BHA-22BHA,4.0,0.9970975103480951,C,Lumpy,15.0,,1,TEC,1090其他机床,广东
ELEMENT-CF-B-185-H,4.0,0.9971029406374345,C,Lumpy,7.5,0.5000000000000001,2,CF,0840其他泵,北京
ALS-055ARN-24BKA-25BHA,4.0,0.997108370926774,C,Lumpy,15.0,,1,TEC,,江苏
ALS-055ARN-28BHA-28BHA,4.0,0.9971138012161133,C,Intermittent,7.5,0.0,2,TEC,,浙江
ALS-065ARN-24BHA-24BKA,4.0,0.9971192315054527,C,Lumpy,15.0,,1,TEC,1010切削机械,浙江
SFC-030DA2-6B-8B,4.0,0.9971246617947921,C,Lumpy,15.0,,1,TEC,1190其他半导体关联装置,上海
ALS-055ARN-19BHH-19BHH,4.0,0.9971300920841315,C,Lumpy,15.0,,1,TEC,1010切削机械,江苏
ALS-055ARN-20BHH-25BHH,4.0,0.9971355223734709,C,Intermittent,5.0,0.18749999999999997,3,TEC,8020贸易公司,江苏
SFC-050SA2-19BH-20BH,4.0,0.9971409526628102,C,Intermittent,7.5,0.0,2,TEC,9010清洁机械,上海
PE-124-MAT-15K,4.0,0.9971463829521496,C,Lumpy,15.0,,1,ME,,广东
PE-185-MA-22H,4.0,0.997151813241489,C,Intermittent,5.0,0.18749999999999997,3,ME,9092公司内部设备,天津
SFC-060DA2-30BH-30BH,4.0,0.9971572435308285,C,Intermittent,7.5,0.0,2,TEC,1590其他测试仪·实验器,陕西
SFC-060DA2-19BH-19BH,4.0,0.9971626738201679,C,Intermittent,7.5,0.0,2,TEC,9099其他机械,山东
SFF-090SS-35B-38B-300N,4.0,0.9971681041095072,C,Lumpy,15.0,,1,TEC,9099其他机械,上海
ALS-055-Y,4.0,0.9971735343988466,C,Lumpy,15.0,,1,TEC,,广东
ALS-055ARN-14BHA-16BHA,4.0,0.997178964688186,C,Intermittent,5.0,0.18749999999999997,3,TEC,1820医药品制造装置,上海
SFC-060DA2-18B-24J,4.0,0.9971843949775254,C,Lumpy,15.0,,1,TEC,,江苏
SFC-035SA2-10BH-14BJ,4.0,0.9971898252668647,C,Lumpy,15.0,,1,TEC,,江苏
ALS-055ARN-18BHA-24BHH,4.0,0.9971952555562041,C,Lumpy,7.5,0.5000000000000001,2,TEC,,江苏
SFF-080DS-24K-32K,4.0,0.9972006858455436,C,Lumpy,15.0,,1,TEC,9099其他机械,江苏
SFF-090SS-35KK-40KK,4.0,0.997206116134883,C,Lumpy,15.0,,1,TEC,9099其他机械,天津
SFF-090SS-35KS-40KK,4.0,0.9972115464242224,C,Lumpy,15.0,,1,TEC,1010切削机械,浙江
SFF-080SS-35K-35K,4.0,0.9972169767135617,C,Lumpy,15.0,,1,TEC,,湖南
SFC-090DA2-25B-32B,4.0,0.9972224070029011,C,Lumpy,15.0,,1,TEC,1820医药品制造装置,上海
SFC-090DA2-32B-40B,4.0,0.9972278372922405,C,Intermittent,5.0,0.18749999999999997,3,TEC,1010切削机械,江苏
SFC-090DA2-32K-38K,4.0,0.9972332675815799,C,Lumpy,15.0,,1,TEC,1010切削机械,江苏
ALS-020ARN-6BHA-7BHA,4.0,0.9972386978709193,C,Lumpy,15.0,,1,TEC,9099其他机械,上海
SFF-100DS-38KK-45KK,4.0,0.9972441281602586,C,Lumpy,15.0,,1,TEC,,江苏
SFF-100DS-40K-45K,4.0,0.9972495584495981,C,Intermittent,5.0,0.18749999999999997,3,TEC,1090其他机床,上海
SFC-060SA2-24BH-35BH,4.0,0.9972549887389375,C,Intermittent,7.5,0.0,2,TEC,9099其他机械,江苏
SFC-060SA2-24BJ-28BJ,4.0,0.9972604190282769,C,Intermittent,7.5,0.0,2,TEC,,安徽
SFH-150S,4.0,0.9972658493176163,C,Lumpy,15.0,,1,TEC,1510测试仪,北京
SFH-150S-40H-40H海外,4.0,0.9972712796069556,C,Lumpy,15.0,,1,TEC,9004其他加工机械,湖南
SFC-080SA2-30BJ-30BJ,4.0,0.997276709896295,C,Lumpy,15.0,,1,TEC,1590其他测试仪·实验器,广东
ARM-100 10-8,4.0,0.9972821401856344,C,Lumpy,15.0,,1,TEC,1590其他测试仪·实验器,广东
SFF-120DS-38K-40KK-600N,4.0,0.9972875704749739,C,Intermittent,7.5,0.0,2,TEC,9099其他机械,江苏
SFH-150S-40KK-55K海外,4.0,0.9972930007643133,C,Lumpy,7.5,0.5000000000000001,2,TEC,,北京
SFH-170S-65K-75K海外,4.0,0.9972984310536526,C,Intermittent,5.0,0.18749999999999997,3,TEC,1030其他金属加工机械,江苏
SFH-170S-75K-75K海外,4.0,0.997303861342992,C,Lumpy,7.5,0.5000000000000001,2,TEC,1030其他金属加工机械,江苏
SFF-140SS-40KK-55KK-800N,4.0,0.9973092916323314,C,Lumpy,7.5,0.5000000000000001,2,TEC,9004其他加工机械,上海
SFF-140SS-55KK-55KK-1000N,4.0,0.9973147219216708,C,Lumpy,7.5,0.5000000000000001,2,TEC,9004其他加工机械,上海
ALS-020ARN-10BHA-10BHA,4.0,0.9973201522110102,C,Lumpy,7.5,0.5000000000000001,2,TEC,1190其他半导体关联装置,江苏
SFF-100SS-38BK-38BK-450N,4.0,0.9973255825003495,C,Lumpy,15.0,,1,TEC,0920压出成型机,山东
SFF-100SS-40K-50K,4.0,0.9973310127896889,C,Lumpy,15.0,,1,TEC,,上海
SFC-050SA2-22B-22B,4.0,0.9973364430790284,C,Intermittent,5.0,0.18749999999999997,3,TEC,1090其他机床,广东
PSL-D-48,4.0,0.9973418733683678,C,Lumpy,15.0,,1,TEC,,江苏
SFC-060SA2-17B-19K,4.0,0.9973473036577072,C,Lumpy,15.0,,1,TEC,1510测试仪,浙江
CF-X-025-OB,4.0,0.9973527339470465,C,Lumpy,15.0,,1,CF,1590其他测试仪·实验器,重庆
DSCR-150 14-10,4.0,0.9973581642363859,C,Lumpy,15.0,,1,TEC,,辽宁
ALS-040ARN-16BHA-16BHA,4.0,0.9973635945257253,C,Lumpy,15.0,,1,TEC,,北京
SFC-040SA2-15BH-16BH,4.0,0.9973690248150647,C,Intermittent,5.0,0.18749999999999997,3,TEC,1190其他半导体关联装置,天津
SFC-040SA2-16B-16B,4.0,0.9973744551044041,C,Intermittent,7.5,0.0,2,TEC,1590其他测试仪·实验器,江苏
SFF-100DS-32KJ-35K,4.0,0.9973798853937434,C,Lumpy,15.0,,1,TEC,9099其他机械,江苏
SFC-050SA2-17BH-19BH,4.0,0.9973853156830829,C,Lumpy,15.0,,1,TEC,1140半导体检查装置,广东
SFF-070DS-24K-30K,4.0,0.9973907459724223,C,Lumpy,15.0,,1,TEC,,安徽
ALS-030ARN-12.7BHA-16BHA,4.0,0.9973961762617617,C,Lumpy,7.5,0.5000000000000001,2,TEC,1190其他半导体关联装置,江苏
ALS-030AYN-8BHA-14BHA,4.0,0.9974016065511011,C,Lumpy,15.0,,1,TEC,,安徽
ALS-040ARN-13BHA-20BHA,4.0,0.9974070368404404,C,Lumpy,15.0,,1,TEC,1190其他半导体关联装置,江苏
SFF-070DS-28K-35K,4.0,0.9974124671297798,C,Lumpy,15.0,,1,TEC,1010切削机械,山东
ALS-065ARN-28BKA-32BKA,4.0,0.9974178974191192,C,Lumpy,15.0,,1,TEC,,浙江
SFF-090SS-28K-40K-300N,4.0,0.9974233277084587,C,Lumpy,15.0,,1,TEC,9099其他机械,江苏
ALS-080ARN-19BHA-35BHA,4.0,0.9974287579977981,C,Lumpy,15.0,,1,TEC,9099其他机械,上海
SFF-070DS-18B-32BK-90N,4.0,0.9974341882871374,C,Lumpy,15.0,,1,TEC,1150半导体实装装置,广东
SFF-070DS-20K-32KK,4.0,0.9974396185764768,C,Lumpy,15.0,,1,TEC,1010切削机械,浙江
SFF-100SS-32K-32K-450N,4.0,0.9974450488658162,C,Lumpy,15.0,,1,TEC,1190其他半导体关联装置,广东
SFC-030DA2-9.525B-12B,4.0,0.9974504791551556,C,Intermittent,7.5,0.0,2,TEC,1590其他测试仪·实验器,江苏
ALS-030ARN-10BHA-16BHA,4.0,0.997455909444495,C,Lumpy,15.0,,1,TEC,1190其他半导体关联装置,江苏
SFM-120SS-45BK-45BK-600N-G2.5/20000,4.0,0.9974613397338343,C,Lumpy,15.0,,1,TEC,,江苏
SFC-050DA2-24BH-28BH,4.0,0.9974667700231737,C,Lumpy,15.0,,1,TEC,1130半导体组装装置,上海
SFC-050DA2-24K-24K,4.0,0.9974722003125132,C,Lumpy,15.0,,1,TEC,1910包装机械,天津
BXR-10-20-016-24V-24DIN,4.0,0.9974776306018526,C,Intermittent,7.5,0.0,2,CB,9099其他机械,江苏
CF-X-001-O2 17-20 ,4.0,0.997483060891192,C,Lumpy,15.0,,1,CF,9004其他加工机械,广东
SFC-080DA2-22BH-24BH,4.0,0.9974884911805313,C,Lumpy,7.5,0.5000000000000001,2,TEC,1190其他半导体关联装置,江苏
SFH-190S-T017,4.0,0.9974939214698707,C,Lumpy,15.0,,1,TEC,1010切削机械,浙江
ACRM-075 4-4,4.0,0.9974993517592101,C,Lumpy,15.0,,1,TEC,1610印刷机械,天津
SFC-090SA2-28B-35B,4.0,0.9975047820485495,C,Lumpy,15.0,,1,TEC,1090其他机床,云南
SFC-010SA2-4B-6B,4.0,0.997510212337889,C,Lumpy,15.0,,1,TEC,,广东
ALS-040ARN-T019,4.0,0.9975156426272282,C,Lumpy,15.0,,1,TEC,1090其他机床,福建
ALS-040AYN-11BHA-20BHA,4.0,0.9975210729165677,C,Lumpy,15.0,,1,TEC,,江苏
121-08-10G,4.0,0.9975265032059071,C,Intermittent,5.0,0.18749999999999997,3,CB,,天津
SFS-05S 12H-20H,4.0,0.9975319334952465,C,Lumpy,7.5,0.5000000000000001,2,TEC,,江苏
SFC-090SA2-32B-40B,4.0,0.9975373637845859,C,Lumpy,15.0,,1,TEC,,陕西
SFC-090DA2-38B-38K,4.0,0.9975427940739252,C,Lumpy,7.5,0.5000000000000001,2,TEC,,河南
CPU-36-A-15B-16B,4.0,0.9975482243632646,C,Lumpy,15.0,,1,TEC,,上海
112-04-13 24V,4.0,0.997553654652604,C,Lumpy,15.0,,1,CB,1320医疗·看护·福祉用机器人,北京
113ZYT90-1/3-1750,4.0,0.9975590849419435,C,Intermittent,7.5,0.0,2,ME,9099其他机械,上海
SFC-035DA2-12B-15B,4.0,0.9975645152312828,C,Intermittent,5.0,0.18749999999999997,3,TEC,8020贸易公司,上海
SFC-050SA2-16B-22BH,4.0,0.9975699455206222,C,Lumpy,15.0,,1,TEC,9099其他机械,广东
111-25-12G 24V 60DIN,4.0,0.9975753758099616,C,Lumpy,7.5,0.5000000000000001,2,CB,1590其他测试仪·实验器,广东
SFC-035SA2-10B-14BH,4.0,0.997580806099301,C,Intermittent,5.0,0.18749999999999997,3,TEC,1190其他半导体关联装置,江苏
SFM-140SS-65K-75K-1000N-G2.5/10000,4.0,0.9975862363886404,C,Lumpy,15.0,,1,TEC,,山东
SFC-060SA2-22B-28B,4.0,0.9975916666779797,C,Intermittent,7.5,0.0,2,TEC,1190其他半导体关联装置,辽宁
SFC-030DA2-8B-11B,4.0,0.9975970969673191,C,Lumpy,15.0,,1,TEC,1410医疗装置,辽宁
SFC-020DA2-6.35B-9B,4.0,0.9976025272566585,C,Lumpy,15.0,,1,TEC,1190其他半导体关联装置,上海
ALS-080ARN-28BHA-38BHA,4.0,0.997607957545998,C,Lumpy,7.5,0.5000000000000001,2,TEC,1090其他机床,江苏
SFC-080DA2-18B-35B,4.0,0.9976133878353374,C,Intermittent,7.5,0.0,2,TEC,1820医药品制造装置,上海
CF-A-140-SB-1360,4.0,0.9976188181246767,C,Intermittent,5.0,0.18749999999999997,3,CF,1010切削机械,河北
SFC-080DA2-20B-32K,4.0,0.9976242484140161,C,Intermittent,7.5,0.0,2,TEC,,广东
SFC-060SA2-20BH-24BH,4.0,0.9976296787033555,C,Intermittent,7.5,0.0,2,TEC,1210直接驱动机器人,江苏
SFC-050DA2-10B-15B,4.0,0.9976351089926949,C,Lumpy,15.0,,1,TEC,1190其他半导体关联装置,上海
SD-38A-9R,4.0,0.9976405392820343,C,Lumpy,15.0,,1,ME,,江苏
DH89-03 1P60A*2,4.0,0.9976459695713736,C,Lumpy,15.0,,1,ME,1590其他测试仪·实验器,河南
SFC-020DA2-4B-10B,4.0,0.997651399860713,C,Intermittent,7.5,0.0,2,TEC,1130半导体组装装置,上海
SFC-050DA2-17B-24BH,4.0,0.9976568301500525,C,Lumpy,15.0,,1,TEC,1210直接驱动机器人,江苏
ALS-040ARN-10BHA-19BKA,4.0,0.9976622604393919,C,Lumpy,15.0,,1,TEC,1010切削机械,浙江
PSL-G-32-C,4.0,0.9976676907287313,C,Lumpy,15.0,,1,TEC,,江苏
PSL-G-40-C,4.0,0.9976731210180706,C,Intermittent,7.5,0.0,2,TEC,1820医药品制造装置,上海
SFC-060DA2-14B-16B,4.0,0.99767855130741,C,Lumpy,15.0,,1,TEC,1510测试仪,浙江
动力线延长线GX16-4M-SX-8米,4.0,0.9976839815967494,C,Lumpy,15.0,,1,ME,1590其他测试仪·实验器,山东
ZKSY830ABS(脉冲驱动),4.0,0.9976894118860888,C,Lumpy,15.0,,1,ME,1590其他测试仪·实验器,山东
SFF-080SS-32K-32KK,4.0,0.9976948421754283,C,Lumpy,15.0,,1,TEC,1010切削机械,浙江
SFF-080SS-32KJ-35K,4.0,0.9977002724647676,C,Lumpy,7.5,0.5000000000000001,2,TEC,1010切削机械,浙江
编码器延长线DB15M-DB15G-8米,4.0,0.997705702754107,C,Lumpy,15.0,,1,ME,1590其他测试仪·实验器,山东
111-10-12G 24V 20JIS,4.0,0.9977111330434464,C,Lumpy,15.0,,1,CB,,广东
TT-2X-03-16-5NM,4.0,0.9977165633327858,C,Lumpy,7.5,0.5000000000000001,2,ME,,广东
TT-3X-01-25H-25H-60NM,4.0,0.9977219936221252,C,Intermittent,7.5,0.0,2,ME,,安徽
ALS-065ABN-24BHA-24BHA,4.0,0.9977274239114645,C,Lumpy,15.0,,1,TEC,1090其他机床,福建
SFC-080SA2-32BH-35B,4.0,0.9977328542008039,C,Intermittent,5.0,0.18749999999999997,3,TEC,,江苏
SFC-040DA2-13B-13B,4.0,0.9977382844901433,C,Lumpy,15.0,,1,TEC,1190其他半导体关联装置,江苏
SY25D00130M5005-48V-(TG-10),4.0,0.9977437147794828,C,Lumpy,15.0,,1,ME,1590其他测试仪·实验器,山东
FR-D720S-0.75K-CHT,4.0,0.9977491450688222,C,Lumpy,15.0,,1,ME,1910包装机械,上海
MM-12K 8-10,4.0,0.9977545753581615,C,Lumpy,15.0,,1,TEC,,江苏
P-98-MA-14,4.0,0.9977600056475009,C,Intermittent,7.5,0.0,2,ME,9099其他机械,上海
ALS-065-B-EL,4.0,0.9977654359368403,C,Lumpy,15.0,,1,TEC,1640纸加工机械,天津
SFF-080SS-25K-25K-200N,4.0,0.9977708662261797,C,Lumpy,15.0,,1,TEC,,河北
102-05-35 24V R15MM A15MM,4.0,0.9977762965155191,C,Intermittent,5.0,0.18749999999999997,3,CB,1410医疗装置,四川
MM-24K,4.0,0.9977817268048584,C,Lumpy,15.0,,1,TEC,9099其他机械,浙江
SFC-060DA2-16BH-22BH,4.0,0.9977871570941979,C,Lumpy,15.0,,1,TEC,,江苏
ALS-065ARN-22BHA-38BKA,4.0,0.9977925873835373,C,Lumpy,15.0,,1,TEC,1010切削机械,浙江
SFF-080DS-22K-32KK,4.0,0.9977980176728767,C,Lumpy,7.5,0.5000000000000001,2,TEC,,浙江
SFF-080DS-25K-35K,4.0,0.9978034479622161,C,Lumpy,15.0,,1,TEC,,江苏
NSS 7.3.7,4.0,0.9978088782515554,C,Intermittent,7.5,0.0,2,TEC,9099其他机械,广东
SFC-035SA2-16BH-18BH,4.0,0.9978143085408948,C,Lumpy,15.0,,1,TEC,1130半导体组装装置,上海
ALS-065-R-25H-25H,4.0,0.9978197388302342,C,Intermittent,7.5,0.0,2,TEC,2190其他能源装置,江苏
ALS-065ARN-32BHA-32BKA,4.0,0.9978251691195736,C,Intermittent,5.0,0.18749999999999997,3,TEC,1010切削机械,山东
SFF-070SS-24K-35K,4.0,0.997830599408913,C,Lumpy,15.0,,1,TEC,,江苏
ALS-055AYN-28BHH-28BHH,3.0,0.9978346721259176,C,Lumpy,15.0,,1,TEC,0820真空泵,天津
SFF-080SS-35B-35B-200N,3.0,0.9978387448429221,C,Lumpy,15.0,,1,TEC,1090其他机床,云南
SFF-080SS-35B-35BS-200N,3.0,0.9978428175599267,C,Lumpy,15.0,,1,TEC,1090其他机床,云南
SFF-070SS-28K-35KS,3.0,0.9978468902769312,C,Lumpy,15.0,,1,TEC,9099其他机械,辽宁
ALS-065ARN-16BHA-25BHA,3.0,0.9978509629939357,C,Lumpy,15.0,,1,TEC,,上海
SFF-080DS-38K-38K-200N,3.0,0.9978550357109403,C,Lumpy,15.0,,1,TEC,1010切削机械,江苏
SFF-080DS-T082N,3.0,0.9978591084279448,C,Intermittent,7.5,0.22222222222222227,2,TEC,9099其他机械,广东
NSS 20.9.20/4,3.0,0.9978631811449493,C,Intermittent,7.5,0.22222222222222227,2,TEC,,浙江
SFS-10S-28M-30M,3.0,0.9978672538619539,C,Lumpy,15.0,,1,TEC,1590其他测试仪·实验器,陕西
SFS-12S 40H-40H,3.0,0.9978713265789585,C,Lumpy,15.0,,1,TEC,,广东
MM-25K,3.0,0.997875399295963,C,Intermittent,7.5,0.22222222222222227,2,TEC,1090其他机床,北京
HG-KR23J,3.0,0.9978794720129676,C,Lumpy,15.0,,1,ME,1030其他金属加工机械,浙江
101-08-11N 24V R15JIS A15JIS,3.0,0.9978835447299721,C,Lumpy,15.0,,1,CB,,上海
SFC-055SA2-15B-18B,3.0,0.9978876174469766,C,Lumpy,15.0,,1,TEC,,安徽
SFC-055SA2-19B-22B,3.0,0.9978916901639812,C,Lumpy,15.0,,1,TEC,,江苏
SFC-035SA2-12BH-14BH,3.0,0.9978957628809857,C,Lumpy,15.0,,1,TEC,8020贸易公司,江苏
ALS-095ARN-55BHA-55BHA,3.0,0.9978998355979902,C,Lumpy,15.0,,1,TEC,9099其他机械,江苏
SFC-080SA2-28B-28B,3.0,0.9979039083149948,C,Lumpy,15.0,,1,TEC,,江苏
SFC-080SA2-30B-35K,3.0,0.9979079810319993,C,Lumpy,15.0,,1,TEC,,江苏
AP-164-MAT-24H,3.0,0.9979120537490039,C,Intermittent,7.5,0.22222222222222227,2,ME,,上海
SFC-050SA2-14BH-16B,3.0,0.9979161264660085,C,Intermittent,5.0,0.0,3,TEC,9099其他机械,江苏
SFC-035SA2-16B-19B,3.0,0.997920199183013,C,Lumpy,15.0,,1,TEC,1190其他半导体关联装置,上海
TT-2X-01-20H-19H-8NM,3.0,0.9979242719000175,C,Intermittent,7.5,0.22222222222222227,2,ME,1190其他半导体关联装置,上海
SFC-050DA2-15BH-22BH,3.0,0.9979283446170221,C,Lumpy,15.0,,1,TEC,1090其他机床,江苏
SFC-050DA2-16BH-16BH,3.0,0.9979324173340266,C,Lumpy,15.0,,1,TEC,,安徽
SFF-080SS-30K-35KS-150N,3.0,0.9979364900510311,C,Lumpy,15.0,,1,TEC,1090其他机床,广东
PE-124-MAT-15H,3.0,0.9979405627680357,C,Intermittent,7.5,0.22222222222222227,2,ME,1910包装机械,广东
SFC-060DA2-17B-28B,3.0,0.9979446354850402,C,Lumpy,15.0,,1,TEC,8020贸易公司,上海
SFC-060DA2-17B-35B,3.0,0.9979487082020447,C,Lumpy,15.0,,1,TEC,1190其他半导体关联装置,上海
SFC-040DA2-12B-19K,3.0,0.9979527809190493,C,Intermittent,7.5,0.22222222222222227,2,TEC,1090其他机床,广东
111-12-12G 24V 25DIN,3.0,0.9979568536360539,C,Lumpy,15.0,,1,CB,,广东
SFC-060DA2-12B-35B,3.0,0.9979609263530584,C,Lumpy,15.0,,1,TEC,1190其他半导体关联装置,上海
101-06-13G 24V 15DIN,3.0,0.997964999070063,C,Lumpy,15.0,,1,CB,1190其他半导体关联装置,上海
101-06-11N 24V R15JIS A15JIS,3.0,0.9979690717870675,C,Lumpy,15.0,,1,CB,,上海
101-06-11G 24V R12DIN A12DIN,3.0,0.997973144504072,C,Intermittent,7.5,0.22222222222222227,2,CB,,广东
SFC-050DA2-17B-17B,3.0,0.9979772172210766,C,Intermittent,7.5,0.22222222222222227,2,TEC,1190其他半导体关联装置,上海
SFF-100DS-32K-35K,3.0,0.9979812899380811,C,Lumpy,15.0,,1,TEC,1010切削机械,辽宁
SFC-080DA2-20B-28B,3.0,0.9979853626550856,C,Intermittent,7.5,0.22222222222222227,2,TEC,1520试验器,北京
PSL-K-8,3.0,0.9979894353720902,C,Intermittent,7.5,0.22222222222222227,2,TEC,,江苏
PSU-BR ,3.0,0.9979935080890947,C,Lumpy,15.0,,1,ME,8020贸易公司,江苏
R11,3.0,0.9979975808060993,C,Lumpy,15.0,,1,TEC,8020贸易公司,广东
SFC-050SA2-15B-20B,3.0,0.9980016535231039,C,Intermittent,7.5,0.22222222222222227,2,TEC,1520试验器,北京
SFC-080DA2-18B-38B,3.0,0.9980057262401084,C,Intermittent,7.5,0.22222222222222227,2,TEC,1510测试仪,浙江
SFC-080DA2-19B-35B,3.0,0.998009798957113,C,Lumpy,15.0,,1,TEC,,江苏
SFC-060SA2-20BH-22B,3.0,0.9980138716741175,C,Lumpy,15.0,,1,TEC,1130半导体组装装置,辽宁
CSZ-08-35,3.0,0.998017944391122,C,Intermittent,5.0,0.0,3,CB,,广东
CVD223FBR-K,3.0,0.9980220171081265,C,Lumpy,15.0,,1,ME,1030其他金属加工机械,浙江
SFC-030DA2-8B-14BH,3.0,0.9980260898251311,C,Lumpy,15.0,,1,TEC,1610印刷机械,江苏
SFC-030SA2-11B-14B,3.0,0.9980301625421356,C,Lumpy,15.0,,1,TEC,9099其他机械,上海
SFC-100DA2-35B-35B,3.0,0.9980342352591401,C,Intermittent,7.5,0.22222222222222227,2,TEC,,上海
SFC-050SA2-10B-12B,3.0,0.9980383079761448,C,Intermittent,7.5,0.22222222222222227,2,TEC,1190其他半导体关联装置,上海
SFC-050DA2-20B-30B,3.0,0.9980423806931493,C,Intermittent,7.5,0.22222222222222227,2,TEC,9099其他机械,上海
DSCR-200 19-12,3.0,0.9980464534101539,C,Lumpy,15.0,,1,TEC,,江苏
SFM-140SS-50K-55K-1000N-G6.3/20000,3.0,0.9980505261271584,C,Lumpy,15.0,,1,TEC,1190其他半导体关联装置,上海
SFS-05W-C,3.0,0.9980545988441629,C,Lumpy,15.0,,1,TEC,1510测试仪,北京
SFS-08S 20H-24H,3.0,0.9980586715611675,C,Intermittent,5.0,0.0,3,TEC,,江苏
CPU-36-A-15B-15B,3.0,0.998062744278172,C,Lumpy,15.0,,1,TEC,1190其他半导体关联装置,上海
SFS-05W-19H-19H,3.0,0.9980668169951765,C,Lumpy,15.0,,1,TEC,9099其他机械,天津
PSL-D-50,3.0,0.998070889712181,C,Lumpy,15.0,,1,TEC,,江苏
SFR-050SA1-20B-24B,3.0,0.9980749624291856,C,Lumpy,15.0,,1,TEC,1090其他机床,福建
ALS-080ARN-22BHA-32BKA,3.0,0.9980790351461902,C,Lumpy,15.0,,1,TEC,,浙江
SFF-040SS-T001N,3.0,0.9980831078631948,C,Intermittent,7.5,0.22222222222222227,2,TEC,1090其他机床,浙江
SFC-090SA2-28B-28B,3.0,0.9980871805801993,C,Lumpy,15.0,,1,TEC,,河南
SFC-050DA2-19K-22B,3.0,0.9980912532972038,C,Lumpy,15.0,,1,TEC,1510测试仪,浙江
SFC-010SA2-5B-5B,3.0,0.9980953260142084,C,Lumpy,15.0,,1,TEC,1590其他测试仪·实验器,广东
SFC-010SA2-6B-8K,3.0,0.9980993987312129,C,Lumpy,15.0,,1,TEC,1190其他半导体关联装置,上海
ALS-040AYN-15BHA-19BHA,3.0,0.9981034714482174,C,Intermittent,7.5,0.22222222222222227,2,TEC,,北京
SFC-100DA2-45B-45B,3.0,0.998107544165222,C,Lumpy,15.0,,1,TEC,9099其他机械,江苏
SFC-090SA2-35B-42B,3.0,0.9981116168822265,C,Intermittent,7.5,0.22222222222222227,2,TEC,0920压出成型机,山东
ALS-105ARN-42BHA-55BKA,3.0,0.998115689599231,C,Intermittent,5.0,0.0,3,TEC,1010切削机械,浙江
ALS-080ARN-32BHA-32BHA,3.0,0.9981197623162357,C,Lumpy,15.0,,1,TEC,1030其他金属加工机械,辽宁
ALS-080ARN-32BHH-32BHH,3.0,0.9981238350332402,C,Lumpy,15.0,,1,TEC,1030其他金属加工机械,辽宁
ALS-105ARN-40BHA-45BHA,3.0,0.9981279077502447,C,Lumpy,15.0,,1,TEC,1090其他机床,广东
SFC-100DA2-32B-35B,3.0,0.9981319804672493,C,Lumpy,15.0,,1,TEC,,黑龙江
SFC-080DA2-24B-35K,3.0,0.9981360531842538,C,Lumpy,15.0,,1,TEC,1090其他机床,广东
BXW-02-10H-24V-6,3.0,0.9981401259012583,C,Lumpy,15.0,,1,CB,1190其他半导体关联装置,上海
SE-11,3.0,0.9981441986182629,C,Lumpy,15.0,,1,TEC,8020贸易公司,广东
SFC-080DA2-24B-24B,3.0,0.9981482713352674,C,Intermittent,7.5,0.22222222222222227,2,TEC,1090其他机床,江苏
ACRM-075 5-3,3.0,0.9981523440522719,C,Lumpy,15.0,,1,TEC,,广东
SFC-040SA2-10B-10BH,3.0,0.9981564167692765,C,Lumpy,15.0,,1,TEC,,上海
SFM-100SS-T024N,3.0,0.998160489486281,C,Lumpy,15.0,,1,TEC,1010切削机械,江苏
SFC-040SA2-19B-20B,3.0,0.9981645622032856,C,Intermittent,7.5,0.22222222222222227,2,TEC,,云南
SFC-050DA2-8B-14B,3.0,0.9981686349202902,C,Lumpy,15.0,,1,TEC,1510测试仪,浙江
SD-53B-12R,3.0,0.9981727076372947,C,Intermittent,7.5,0.22222222222222227,2,ME,9092公司内部设备,广东
SFF-100SS-35K-50K-450N,3.0,0.9981767803542992,C,Lumpy,15.0,,1,TEC,1090其他机床,上海
SFC-040SA2-16B-20B,3.0,0.9981808530713038,C,Lumpy,15.0,,1,TEC,9099其他机械,上海
ALS-030-R-8B-11B,3.0,0.9981849257883083,C,Lumpy,15.0,,1,TEC,1190其他半导体关联装置,上海
SFF-100DS-48KK-55KM,3.0,0.9981889985053128,C,Lumpy,15.0,,1,TEC,1910包装机械,河北
SFC-020SA2-T046,3.0,0.9981930712223174,C,Intermittent,7.5,0.22222222222222227,2,TEC,1190其他半导体关联装置,江苏
SFF-070SS-22K-22K,3.0,0.9981971439393219,C,Lumpy,15.0,,1,TEC,1030其他金属加工机械,河北
ALS-030ARN-8BHA-15BHA,3.0,0.9982012166563264,C,Lumpy,15.0,,1,TEC,1590其他测试仪·实验器,广东
ALS-040-B,3.0,0.9982052893733311,C,Lumpy,15.0,,1,TEC,,云南
ALS-055ARN-17BHA-22BHA,3.0,0.9982093620903356,C,Intermittent,7.5,0.22222222222222227,2,TEC,9099其他机械,江苏
ALS-030ARN-16BHA-16BHA,3.0,0.9982134348073401,C,Lumpy,15.0,,1,TEC,1190其他半导体关联装置,江苏
SFC-050SA2-17BH（6)-24BH,3.0,0.9982175075243447,C,Lumpy,15.0,,1,TEC,1210直接驱动机器人,江苏
CHP-26-8-10,3.0,0.9982215802413492,C,Lumpy,15.0,,1,TEC,1030其他金属加工机械,山东
PSL-K-30,3.0,0.9982256529583537,C,Lumpy,15.0,,1,TEC,,北京
PSL-K-6.35-F,3.0,0.9982297256753583,C,Lumpy,15.0,,1,TEC,9099其他机械,广东
SFC-060SA2-19BH-35BH,3.0,0.9982337983923628,C,Intermittent,7.5,0.22222222222222227,2,TEC,1010切削机械,辽宁
DSCR-150 14-14,3.0,0.9982378711093673,C,Lumpy,15.0,,1,TEC,,辽宁
SFF-100DS-50K-55K,3.0,0.9982419438263719,C,Intermittent,7.5,0.22222222222222227,2,TEC,,山东
SFC-040SA2-8B-18B,3.0,0.9982460165433765,C,Intermittent,7.5,0.22222222222222227,2,TEC,,辽宁
SFF-100SS-32B-42B-450N,3.0,0.9982500892603811,C,Intermittent,7.5,0.22222222222222227,2,TEC,,江苏
ALS-014ARN-7BHA-7BHA,3.0,0.9982541619773856,C,Lumpy,15.0,,1,TEC,9099其他机械,江苏
SFC-050SA2-12B-22B,3.0,0.9982582346943901,C,Lumpy,15.0,,1,TEC,1510测试仪,浙江
BXR-14-10-038-24V-28DIN,3.0,0.9982623074113947,C,Intermittent,7.5,0.22222222222222227,2,CB,1590其他测试仪·实验器,四川
SFF-140SS-55K-60K-1000N,3.0,0.9982663801283992,C,Intermittent,7.5,0.22222222222222227,2,TEC,,山东
ALS-095ARN-28BHA-32BKA,3.0,0.9982704528454037,C,Lumpy,15.0,,1,TEC,,江苏
SFC-080SA2-30B-38B,3.0,0.9982745255624083,C,Intermittent,7.5,0.22222222222222227,2,TEC,1010切削机械,浙江
SFC-090DA2-25B-25B,3.0,0.9982785982794128,C,Lumpy,15.0,,1,TEC,9099其他机械,上海
SFC-090DA2-32B-38B,3.0,0.9982826709964173,C,Intermittent,7.5,0.22222222222222227,2,TEC,,江苏
SFF-080DS-24K-28K,3.0,0.998286743713422,C,Lumpy,15.0,,1,TEC,9004其他加工机械,广东
SFF-080DS-25K-32KK,3.0,0.9982908164304265,C,Lumpy,15.0,,1,TEC,1090其他机床,广东
ALS-040ARN-17BHA-17BHA,3.0,0.998294889147431,C,Lumpy,15.0,,1,TEC,1190其他半导体关联装置,江苏
SFC-025SA2-8B-11K,3.0,0.9982989618644356,C,Lumpy,15.0,,1,TEC,1190其他半导体关联装置,上海
SFF-090SS-35B-38BK-300N,3.0,0.9983030345814401,C,Intermittent,7.5,0.22222222222222227,2,TEC,0920压出成型机,山东
ALS-040ARN-24BHA-24BHA,3.0,0.9983071072984446,C,Lumpy,15.0,,1,TEC,1190其他半导体关联装置,江苏
SFC-040DA2-10B-22B,3.0,0.9983111800154492,C,Intermittent,7.5,0.22222222222222227,2,TEC,1190其他半导体关联装置,上海
P-164-MAT-28H,3.0,0.9983152527324537,C,Intermittent,7.5,0.22222222222222227,2,ME,,上海
SFC-060SA2-10B-16B,3.0,0.9983193254494582,C,Lumpy,15.0,,1,TEC,1190其他半导体关联装置,上海
SFC-060SA2-14B-18B,3.0,0.9983233981664628,C,Intermittent,5.0,0.0,3,TEC,1520试验器,北京
CS-16-33G 24V 30JIS,3.0,0.9983274708834673,C,Lumpy,15.0,,1,CB,9099其他机械,广东
ETP-T-20,3.0,0.9983315436004719,C,Intermittent,7.5,0.22222222222222227,2,TEC,9099其他机械,上海
P-124-MAT-24H,3.0,0.9983356163174765,C,Intermittent,7.5,0.22222222222222227,2,ME,1910包装机械,北京
SFC-060DA2-30B-30B,3.0,0.998339689034481,C,Lumpy,15.0,,1,TEC,1190其他半导体关联装置,江苏
SFC-060DA2-12B-15B,3.0,0.9983437617514855,C,Intermittent,7.5,0.22222222222222227,2,TEC,,上海
PE-185-MAT-22H,3.0,0.9983478344684901,C,Intermittent,7.5,0.22222222222222227,2,ME,1910包装机械,江苏
SFC-060SA2-12B-35B,3.0,0.9983519071854946,C,Intermittent,7.5,0.22222222222222227,2,TEC,1190其他半导体关联装置,上海
ALS-055ARN-30BHA-30BHA,3.0,0.9983559799024991,C,Lumpy,15.0,,1,TEC,9099其他机械,江苏
ALS-055ARN-19BHA-28BHA,3.0,0.9983600526195037,C,Intermittent,7.5,0.22222222222222227,2,TEC,,广东
SFC-050DA2-12B-28B,3.0,0.9983641253365082,C,Lumpy,15.0,,1,TEC,1190其他半导体关联装置,上海
ALS-065ARN-38BHA-38BHA,3.0,0.9983681980535127,C,Lumpy,15.0,,1,TEC,9099其他机械,江苏
SFC-050DA2-12B-20B,3.0,0.9983722707705174,C,Lumpy,15.0,,1,TEC,8020贸易公司,上海
ETP-A-25-S,3.0,0.9983763434875219,C,Lumpy,15.0,,1,TEC,1590其他测试仪·实验器,河南
SFC-055DA2-30B-30B,3.0,0.9983804162045264,C,Lumpy,15.0,,1,TEC,9099其他机械,江苏
125-08-12G,3.0,0.998384488921531,C,Intermittent,7.5,0.22222222222222227,2,CB,1190其他半导体关联装置,广东
SFC-060DA2-20B-35J,3.0,0.9983885616385355,C,Intermittent,7.5,0.22222222222222227,2,TEC,1010切削机械,山东
SFS-12W 40H-45H,3.0,0.99839263435554,C,Intermittent,7.5,0.22222222222222227,2,TEC,1590其他测试仪·实验器,广东
SFS-14S 35H-35H,3.0,0.9983967070725446,C,Intermittent,5.0,0.0,3,TEC,1010切削机械,广东
111-08-12N 24V 15JIS,3.0,0.9984007797895491,C,Lumpy,15.0,,1,CB,1610印刷机械,河北
SFS-10S,3.0,0.9984048525065536,C,Intermittent,7.5,0.22222222222222227,2,TEC,1010切削机械,江苏
SFC-050DA2-15BH-18BH L=63,3.0,0.9984089252235582,C,Intermittent,7.5,0.22222222222222227,2,TEC,,广东
SFC-050DA2-15B-25B,3.0,0.9984129979405628,C,Intermittent,5.0,0.0,3,TEC,1510测试仪,浙江
SFC-030SA2-5B-10B,3.0,0.9984170706575674,C,Lumpy,15.0,,1,TEC,1410医疗装置,辽宁
AK-180-AN-28N,3.0,0.9984211433745719,C,Intermittent,5.0,0.0,3,ME,9099其他机械,江苏
AK-185-AM,3.0,0.9984252160915764,C,Lumpy,15.0,,1,ME,1030其他金属加工机械,江苏
AL-070 15H-15H,3.0,0.998429288808581,C,Lumpy,15.0,,1,TEC,1910包装机械,上海
AP-86-MA-14,3.0,0.9984333615255855,C,Lumpy,15.0,,1,ME,1910包装机械,北京
SFC-080SA2-22BH-25B,3.0,0.99843743424259,C,Intermittent,5.0,0.0,3,TEC,9099其他机械,上海
SFC-030SA2-14B-16B,3.0,0.9984415069595945,C,Intermittent,7.5,0.22222222222222227,2,TEC,1190其他半导体关联装置,上海
SFC-080SA2-18B-38B,3.0,0.9984455796765991,C,Intermittent,7.5,0.22222222222222227,2,TEC,,北京
SFC-080SA2-19B-30B,3.0,0.9984496523936036,C,Intermittent,5.0,0.0,3,TEC,9099其他机械,上海
125-12-12E,3.0,0.9984537251106083,C,Intermittent,7.5,0.22222222222222227,2,CB,,广东
BXH-16-10G 90V 28DIN,3.0,0.9984577978276128,C,Lumpy,15.0,,1,CB,,山东
CF-A-004-S0-1360,3.0,0.9984618705446173,C,Lumpy,15.0,,1,CF,0290其他动力传动装置,天津
SFF-120DS-50K-50K-600N,3.0,0.9984659432616219,C,Lumpy,15.0,,1,TEC,,江苏
AL-075 14N-14N,3.0,0.9984700159786264,C,Lumpy,15.0,,1,TEC,,上海
SFC-080SA2-T269,3.0,0.9984740886956309,C,Intermittent,7.5,0.22222222222222227,2,TEC,9099其他机械,广东
101-08-15G 24V R15JIS A15JIS,3.0,0.9984781614126355,C,Intermittent,7.5,0.22222222222222227,2,CB,1590其他测试仪·实验器,福建
101-10-13G 24V 25DIN,3.0,0.99848223412964,C,Intermittent,7.5,0.22222222222222227,2,CB,,浙江
ZKSY-QD-LM(1M),2.0,0.9984849492743098,C,Lumpy,15.0,,1,ME,8020贸易公司,广东
TT-2-01-19H-11H-3NM,2.0,0.9984876644189794,C,Lumpy,15.0,,1,ME,9099其他机械,上海
101-10-11G 24V R20DIN A20DIN,2.0,0.998490379563649,C,Lumpy,15.0,,1,CB,9099其他机械,上海
TT-1X-03-12H-3NM,2.0,0.9984930947083188,C,Lumpy,15.0,,1,ME,9099其他机械,河南
101-06-11N 24V R15DIN A15DIN,2.0,0.9984958098529885,C,Intermittent,7.5,0.0,2,CB,,江苏
101-12-11N 24V R30JIS A30JIS,2.0,0.9984985249976582,C,Lumpy,15.0,,1,CB,1610印刷机械,河北
SFC-040DA2-10BH-20B,2.0,0.9985012401423279,C,Lumpy,15.0,,1,TEC,1190其他半导体关联装置,江苏
101-16-13G 24V 40JIS,2.0,0.9985039552869975,C,Lumpy,15.0,,1,CB,9099其他机械,辽宁
111-12-12N 24V 30JIS,2.0,0.9985066704316673,C,Lumpy,15.0,,1,CB,1610印刷机械,河北
电池及电池盒3.6V,2.0,0.998509385576337,C,Lumpy,15.0,,1,ME,1590其他测试仪·实验器,山东
101-06-15N 24V R12DIN A12DIN,2.0,0.9985121007210067,C,Lumpy,15.0,,1,CB,9099其他机械,天津
111-06-12N 24V 15JIS,2.0,0.9985148158656764,C,Lumpy,15.0,,1,CB,1610印刷机械,河北
SFS-09S-25M-25M,2.0,0.998517531010346,C,Lumpy,15.0,,1,TEC,,江苏
SFC-060DA2-15B-24K,2.0,0.9985202461550158,C,Lumpy,15.0,,1,TEC,1590其他测试仪·实验器,广东
SFC-060DA2-15B-30B,2.0,0.9985229612996854,C,Lumpy,15.0,,1,TEC,1510测试仪,浙江
JSC4-M5进气节流A,2.0,0.9985256764443552,C,Lumpy,15.0,,1,ME,8020贸易公司,江苏
SFC-060DA2-16B-32B,2.0,0.9985283915890248,C,Lumpy,15.0,,1,TEC,1190其他半导体关联装置,江苏
111-16-12G 24V 30DIN,2.0,0.9985311067336945,C,Lumpy,15.0,,1,CB,,江苏
111-06-11G 24V 12DIN,2.0,0.9985338218783643,C,Lumpy,15.0,,1,CB,1190其他半导体关联装置,上海
111-06-11G 24V 15JIS,2.0,0.9985365370230339,C,Lumpy,15.0,,1,CB,9004其他加工机械,广东
ALS-065ARN-24BHA-28BKA,2.0,0.9985392521677037,C,Lumpy,15.0,,1,TEC,1090其他机床,广东
SFC-025DA2-6B-12B,2.0,0.9985419673123733,C,Intermittent,7.5,0.0,2,TEC,1590其他测试仪·实验器,江苏
SFC-025DA2-9B-14B,2.0,0.998544682457043,C,Lumpy,15.0,,1,TEC,1590其他测试仪·实验器,江苏
SFC-040DA2-13B-19B,2.0,0.9985473976017127,C,Lumpy,15.0,,1,TEC,1190其他半导体关联装置,天津
SRG-050DS-18K-19K,2.0,0.9985501127463824,C,Lumpy,15.0,,1,TEC,1090其他机床,广东
SRG-060AS-T011,2.0,0.9985528278910522,C,Lumpy,15.0,,1,TEC,1010切削机械,上海
SFC-040DA2-11J-20B,2.0,0.9985555430357218,C,Lumpy,15.0,,1,TEC,1190其他半导体关联装置,江苏
SFC-040DA2-12B-12B,2.0,0.9985582581803915,C,Lumpy,15.0,,1,TEC,,四川
FME07-TA-J4-SH-DA-PS/DC24V,2.0,0.9985609733250612,C,Lumpy,15.0,,1,ME,8020贸易公司,江苏
SFC-060DA2-11B-24B,2.0,0.9985636884697309,C,Lumpy,15.0,,1,TEC,1190其他半导体关联装置,上海
JS-B-254.79-40K,2.0,0.9985664036144006,C,Intermittent,7.5,0.0,2,ME,1190其他半导体关联装置,上海
ALS-055AYN-12BHA-19BHA,2.0,0.9985691187590703,C,Lumpy,15.0,,1,TEC,,吉林
SFF-090DS-32K-35KK,2.0,0.9985718339037399,C,Lumpy,15.0,,1,TEC,1010切削机械,浙江
ALS-065-R-17B-28B,2.0,0.9985745490484097,C,Lumpy,15.0,,1,TEC,1130半导体组装装置,广东
SFF-080SS-24KK-32K,2.0,0.9985772641930794,C,Lumpy,15.0,,1,TEC,1010切削机械,浙江
SFF-080SS-25K-25K,2.0,0.9985799793377491,C,Lumpy,15.0,,1,TEC,9004其他加工机械,上海
P-86-MAT-14H,2.0,0.9985826944824188,C,Intermittent,7.5,0.0,2,ME,,江苏
P-98-MAT-18H,2.0,0.9985854096270884,C,Intermittent,7.5,0.0,2,ME,,上海
PE-106-MAT-12H,2.0,0.9985881247717582,C,Lumpy,15.0,,1,ME,0820真空泵,广东
SFC-030DA2-6B-11B,2.0,0.9985908399164278,C,Lumpy,15.0,,1,TEC,9004其他加工机械,广东
SFC-050DA2-12B-30B,2.0,0.9985935550610976,C,Intermittent,7.5,0.0,2,TEC,1510测试仪,浙江
SFC-050DA2-13B-14B,2.0,0.9985962702057672,C,Lumpy,15.0,,1,TEC,,江苏
SFF-090DS-32K-40K,2.0,0.9985989853504369,C,Lumpy,15.0,,1,TEC,1090其他机床,上海
SFF-090DS-35K-45K,2.0,0.9986017004951067,C,Lumpy,15.0,,1,TEC,,江苏
SFC-030DA2-12B-14BH,2.0,0.9986044156397763,C,Lumpy,15.0,,1,TEC,1190其他半导体关联装置,上海
SFC-030DA2-12B-14K,2.0,0.9986071307844461,C,Lumpy,15.0,,1,TEC,,江苏
SFC-030DA2-14B-16B,2.0,0.9986098459291157,C,Intermittent,7.5,0.0,2,TEC,,北京
SFF-100DS-45B-45B-450N,2.0,0.9986125610737854,C,Lumpy,15.0,,1,TEC,,上海
AK-140-MA-19N,2.0,0.9986152762184551,C,Lumpy,15.0,,1,ME,1610印刷机械,广东
ALS-095-R-38H-42H,2.0,0.9986179913631248,C,Lumpy,15.0,,1,TEC,9099其他机械,上海
AP-124-MA-16,2.0,0.9986207065077946,C,Intermittent,7.5,0.0,2,ME,,广东
SFC-090DA2-26B-40B,2.0,0.9986234216524642,C,Lumpy,15.0,,1,TEC,,河南
SFC-090DA2-32BH-35BH,2.0,0.9986261367971339,C,Lumpy,15.0,,1,TEC,1190其他半导体关联装置,江苏
ALS-080AYN-25BHA-40BHA,2.0,0.9986288519418036,C,Intermittent,7.5,0.0,2,TEC,,北京
BES-20-16 DIN,2.0,0.9986315670864733,C,Lumpy,15.0,,1,CB,,江苏
ACRM-112 12-10,2.0,0.998634282231143,C,Lumpy,15.0,,1,TEC,9099其他机械,上海
SFC-080SA2-19B-35B,2.0,0.9986369973758127,C,Intermittent,7.5,0.0,2,TEC,,北京
AP-98-MAT-14K,2.0,0.9986397125204823,C,Lumpy,15.0,,1,ME,1910包装机械,天津
SFC-080SA2-20B-32K,2.0,0.9986424276651521,C,Lumpy,15.0,,1,TEC,1010切削机械,广东
SFC-080SA2-22B-30B,2.0,0.9986451428098218,C,Lumpy,15.0,,1,TEC,1820医药品制造装置,上海
SFC-080SA2-24K-25B,2.0,0.9986478579544915,C,Lumpy,15.0,,1,TEC,1010切削机械,广东
SFC-080SA2-25B-40B,2.0,0.9986505730991612,C,Intermittent,7.5,0.0,2,TEC,9009制铁机械,湖北
SFF-100DS-42KK-55KM,2.0,0.9986532882438308,C,Lumpy,15.0,,1,TEC,1910包装机械,河北
BXH-06-10G 45V 11DIN,2.0,0.9986560033885006,C,Intermittent,7.5,0.0,2,CB,,上海
CF-A-016-S0-1360,2.0,0.9986587185331702,C,Intermittent,7.5,0.0,2,CF,1030其他金属加工机械,河北
SFF-120SS-40B-50B-600N,2.0,0.99866143367784,C,Lumpy,15.0,,1,TEC,1090其他机床,上海
SFF-120SS-40BK-55B-600N,2.0,0.9986641488225096,C,Lumpy,15.0,,1,TEC,,江苏
125-16-12G,2.0,0.9986668639671793,C,Lumpy,15.0,,1,CB,,上海
180-10-011 80,2.0,0.9986695791118491,C,Lumpy,15.0,,1,CB,9099其他机械,天津
SFC-040SA2-14B-17B,2.0,0.9986722942565187,C,Lumpy,15.0,,1,TEC,1510测试仪,浙江
ACRM-112 10-10,2.0,0.9986750094011885,C,Lumpy,15.0,,1,TEC,1640纸加工机械,天津
SFC-080SA2-20B-24B,2.0,0.9986777245458581,C,Intermittent,7.5,0.0,2,TEC,9099其他机械,天津
BXL-10-10G 24V 19DIN,2.0,0.9986804396905278,C,Lumpy,15.0,,1,CB,2320编织·编组机械,广东
SFC-080DA2-30B-38B,2.0,0.9986831548351975,C,Intermittent,7.5,0.0,2,TEC,1290其他工业机器人,浙江
SFC-035DA2-10B-11B,2.0,0.9986858699798672,C,Lumpy,15.0,,1,TEC,8020贸易公司,上海
SFC-040SA2-10B-15B,2.0,0.9986885851245368,C,Intermittent,7.5,0.0,2,TEC,1190其他半导体关联装置,广东
SFC-040SA2-10BH-12B,2.0,0.9986913002692066,C,Intermittent,7.5,0.0,2,TEC,1590其他测试仪·实验器,江苏
SFC-040SA2-10BH-19BH,2.0,0.9986940154138763,C,Lumpy,15.0,,1,TEC,1190其他半导体关联装置,上海
SFC-040SA2-12B-24B,2.0,0.998696730558546,C,Lumpy,15.0,,1,TEC,,河南
ALS-014ARN-6BHA-6.35BHA,2.0,0.9986994457032157,C,Lumpy,15.0,,1,TEC,1190其他半导体关联装置,江苏
SFF-100SS-38K-48KK-450N,2.0,0.9987021608478853,C,Lumpy,15.0,,1,TEC,0920压出成型机,山东
SFF-100DS-55KJ-55KJ,2.0,0.9987048759925551,C,Lumpy,15.0,,1,TEC,,广东
SFC-040SA2-8B-24B,2.0,0.9987075911372247,C,Lumpy,15.0,,1,TEC,1510测试仪,浙江
SFF-100SS-35KK-55K,2.0,0.9987103062818945,C,Lumpy,15.0,,1,TEC,,山东
SFC-030DA2-9.525B-15B,2.0,0.9987130214265642,C,Lumpy,15.0,,1,TEC,1490其他医疗器械,山东
SFC-040SA2-16B-24B,2.0,0.9987157365712338,C,Lumpy,15.0,,1,TEC,,河南
SFC-040SA2-17B-18B,2.0,0.9987184517159036,C,Lumpy,15.0,,1,TEC,,北京
SFF-100SS-38KK-55K,2.0,0.9987211668605732,C,Lumpy,15.0,,1,TEC,,山东
SFC-050SA2-12BJ-12BJ,2.0,0.998723882005243,C,Lumpy,15.0,,1,TEC,1190其他半导体关联装置,上海
BXH-16-10G 90V 30DIN,2.0,0.9987265971499126,C,Lumpy,15.0,,1,CB,0820真空泵,广东
SFC-050SA2-14K-17B,2.0,0.9987293122945823,C,Lumpy,15.0,,1,TEC,1510测试仪,浙江
PSL-K-24-C,2.0,0.998732027439252,C,Lumpy,15.0,,1,TEC,9099其他机械,江苏
BEH-20G,2.0,0.9987347425839217,C,Lumpy,15.0,,1,CB,1190其他半导体关联装置,上海
AL-100 24H-28H,2.0,0.9987374577285915,C,Lumpy,15.0,,1,TEC,,福建
AL-100 28H-32H,2.0,0.9987401728732611,C,Lumpy,15.0,,1,TEC,1590其他测试仪·实验器,陕西
SFF-140SS-40KK-55K-800N,2.0,0.9987428880179308,C,Lumpy,15.0,,1,TEC,9099其他机械,江苏
SFC-040DA2-17B-18B,2.0,0.9987456031626005,C,Lumpy,15.0,,1,TEC,8020贸易公司,上海
SFF-140SS-55K-55KK-1000N,2.0,0.9987483183072702,C,Lumpy,15.0,,1,TEC,9099其他机械,江苏
SFF-120DS-38BK-55BM-600N,2.0,0.9987510334519399,C,Lumpy,15.0,,1,TEC,1010切削机械,山东
SFH-170S-60K-60K海外,2.0,0.9987537485966096,C,Lumpy,15.0,,1,TEC,9099其他机械,江苏
SFC-035SA2-11B-16B,2.0,0.9987564637412792,C,Intermittent,7.5,0.0,2,TEC,1190其他半导体关联装置,江苏
SFC-035SA2-12B-13B,2.0,0.998759178885949,C,Lumpy,15.0,,1,TEC,1190其他半导体关联装置,上海
AL-095 19H-25H,2.0,0.9987618940306187,C,Lumpy,15.0,,1,TEC,1590其他测试仪·实验器,广东
BES-40-25,2.0,0.9987646091752884,C,Lumpy,15.0,,1,CB,,上海
ALS-095ARN-32BHA-35BHA,2.0,0.9987673243199581,C,Lumpy,15.0,,1,TEC,1090其他机床,福建
ARM-075 6-6,2.0,0.9987700394646277,C,Lumpy,15.0,,1,TEC,,广东
SFC-060SA2-22BJ-28BJ,2.0,0.9987727546092975,C,Intermittent,7.5,0.0,2,TEC,,安徽
SFC-060SA2-24B-30B,2.0,0.9987754697539671,C,Lumpy,15.0,,1,TEC,1190其他半导体关联装置,上海
SFC-060SA2-25B-28B,2.0,0.9987781848986369,C,Lumpy,15.0,,1,TEC,1140半导体检查装置,广东
SFF-140DS-65K-75K-1000N,2.0,0.9987809000433066,C,Lumpy,15.0,,1,TEC,,河南
SFF-140DS-65KM-75K-1000N,2.0,0.9987836151879762,C,Lumpy,15.0,,1,TEC,,江苏
ALS-080ARN-32BHH-35BHH,2.0,0.998786330332646,C,Lumpy,15.0,,1,TEC,1030其他金属加工机械,辽宁
ALS-080ARN-24BHA-38BHA,2.0,0.9987890454773156,C,Lumpy,15.0,,1,TEC,,江苏
ALS-080ARN-28BHA-32BHA,2.0,0.9987917606219854,C,Lumpy,15.0,,1,TEC,1030其他金属加工机械,辽宁
SFC-090SA2-32B-42B,2.0,0.998794475766655,C,Lumpy,15.0,,1,TEC,1010切削机械,山东
SFC-090SA2-38B-40B,2.0,0.9987971909113247,C,Intermittent,7.5,0.0,2,TEC,1410医疗装置,浙江
SFC-090SA2-T045,2.0,0.9987999060559944,C,Intermittent,7.5,0.0,2,TEC,1010切削机械,浙江
SFC-100DA2-32B-32B,2.0,0.9988026212006641,C,Intermittent,7.5,0.0,2,TEC,1510测试仪,浙江
SFC-020DA2-5B-8B,2.0,0.9988053363453339,C,Intermittent,7.5,0.0,2,TEC,1510测试仪,浙江
SF2511-ZK39-E,2.0,0.9988080514900035,C,Lumpy,15.0,,1,ME,0160步进电机,广东
SFC-080DA2-24B-30B,2.0,0.9988107666346732,C,Intermittent,7.5,0.0,2,TEC,,江苏
SFC-080DA2-24B-32K,2.0,0.9988134817793429,C,Lumpy,15.0,,1,TEC,1090其他机床,广东
SFC-080DA2-28K-32B,2.0,0.9988161969240126,C,Lumpy,15.0,,1,TEC,,江苏
BXL-16-10N-060-24V-37,2.0,0.9988189120686823,C,Lumpy,15.0,,1,CB,1590其他测试仪·实验器,河北
BXR-035-10LE-062-C12,2.0,0.998821627213352,C,Lumpy,15.0,,1,CB,,江苏
SD-75B-36R,2.0,0.9988243423580216,C,Lumpy,15.0,,1,ME,1190其他半导体关联装置,上海
ALS-095ARN-40BHA-42BHA,2.0,0.9988270575026914,C,Lumpy,15.0,,1,TEC,9099其他机械,江苏
SFC-035DA2-12B-16J,2.0,0.9988297726473611,C,Intermittent,7.5,0.0,2,TEC,1410医疗装置,辽宁
SFH-190S-55K-75K海外,2.0,0.9988324877920308,C,Lumpy,15.0,,1,TEC,,江苏
SFF-140DS-45K-55K-800N,2.0,0.9988352029367005,C,Intermittent,7.5,0.0,2,TEC,,江苏
SFH-260S-80-80海外,2.0,0.9988379180813701,C,Lumpy,15.0,,1,TEC,9099其他机械,江苏
SFM-060SS-17B-17B-60N G2.5/24000,2.0,0.9988406332260399,C,Intermittent,7.5,0.0,2,TEC,,江苏
SFF-140DS-40K-40K-800N,2.0,0.9988433483707095,C,Lumpy,15.0,,1,TEC,1910包装机械,河北
SFC-080DA2-25B-38B,2.0,0.9988460635153793,C,Lumpy,15.0,,1,TEC,9099其他机械,浙江
BXW-04-12S-24V-10,2.0,0.998848778660049,C,Lumpy,15.0,,1,CB,1410医疗装置,上海
SFC-040SA2-18B-18B,2.0,0.9988514938047186,C,Lumpy,15.0,,1,TEC,1210直接驱动机器人,江苏
SFC-050DA2-22BH-24BH,2.0,0.9988542089493884,C,Lumpy,15.0,,1,TEC,,江苏
SD-53A-66-16-25R,2.0,0.998856924094058,C,Lumpy,15.0,,1,ME,,上海
RSE-11,2.0,0.9988596392387278,C,Lumpy,15.0,,1,TEC,1190其他半导体关联装置,天津
RSE-18,2.0,0.9988623543833974,C,Lumpy,15.0,,1,TEC,9099其他机械,北京
SFC-040SA2-10B-12B,2.0,0.9988650695280671,C,Intermittent,7.5,0.0,2,TEC,1030其他金属加工机械,陕西
SFC-035DA2-11B-13B,2.0,0.9988677846727368,C,Lumpy,15.0,,1,TEC,,江苏
SFC-035DA2-12B-12B,2.0,0.9988704998174065,C,Intermittent,7.5,0.0,2,TEC,1590其他测试仪·实验器,江苏
SFF-100DS-38K-38K,2.0,0.9988732149620763,C,Lumpy,15.0,,1,TEC,1910包装机械,河北
SFF-100DS-38K-55K,2.0,0.9988759301067459,C,Lumpy,15.0,,1,TEC,0920压出成型机,广东
ALS-040AYN-14BHA-16BHA,2.0,0.9988786452514156,C,Lumpy,15.0,,1,TEC,,吉林
SFC-050DA2-18B-19B L=60,2.0,0.9988813603960853,C,Lumpy,15.0,,1,TEC,9099其他机械,上海
SFC-050DA2-18B-20K,2.0,0.998884075540755,C,Lumpy,15.0,,1,TEC,1190其他半导体关联装置,江苏
SFF-050SS-14B-16B-25N,2.0,0.9988867906854247,C,Lumpy,15.0,,1,TEC,1190其他半导体关联装置,上海
SFC-050DA2-19BH-20BH,2.0,0.9988895058300944,C,Lumpy,15.0,,1,TEC,9099其他机械,北京
SFC-090SA2-28B-42B,2.0,0.998892220974764,C,Intermittent,7.5,0.0,2,TEC,1610印刷机械,天津
SFC-080DA2-18B-25B,2.0,0.9988949361194338,C,Lumpy,15.0,,1,TEC,9099其他机械,浙江
SFC-080DA2-18B-30B,2.0,0.9988976512641035,C,Lumpy,15.0,,1,TEC,1820医药品制造装置,上海
SFC-080DA2-20B-30B,2.0,0.9989003664087732,C,Lumpy,15.0,,1,TEC,9099其他机械,江苏
QX2 SC,2.0,0.9989030815534429,C,Lumpy,15.0,,1,ME,2390其他纤维纺织机械,河北
ALS-040ARN-10BHA-20BHA,2.0,0.9989057966981125,C,Lumpy,15.0,,1,TEC,1190其他半导体关联装置,江苏
ALS-040ARN-12BHA-12BHA,2.0,0.9989085118427823,C,Intermittent,7.5,0.0,2,TEC,1520试验器,北京
ALS-040ABN-14BHA-14BHA,2.0,0.9989112269874519,C,Lumpy,15.0,,1,TEC,,北京
ALS-040ABN-20BHA-22BHA,2.0,0.9989139421321217,C,Lumpy,15.0,,1,TEC,1590其他测试仪·实验器,广东
CSZ-05-35,2.0,0.9989166572767914,C,Lumpy,15.0,,1,CB,9099其他机械,上海
CVD228BR-K,2.0,0.998919372421461,C,Lumpy,15.0,,1,ME,1030其他金属加工机械,浙江
CF-A-200-O0-1360,2.0,0.9989220875661308,C,Intermittent,7.5,0.0,2,CF,0810油压泵,天津
CF-B-120-H,2.0,0.9989248027108004,C,Intermittent,7.5,0.0,2,CF,9092公司内部设备,天津
CF-B-140-H,2.0,0.9989275178554702,C,Lumpy,15.0,,1,CF,9092公司内部设备,天津
SFC-060SA2-25B-32B,2.0,0.9989302330001398,C,Intermittent,7.5,0.0,2,TEC,1190其他半导体关联装置,上海
SFC-060SA2-28B-28B,2.0,0.9989329481448095,C,Lumpy,15.0,,1,TEC,8020贸易公司,上海
SFC-060SA2-30B-32B,2.0,0.9989356632894792,C,Intermittent,7.5,0.0,2,TEC,1190其他半导体关联装置,上海
SFC-050DA2-20B-28B,2.0,0.9989383784341489,C,Lumpy,15.0,,1,TEC,1010切削机械,山东
SFC-050DA2-10B-22B,2.0,0.9989410935788187,C,Intermittent,7.5,0.0,2,TEC,1590其他测试仪·实验器,江苏
ALS-040-R-12B-14B,2.0,0.9989438087234883,C,Lumpy,15.0,,1,TEC,,江苏
SFC-030DA2-8B-9.525B,2.0,0.998946523868158,C,Lumpy,15.0,,1,TEC,8020贸易公司,上海
SFC-030DA2-9B-14BH,2.0,0.9989492390128277,C,Lumpy,15.0,,1,TEC,1190其他半导体关联装置,上海
SFC-030SA2-10BH-11BH,2.0,0.9989519541574974,C,Intermittent,7.5,0.0,2,TEC,1210直接驱动机器人,江苏
E1,2.0,0.9989546693021671,C,Lumpy,15.0,,1,ME,,上海
SFC-060SA2-16BH-25B,2.0,0.9989573844468368,C,Lumpy,15.0,,1,TEC,,江苏
SFS-05S 12H-12H,2.0,0.9989600995915064,C,Intermittent,7.5,0.0,2,TEC,,江苏
SFM-120SS-55KK-55KK-600N-G2.5/10000,2.0,0.9989628147361762,C,Lumpy,15.0,,1,TEC,,湖南
SFM-140DS-T003N,2.0,0.9989655298808459,C,Lumpy,15.0,,1,TEC,1520试验器,江苏
CF-X-016-OB,2.0,0.9989682450255156,C,Lumpy,15.0,,1,CF,1030其他金属加工机械,河北
DSR-100 10-10,2.0,0.9989709601701853,C,Lumpy,15.0,,1,TEC,1320医疗·看护·福祉用机器人,北京
PSL-K-7,2.0,0.9989736753148549,C,Lumpy,15.0,,1,TEC,,上海
SFC-060SA2-18B-28BH,2.0,0.9989763904595247,C,Lumpy,15.0,,1,TEC,9099其他机械,广东
SFC-060SA2-19B-19B,2.0,0.9989791056041943,C,Lumpy,15.0,,1,TEC,1610印刷机械,广东
SFC-050SA2-16B-24BH,2.0,0.9989818207488641,C,Lumpy,15.0,,1,TEC,1010切削机械,辽宁
SFC-050SA2-16BH-17BH,2.0,0.9989845358935338,C,Lumpy,15.0,,1,TEC,,江苏
PSL-G-50-C,2.0,0.9989872510382034,C,Lumpy,15.0,,1,TEC,,安徽
PE-216-MAT-25H,2.0,0.9989899661828732,C,Lumpy,15.0,,1,ME,,四川
SFC-060SA2-20B-32K,2.0,0.9989926813275428,C,Lumpy,15.0,,1,TEC,1010切削机械,浙江
SFC-040DA2-16B-16B,2.0,0.9989953964722126,C,Intermittent,7.5,0.0,2,TEC,1510测试仪,河北
SFC-035SA2-10B-12B,2.0,0.9989981116168822,C,Lumpy,15.0,,1,TEC,,陕西
SFS-08S 14H-32H,2.0,0.9990008267615519,C,Lumpy,15.0,,1,TEC,,北京
SFC-040DA2-9.525B-19B,2.0,0.9990035419062216,C,Lumpy,15.0,,1,TEC,,天津
111-25-12G 24V 60JIS,2.0,0.9990062570508913,C,Intermittent,7.5,0.0,2,CB,1130半导体组装装置,上海
111-25-13G 24V,2.0,0.9990089721955611,C,Lumpy,15.0,,1,CB,,江苏
112-03-11 24V 6DIN,2.0,0.9990116873402307,C,Lumpy,15.0,,1,CB,,广东
SFC-040DA2-6B-14B,2.0,0.9990144024849004,C,Lumpy,15.0,,1,TEC,1590其他测试仪·实验器,江苏
SFC-040DA2-8B-15B,2.0,0.9990171176295701,C,Lumpy,15.0,,1,TEC,8020贸易公司,上海
CPU-26-A-8B-8B,2.0,0.9990198327742398,C,Lumpy,15.0,,1,TEC,9099其他机械,江苏
CPU-36-A-10B-10B,2.0,0.9990225479189095,C,Lumpy,15.0,,1,TEC,,广东
SFC-100SA2-38BH-38BH,2.0,0.9990252630635792,C,Lumpy,15.0,,1,TEC,,安徽
SFC-090DA2-38B-38B,2.0,0.9990279782082488,C,Lumpy,15.0,,1,TEC,,江苏
SFM-140SS-T009N,2.0,0.9990306933529186,C,Intermittent,7.5,0.0,2,TEC,1090其他机床,辽宁
SFR-025SA1-8B-12B,2.0,0.9990334084975883,C,Lumpy,15.0,,1,TEC,1590其他测试仪·实验器,广东
SFR-030SA1-5B-16B,2.0,0.999036123642258,C,Lumpy,15.0,,1,TEC,,江苏
111-20-11G 24V 40JIS,2.0,0.9990388387869277,C,Lumpy,15.0,,1,CB,1610印刷机械,福建
111-20-11G 24V 50JIS,2.0,0.9990415539315973,C,Lumpy,15.0,,1,CB,1590其他测试仪·实验器,广东
111-20-12G 24V 40JIS,2.0,0.9990442690762671,C,Lumpy,15.0,,1,CB,1510测试仪,北京
SFC-060DA2-18BH-18BH,2.0,0.9990469842209367,C,Lumpy,15.0,,1,TEC,1190其他半导体关联装置,江苏
SFC-060DA2-19B-30B,2.0,0.9990496993656065,C,Lumpy,15.0,,1,TEC,,上海
SFC-035SA2-11B-14B,2.0,0.9990524145102762,C,Lumpy,15.0,,1,TEC,1510测试仪,浙江
SFC-040DA2-14B-14B L=60,2.0,0.9990551296549458,C,Lumpy,15.0,,1,TEC,9002卷线·线材加工机械,江苏
SFC-040DA2-14B-18B,2.0,0.9990578447996156,C,Lumpy,15.0,,1,TEC,1590其他测试仪·实验器,江苏
SFC-100SA2-32B-40B,2.0,0.9990605599442852,C,Intermittent,7.5,0.0,2,TEC,,辽宁
SFF-090SS-32K-35KK,2.0,0.9990632750889549,C,Lumpy,15.0,,1,TEC,9099其他机械,江苏
SFF-090SS-32KK-35KK,2.0,0.9990659902336246,C,Lumpy,15.0,,1,TEC,,上海
SFC-050SA2-24BH-25BH,2.0,0.9990687053782943,C,Lumpy,15.0,,1,TEC,9099其他机械,重庆
SFC-060SA2-14B-14B,2.0,0.999071420522964,C,Intermittent,7.5,0.0,2,TEC,9099其他机械,上海
SFC-050SA2-18B-28B,2.0,0.9990741356676337,C,Intermittent,7.5,0.0,2,TEC,1190其他半导体关联装置,上海
SFC-050SA2-19B-19BH,2.0,0.9990768508123034,C,Lumpy,15.0,,1,TEC,0920压出成型机,山东
CS-16-33HG 24V 30DIN,2.0,0.9990795659569731,C,Lumpy,15.0,,1,CB,,广东
CS-20-33G 24V 40JIS,2.0,0.9990822811016428,C,Lumpy,15.0,,1,CB,9092公司内部设备,北京
P-124-MAT-19H,2.0,0.9990849962463125,C,Lumpy,15.0,,1,ME,,广东
ETP-T-20-C,2.0,0.9990877113909822,C,Intermittent,7.5,0.0,2,TEC,1820医药品制造装置,上海
SFF-070SS-19B-24B-90N,2.0,0.9990904265356518,C,Intermittent,7.5,0.0,2,TEC,9099其他机械,江苏
SFF-060SS-16B-22BJ-60N,2.0,0.9990931416803216,C,Lumpy,15.0,,1,TEC,,江苏
SFF-060SS-19B-25B-60N,2.0,0.9990958568249912,C,Lumpy,15.0,,1,TEC,,江苏
SFC-020SA2-6B-6.35B,2.0,0.999098571969661,C,Lumpy,15.0,,1,TEC,8020贸易公司,上海
SFF-070SS-24K-24K,2.0,0.9991012871143307,C,Lumpy,15.0,,1,TEC,9099其他机械,江苏
SFF-070SS-24K-25K,2.0,0.9991040022590003,C,Lumpy,15.0,,1,TEC,1030其他金属加工机械,北京
SFC-050DA2-19B-22B L=80,2.0,0.9991067174036701,C,Lumpy,15.0,,1,TEC,,浙江
PE-155-MA-18H,2.0,0.9991094325483397,C,Lumpy,15.0,,1,ME,1610印刷机械,广东
SFC-060SA2-19BH-25BH,2.0,0.9991121476930095,C,Lumpy,15.0,,1,TEC,9099其他机械,江苏
CHP-26-6-8,2.0,0.9991148628376791,C,Lumpy,15.0,,1,TEC,,浙江
SFC-050SA2-22BH-25B,2.0,0.9991175779823488,C,Lumpy,15.0,,1,TEC,1590其他测试仪·实验器,陕西
ALS-030ARN-15BHA-15BHA,2.0,0.9991202931270186,C,Lumpy,15.0,,1,TEC,,辽宁
SFF-090SS-38K-38K,2.0,0.9991230082716882,C,Intermittent,7.5,0.0,2,TEC,,北京
SFF-100DS-32KK-38KK,2.0,0.999125723416358,C,Intermittent,7.5,0.0,2,TEC,,山东
SFF-100DS-35KS-40KK,2.0,0.9991284385610276,C,Intermittent,7.5,0.0,2,TEC,,江苏
ALS-030ARN-8BHA-16BHA,2.0,0.9991311537056973,C,Lumpy,15.0,,1,TEC,1190其他半导体关联装置,江苏
PKP246MD15A2-R2FL,2.0,0.999133868850367,C,Lumpy,15.0,,1,ME,1030其他金属加工机械,浙江
PKP264D14A2-CS10,2.0,0.9991365839950367,C,Lumpy,15.0,,1,ME,1030其他金属加工机械,浙江
SFC-060DA2-22B-22B L=65,2.0,0.9991392991397064,C,Lumpy,15.0,,1,TEC,1010切削机械,山东
SFC-060DA2-22BH-28B,2.0,0.9991420142843761,C,Lumpy,15.0,,1,TEC,,上海
SFC-060DA2-25B-32K,2.0,0.9991447294290458,C,Lumpy,15.0,,1,TEC,1090其他机床,广东
SFF-060SS-22B-22B-80N,2.0,0.9991474445737155,C,Lumpy,15.0,,1,TEC,1010切削机械,河北
ALS-080-R,2.0,0.9991501597183852,C,Intermittent,7.5,0.0,2,TEC,,广东
SFC-030DA2-5B-8B,2.0,0.9991528748630549,C,Intermittent,7.5,0.0,2,TEC,1190其他半导体关联装置,上海
SFS-12S-30M-35M,2.0,0.9991555900077246,C,Intermittent,7.5,0.0,2,TEC,1190其他半导体关联装置,上海
SFS-12S-35M-40M,2.0,0.9991583051523942,C,Lumpy,15.0,,1,TEC,1290其他工业机器人,江苏
SFS-12W-35J-42J,2.0,0.999161020297064,C,Intermittent,7.5,0.0,2,TEC,,上海
SFC-040DA2-16BH-22BH,2.0,0.9991637354417336,C,Lumpy,15.0,,1,TEC,9099其他机械,浙江
122-06-20G,2.0,0.9991664505864034,C,Intermittent,7.5,0.0,2,CB,1090其他机床,浙江
SFC-060DA2-22BH-22JH,2.0,0.9991691657310731,C,Lumpy,15.0,,1,TEC,,天津
ETP-A-80,2.0,0.9991718808757427,C,Intermittent,7.5,0.0,2,TEC,9099其他机械,河北
ETP-T-15-C,2.0,0.9991745960204125,C,Lumpy,15.0,,1,TEC,0290其他动力传动装置,辽宁
SFF-080DS-25K-35KS,2.0,0.9991773111650821,C,Lumpy,15.0,,1,TEC,,江苏
SFF-080DS-25K-35KS-200N,2.0,0.9991800263097519,C,Lumpy,15.0,,1,TEC,9099其他机械,广东
ALS-065ARN-18BHA-35BHA,2.0,0.9991827414544215,C,Lumpy,15.0,,1,TEC,1010切削机械,浙江
SFC-050DA2-15B-20B,2.0,0.9991854565990912,C,Lumpy,15.0,,1,TEC,,江苏
SRG-035CS-T006,2.0,0.999188171743761,C,Lumpy,15.0,,1,TEC,1090其他机床,浙江
SFS-09W-22M-32M,2.0,0.9991908868884306,C,Lumpy,15.0,,1,TEC,,广东
SFC-040DA2-10B-15B,2.0,0.9991936020331004,C,Lumpy,15.0,,1,TEC,,陕西
SFC-040DA2-10B-16B,2.0,0.99919631717777,C,Intermittent,7.5,0.0,2,TEC,1190其他半导体关联装置,上海
ALS-040ARN-20BHH-22BHH,2.0,0.9991990323224397,C,Lumpy,15.0,,1,TEC,0820真空泵,天津
SFC-050DA2-14B-19J,2.0,0.9992017474671094,C,Lumpy,15.0,,1,TEC,,江苏
SFF-090DS-28K-32KK,2.0,0.9992044626117791,C,Lumpy,15.0,,1,TEC,,河南
ALS-055ARN-18BHA-25BHA,2.0,0.9992071777564488,C,Lumpy,15.0,,1,TEC,,北京
SFC-050DA2-10B-30B,2.0,0.9992098929011185,C,Lumpy,15.0,,1,TEC,1590其他测试仪·实验器,广东
ALS-065ARN-17BHA-28BHA,2.0,0.9992126080457882,C,Lumpy,15.0,,1,TEC,,北京
SFF-080DS-24K-35K,2.0,0.9992153231904579,C,Lumpy,15.0,,1,TEC,1610印刷机械,天津
SFC-050DA2-15BH-19BH,2.0,0.9992180383351276,C,Lumpy,15.0,,1,TEC,,河南
101-25-13G 24V 40JIS,2.0,0.9992207534797973,C,Lumpy,15.0,,1,CB,1610印刷机械,福建
YKB300-M3-5.0M-(DLX),2.0,0.999223468624467,C,Lumpy,15.0,,1,ME,1120晶片·基板加工装置,江苏
YKB300-M3-LM(BMQX5M),2.0,0.9992261837691366,C,Lumpy,15.0,,1,ME,1590其他测试仪·实验器,广东
YKB300-M3-LM(BMQX8M),2.0,0.9992288989138064,C,Lumpy,15.0,,1,ME,1590其他测试仪·实验器,广东
YKB300-M3-LM(DLX5M),2.0,0.999231614058476,C,Lumpy,15.0,,1,ME,1590其他测试仪·实验器,广东
YKB300-M3-LM(DLX8M),2.0,0.9992343292031458,C,Lumpy,15.0,,1,ME,1590其他测试仪·实验器,广东
ZG-8,2.0,0.9992370443478155,C,Lumpy,15.0,,1,TEC,,江苏
SFC-060DA2-16B-18B,2.0,0.9992397594924851,C,Lumpy,15.0,,1,TEC,1190其他半导体关联装置,上海
101-08-15G 24V R15DIN A15DIN,2.0,0.9992424746371549,C,Lumpy,15.0,,1,CB,1490其他医疗器械,江苏
ZKSY-YKBTSX-LM-(1M),2.0,0.9992451897818245,C,Lumpy,15.0,,1,ME,8020贸易公司,广东
SFC-040DA2-11B-20B,2.0,0.9992479049264943,C,Lumpy,15.0,,1,TEC,1190其他半导体关联装置,江苏
SRG-060AS-T018,2.0,0.9992506200711639,C,Lumpy,15.0,,1,TEC,1010切削机械,上海
SRG-070DS-25KK-35KS,2.0,0.9992533352158336,C,Lumpy,15.0,,1,TEC,,江苏
SRG-070DS-35KK-35KS,2.0,0.9992560503605034,C,Lumpy,15.0,,1,TEC,,辽宁
101-20-15G 24V R40JIS A40JIS,2.0,0.999258765505173,C,Intermittent,7.5,0.0,2,CB,,江苏
SY25D00130M3005-48V-(MIFO601-15),2.0,0.9992614806498428,C,Lumpy,15.0,,1,ME,1590其他测试仪·实验器,广东
ALS-065ARN-32BKA-32BKA,2.0,0.9992641957945124,C,Lumpy,15.0,,1,TEC,,浙江
ALS-065ABN-32BHA-32BHA,2.0,0.9992669109391821,C,Lumpy,15.0,,1,TEC,,广东
ALS-055AYN-18BHA-24BHA,2.0,0.9992696260838518,C,Intermittent,7.5,0.0,2,TEC,1610印刷机械,北京
ALS-055AYN-19BKA-24BKA,2.0,0.9992723412285215,C,Intermittent,7.5,0.0,2,TEC,9099其他机械,上海
ALS-065-B,2.0,0.9992750563731913,C,Lumpy,15.0,,1,TEC,8020贸易公司,上海
ALS-065-R-25H-38H,2.0,0.9992777715178609,C,Intermittent,7.5,0.0,2,TEC,2190其他能源装置,江苏
ALS-065-Y,2.0,0.9992804866625306,C,Lumpy,15.0,,1,TEC,0390其他运输机械,天津
ALS-065-Y-28H-38H,2.0,0.9992832018072003,C,Lumpy,15.0,,1,TEC,,江苏
SFC-025SA2-10BH-10BH,2.0,0.99928591695187,C,Intermittent,7.5,0.0,2,TEC,1010切削机械,山东
SFF-080SS-22KK-25KK,2.0,0.9992886320965397,C,Intermittent,7.5,0.0,2,TEC,9099其他机械,江苏
SFF-080SS-24K-32K,2.0,0.9992913472412094,C,Lumpy,15.0,,1,TEC,,江苏
SFC-025SA2-6B-14B,2.0,0.999294062385879,C,Lumpy,15.0,,1,TEC,,天津
SFC-025SA2-6B-8B,2.0,0.9992967775305488,C,Lumpy,15.0,,1,TEC,,北京
SFF-080SS-22K-25K-200N,2.0,0.9992994926752184,C,Lumpy,15.0,,1,TEC,,河北
SFF-080SS-22K-30K-200N,2.0,0.9993022078198882,C,Lumpy,15.0,,1,TEC,,河北
SFF-080DS-25K-32KK-150N,2.0,0.9993049229645579,C,Lumpy,15.0,,1,TEC,9099其他机械,广东
SF2522-ZK45-EM,2.0,0.9993076381092275,C,Lumpy,15.0,,1,ME,0160步进电机,广东
SFC-002DA2-4B-5B,2.0,0.9993103532538973,C,Lumpy,15.0,,1,TEC,,江苏
SFC-002SA2-4B-5B,2.0,0.9993130683985669,C,Lumpy,15.0,,1,TEC,,江苏
SFC-050SA2-10B-12BJ,2.0,0.9993157835432367,C,Lumpy,15.0,,1,TEC,1190其他半导体关联装置,上海
BOLT PACK SFH-190G,2.0,0.9993184986879063,C,Lumpy,15.0,,1,TEC,1010切削机械,浙江
SFC-080SA2-30B-30B,2.0,0.999321213832576,C,Intermittent,7.5,0.0,2,TEC,1190其他半导体关联装置,上海
SFC-080DA2-T170,2.0,0.9993239289772458,C,Lumpy,15.0,,1,TEC,1010切削机械,浙江
ALS-105-R-EL,2.0,0.9993266441219154,C,Lumpy,15.0,,1,TEC,1010切削机械,浙江
SFC-035SA2-8B-11B,2.0,0.9993293592665852,C,Intermittent,7.5,0.0,2,TEC,1590其他测试仪·实验器,江苏
SFC-040DA2-12BH-16BH,2.0,0.9993320744112548,C,Lumpy,15.0,,1,TEC,1210直接驱动机器人,江苏
SY25D00230M3005-24V-(QK),2.0,0.9993347895559245,C,Lumpy,15.0,,1,ME,8020贸易公司,广东
SFC-035SA2-13B-19B,2.0,0.9993375047005942,C,Lumpy,15.0,,1,TEC,1090其他机床,广东
SFC-035SA2-14BH-16BH,2.0,0.9993402198452639,C,Lumpy,15.0,,1,TEC,,江苏
AP-124-MAT-25H,2.0,0.9993429349899337,C,Intermittent,7.5,0.0,2,ME,1910包装机械,北京
AP-86-MA-11,2.0,0.9993456501346033,C,Intermittent,7.5,0.0,2,ME,1910包装机械,北京
AP-86-MA-12,2.0,0.999348365279273,C,Lumpy,15.0,,1,ME,,广东
TT-3-03-25H-20NM,2.0,0.9993510804239427,C,Lumpy,15.0,,1,ME,9099其他机械,广东
102-04-11 24V R8DIN A8DIN,2.0,0.9993537955686124,C,Lumpy,15.0,,1,CB,,江苏
102-04-13 24V 10JIS,2.0,0.9993565107132821,C,Lumpy,15.0,,1,CB,,广东
TT-3X-01-25H-25H-60NM-P,2.0,0.9993592258579518,C,Lumpy,15.0,,1,ME,,安徽
101-16-11G 24V R28DIN A40JIS,2.0,0.9993619410026214,C,Lumpy,15.0,,1,CB,,江苏
101-16-13G 24V 30JIS,2.0,0.9993646561472912,C,Intermittent,7.5,0.0,2,CB,,广东
SY25D00230M3005-48V,2.0,0.9993673712919608,C,Lumpy,15.0,,1,ME,8020贸易公司,上海
T-160-A,2.0,0.9993700864366306,C,Lumpy,15.0,,1,ME,,上海
SFC-040DA2-12B-19BH,2.0,0.9993728015813003,C,Lumpy,15.0,,1,TEC,,河南
ALS-065ABN-20BHA-32BHA,2.0,0.9993755167259699,C,Lumpy,15.0,,1,TEC,1090其他机床,福建
SFC-050DA2-16BH-30B,2.0,0.9993782318706397,C,Lumpy,15.0,,1,TEC,,江苏
SFF-080SS-28B-28B-200N,2.0,0.9993809470153093,C,Lumpy,15.0,,1,TEC,,江苏
SFF-080SS-32B-35BS-150N,2.0,0.9993836621599791,C,Lumpy,15.0,,1,TEC,,江苏
SFC-050DA2-16B-19K,2.0,0.9993863773046487,C,Lumpy,15.0,,1,TEC,9099其他机械,上海
SFC-050DA2-16B-28B,2.0,0.9993890924493184,C,Intermittent,7.5,0.0,2,TEC,1190其他半导体关联装置,上海
TT-3-01-20H-22-10NM,2.0,0.9993918075939882,C,Lumpy,15.0,,1,ME,,江苏
SFC-055SA2-15B-19K,1.0,0.9993931651663229,C,Lumpy,15.0,,1,TEC,,广东
SFC-055SA2-19B-24B,1.0,0.9993945227386578,C,Lumpy,15.0,,1,TEC,9099其他机械,上海
SRG-050DS-22K-22K,1.0,0.9993958803109927,C,Lumpy,15.0,,1,TEC,9099其他机械,上海
SFC-040DA2-12B-14B L=50,1.0,0.9993972378833276,C,Lumpy,15.0,,1,TEC,1510测试仪,上海
F10T1-F3-PS/DC24V,1.0,0.9993985954556623,C,Lumpy,15.0,,1,ME,8020贸易公司,江苏
P-98-MA-16,1.0,0.9993999530279972,C,Lumpy,15.0,,1,ME,,广东
PE-106-MAT-12K,1.0,0.9994013106003321,C,Lumpy,15.0,,1,ME,,江苏
SFC-060DA2-16BH-25BJ,1.0,0.9994026681726669,C,Lumpy,15.0,,1,TEC,,江苏
FV22-200-100-UK6,1.0,0.9994040257450018,C,Lumpy,15.0,,1,ME,1090其他机床,江苏
JS-B-YC-100.46-40NM,1.0,0.9994053833173366,C,Lumpy,15.0,,1,ME,1130半导体组装装置,江苏
KM-05 （1包/10PCS） ,1.0,0.9994067408896714,C,Lumpy,15.0,,1,ME,8020贸易公司,江苏
KM-31（1包/10PCS） ,1.0,0.9994080984620063,C,Lumpy,15.0,,1,ME,8020贸易公司,江苏
LM-14-1,1.0,0.9994094560343412,C,Lumpy,15.0,,1,TEC,,江苏
F10Z-21 ,1.0,0.999410813606676,C,Lumpy,15.0,,1,ME,8020贸易公司,江苏
FME05-TA-J4-SH-DA-PS/DC24V ,1.0,0.9994121711790108,C,Lumpy,15.0,,1,ME,8020贸易公司,江苏
SFC-055SA2-15B-19B,1.0,0.9994135287513457,C,Lumpy,15.0,,1,TEC,1510测试仪,浙江
102-04-35 24V R10MM A10MM,1.0,0.9994148863236806,C,Lumpy,15.0,,1,CB,9099其他机械,上海
111-06-11G 24V 12JIS,1.0,0.9994162438960154,C,Lumpy,15.0,,1,CB,,广东
MM-30K,1.0,0.9994176014683502,C,Lumpy,15.0,,1,TEC,9099其他机械,上海
NEVSC-15C-200-TYPE2,1.0,0.9994189590406851,C,Lumpy,15.0,,1,ME,1910包装机械,上海
NSE-27-50S,1.0,0.9994203166130199,C,Lumpy,15.0,,1,TEC,1520试验器,北京
ORV16×400-ZE155A2 ,1.0,0.9994216741853548,C,Lumpy,15.0,,1,ME,8020贸易公司,江苏
SFC-060DA2-12B-28B,1.0,0.9994230317576897,C,Lumpy,15.0,,1,TEC,8020贸易公司,上海
FRZ40-02-B-GS1A ,1.0,0.9994243893300245,C,Lumpy,15.0,,1,ME,8020贸易公司,江苏
ETP-E-030-CH,1.0,0.9994257469023593,C,Lumpy,15.0,,1,TEC,9002卷线·线材加工机械,广东
121-12-20G,1.0,0.9994271044746942,C,Lumpy,15.0,,1,CB,1610印刷机械,天津
SFC-040DA2-10B-10BH,1.0,0.9994284620470291,C,Lumpy,15.0,,1,TEC,9099其他机械,上海
SFC-040DA2-10B-11B,1.0,0.9994298196193638,C,Lumpy,15.0,,1,TEC,,北京
SFS-14G-40H-50H,1.0,0.9994311771916987,C,Lumpy,15.0,,1,TEC,9099其他机械,上海
SFS-14S-42H-45H,1.0,0.9994325347640336,C,Lumpy,15.0,,1,TEC,9099其他机械,上海
SFS-10S 22H-30H,1.0,0.9994338923363684,C,Lumpy,15.0,,1,TEC,9099其他机械,上海
SFS-10S-28H-32H,1.0,0.9994352499087032,C,Lumpy,15.0,,1,TEC,9099其他机械,上海
ALS-080-R-30B-40B,1.0,0.9994366074810381,C,Lumpy,15.0,,1,TEC,1590其他测试仪·实验器,重庆
ALS-080-Y-EL,1.0,0.9994379650533729,C,Lumpy,15.0,,1,TEC,1190其他半导体关联装置,上海
SFC-050DA2-14B-25BH,1.0,0.9994393226257078,C,Lumpy,15.0,,1,TEC,1510测试仪,浙江
SFC-050DA2-14B-28B,1.0,0.9994406801980427,C,Lumpy,15.0,,1,TEC,1520试验器,北京
SFC-050DA2-15B-20BH,1.0,0.9994420377703775,C,Lumpy,15.0,,1,TEC,,江苏
SFF-080DS-28BM-32BJ-200N,1.0,0.9994433953427123,C,Lumpy,15.0,,1,TEC,,江苏
SFF-080DS-28K-35KS-200N,1.0,0.9994447529150472,C,Lumpy,15.0,,1,TEC,,浙江
SFF-080DS-28K-38K,1.0,0.9994461104873821,C,Lumpy,15.0,,1,TEC,9099其他机械,江苏
SFC-030DA2-6B-16B,1.0,0.9994474680597168,C,Lumpy,15.0,,1,TEC,1520试验器,北京
SFC-030DA2-12B-15B,1.0,0.9994488256320517,C,Lumpy,15.0,,1,TEC,1190其他半导体关联装置,江苏
SFC-030DA2-5B-10B,1.0,0.9994501832043866,C,Lumpy,15.0,,1,TEC,1190其他半导体关联装置,上海
SFC-050DA2-12B-16B,1.0,0.9994515407767214,C,Lumpy,15.0,,1,TEC,1510测试仪,浙江
SFC-050DA2-13B-13B,1.0,0.9994528983490563,C,Lumpy,15.0,,1,TEC,1150半导体实装装置,浙江
SFF-060SS-T011N,1.0,0.9994542559213911,C,Lumpy,15.0,,1,TEC,1090其他机床,浙江
ALS-065ARN-38BHA-38BKA,1.0,0.999455613493726,C,Lumpy,15.0,,1,TEC,,陕西
ALS-080-B-EL,1.0,0.9994569710660608,C,Lumpy,15.0,,1,TEC,1190其他半导体关联装置,上海
SFF-080DS-T084N,1.0,0.9994583286383957,C,Lumpy,15.0,,1,TEC,9099其他机械,广东
SFC-025SA2-7B-13B,1.0,0.9994596862107306,C,Lumpy,15.0,,1,TEC,1210直接驱动机器人,江苏
ALS-065ARN-18BHA-38BKA,1.0,0.9994610437830653,C,Lumpy,15.0,,1,TEC,1010切削机械,河南
ALS-065ARN-19BHA-22BHA,1.0,0.9994624013554002,C,Lumpy,15.0,,1,TEC,1010切削机械,江苏
SFC-025DA2-5B-8B,1.0,0.9994637589277351,C,Lumpy,15.0,,1,TEC,0140伺服电机,浙江
SFC-025DA2-9B-14BH,1.0,0.9994651165000699,C,Lumpy,15.0,,1,TEC,1190其他半导体关联装置,上海
SFC-025SA2-11B-12B,1.0,0.9994664740724047,C,Lumpy,15.0,,1,TEC,1190其他半导体关联装置,江苏
SFF-080SS-25B-25B-150N,1.0,0.9994678316447396,C,Lumpy,15.0,,1,TEC,,浙江
SFC-050DA2-16BJ-20BJ,1.0,0.9994691892170745,C,Lumpy,15.0,,1,TEC,9099其他机械,上海
SFF-080SS-30B-30B-200N,1.0,0.9994705467894093,C,Lumpy,15.0,,1,TEC,,江苏
ALS-055AYN-15BHA-24BHA,1.0,0.9994719043617442,C,Lumpy,15.0,,1,TEC,,北京
ALS-055AYN-22BHA-24BHA,1.0,0.999473261934079,C,Lumpy,15.0,,1,TEC,,北京
SFF-070SS-25K-25K-100N,1.0,0.9994746195064138,C,Lumpy,15.0,,1,TEC,,广东
SFF-080DS-22K-30K,1.0,0.9994759770787487,C,Lumpy,15.0,,1,TEC,,河南
SFF-080DS-22K-35KS,1.0,0.9994773346510836,C,Lumpy,15.0,,1,TEC,,江苏
SFF-080DS-35K-35KS-200N,1.0,0.9994786922234183,C,Lumpy,15.0,,1,TEC,,浙江
ALS-065ARN-28BKA-32BHA,1.0,0.9994800497957532,C,Lumpy,15.0,,1,TEC,,山东
ALS-065ARN-30BHA-38BKA,1.0,0.9994814073680881,C,Lumpy,15.0,,1,TEC,,河南
ALS-065ARN-30BHH-38BHA,1.0,0.999482764940423,C,Lumpy,15.0,,1,TEC,8020贸易公司,天津
SFF-070SS-18B-20B-90N,1.0,0.9994841225127578,C,Lumpy,15.0,,1,TEC,9099其他机械,上海
SFF-070SS-18K-32K,1.0,0.9994854800850926,C,Lumpy,15.0,,1,TEC,1190其他半导体关联装置,上海
SFF-070SS-20B-25B-100N,1.0,0.9994868376574275,C,Lumpy,15.0,,1,TEC,9099其他机械,浙江
ALS-080ABN-19BHA-42BHA,1.0,0.9994881952297623,C,Lumpy,15.0,,1,TEC,1590其他测试仪·实验器,广东
ALS-080ARN-20BHA-20BHA,1.0,0.9994895528020972,C,Lumpy,15.0,,1,TEC,1490其他医疗器械,江苏
ALS-055ARN-15BHA-15BHA,1.0,0.999490910374432,C,Lumpy,15.0,,1,TEC,0610汽车,浙江
ALS-055ARN-16BHA-20BHA,1.0,0.9994922679467668,C,Lumpy,15.0,,1,TEC,1090其他机床,江苏
SFC-050DA2-18BH-19BH,1.0,0.9994936255191017,C,Lumpy,15.0,,1,TEC,1190其他半导体关联装置,江苏
SFC-100SA2-32B-38B,1.0,0.9994949830914366,C,Lumpy,15.0,,1,TEC,1590其他测试仪·实验器,广东
SFC-020DA2-8B-14B,1.0,0.9994963406637715,C,Lumpy,15.0,,1,TEC,0920压出成型机,山东
SFC-020DA2-9B-11B,1.0,0.9994976982361062,C,Lumpy,15.0,,1,TEC,,广东
SFC-020SA2-6.35B-10B,1.0,0.9994990558084411,C,Lumpy,15.0,,1,TEC,,河南
SFF-070SS-24B-30B-100N,1.0,0.999500413380776,C,Lumpy,15.0,,1,TEC,9099其他机械,上海
SFF-090SS-35KK-48KK,1.0,0.9995017709531108,C,Lumpy,15.0,,1,TEC,,江苏
ALS-040ARN-22BHA-24BHA,1.0,0.9995031285254456,C,Lumpy,15.0,,1,TEC,1190其他半导体关联装置,江苏
SFF-090SS-30K-35K,1.0,0.9995044860977805,C,Lumpy,15.0,,1,TEC,1010切削机械,广东
SFF-090SS-30K-40KJ-300N,1.0,0.9995058436701153,C,Lumpy,15.0,,1,TEC,,江苏
SFF-090SS-32B-32B-300N,1.0,0.9995072012424502,C,Lumpy,15.0,,1,TEC,,江苏
SFF-090SS-32K-35KS,1.0,0.9995085588147851,C,Lumpy,15.0,,1,TEC,1010切削机械,辽宁
ALS-055ABN-12BHA-22BHA,1.0,0.99950991638712,C,Lumpy,15.0,,1,TEC,,江苏
ALS-055ARN-13.5BHA-24BHA,1.0,0.9995112739594547,C,Lumpy,15.0,,1,TEC,,山东
ALS-065ARN-18BHA-32BHA,1.0,0.9995126315317896,C,Lumpy,15.0,,1,TEC,1090其他机床,广东
SFF-080DS-24KK-35K,1.0,0.9995139891041245,C,Lumpy,15.0,,1,TEC,,河南
SFF-080DS-25B-38BK-200N,1.0,0.9995153466764592,C,Lumpy,15.0,,1,TEC,,江苏
SFC-025SA2-8BH-13BH,1.0,0.9995167042487941,C,Lumpy,15.0,,1,TEC,,江苏
SFF-090DS-30KK-30KK,1.0,0.999518061821129,C,Lumpy,15.0,,1,TEC,8020贸易公司,北京
SFC-050DA2-10BH-20BH,1.0,0.9995194193934638,C,Lumpy,15.0,,1,TEC,9099其他机械,浙江
SFC-050DA2-12B-15B L=64,1.0,0.9995207769657987,C,Lumpy,15.0,,1,TEC,1510测试仪,上海
SFF-090SS-35K-38K-300N,1.0,0.9995221345381335,C,Lumpy,15.0,,1,TEC,1090其他机床,辽宁
SFC-010SA2-3B-8B,1.0,0.9995234921104684,C,Lumpy,15.0,,1,TEC,,河南
SFC-100SA2-32B-42B,1.0,0.9995248496828032,C,Lumpy,15.0,,1,TEC,1590其他测试仪·实验器,广东
SFC-025DA2-10B-13B,1.0,0.9995262072551381,C,Lumpy,15.0,,1,TEC,1510测试仪,浙江
SFC-050DA2-17BH-25BH,1.0,0.999527564827473,C,Lumpy,15.0,,1,TEC,1590其他测试仪·实验器,重庆
SFF-100DS-32K-40K,1.0,0.9995289223998077,C,Lumpy,15.0,,1,TEC,,山东
ALS-040ARN-8BHA-14BHA,1.0,0.9995302799721426,C,Lumpy,15.0,,1,TEC,,上海
ALS-040ARN-8BHA-19BHA,1.0,0.9995316375444775,C,Lumpy,15.0,,1,TEC,,北京
ALS-040ABN-16BHA-16BHA,1.0,0.9995329951168123,C,Lumpy,15.0,,1,TEC,,北京
SFC-090SA2-32B-38B,1.0,0.9995343526891471,C,Lumpy,15.0,,1,TEC,1010切削机械,浙江
ALS-080ARN-40BHA-42BHA,1.0,0.999535710261482,C,Lumpy,15.0,,1,TEC,,北京
SFC-090DA2-40B-40B,1.0,0.9995370678338169,C,Lumpy,15.0,,1,TEC,1090其他机床,重庆
SFC-100SA2-32B-45B,1.0,0.9995384254061517,C,Lumpy,15.0,,1,TEC,,江苏
SFC-100SA2-35B-35B,1.0,0.9995397829784866,C,Lumpy,15.0,,1,TEC,1590其他测试仪·实验器,广东
SFC-100SA2-38B-40B,1.0,0.9995411405508214,C,Lumpy,15.0,,1,TEC,,江苏
SFF-040SS-8B-14B-8N,1.0,0.9995424981231562,C,Lumpy,15.0,,1,TEC,1590其他测试仪·实验器,广东
SFF-050DS-15B-14CN-25N  ,1.0,0.9995438556954911,C,Lumpy,15.0,,1,TEC,9099其他机械,广东
ALS-055-R-19B-20B,1.0,0.999545213267826,C,Lumpy,15.0,,1,TEC,1590其他测试仪·实验器,广东
ALS-030ARN-6BHA-6BHA,1.0,0.9995465708401607,C,Lumpy,15.0,,1,TEC,1190其他半导体关联装置,江苏
ALS-030AYN-14BHA-16BHA,1.0,0.9995479284124956,C,Lumpy,15.0,,1,TEC,0820真空泵,天津
SFF-100DS-35K-45K-450N,1.0,0.9995492859848305,C,Lumpy,15.0,,1,TEC,9099其他机械,湖北
ALS-030ARN-12BHA-12BHA,1.0,0.9995506435571654,C,Lumpy,15.0,,1,TEC,,广东
ALS-040ARN-12BHA-14BKA,1.0,0.9995520011295002,C,Lumpy,15.0,,1,TEC,,陕西
ALS-040ARN-13.5BHA-19BHA,1.0,0.999553358701835,C,Lumpy,15.0,,1,TEC,,山东
SFF-090SS-40K-40K,1.0,0.9995547162741699,C,Lumpy,15.0,,1,TEC,9099其他机械,江苏
SFF-060SS-16B-22B-60N,1.0,0.9995560738465047,C,Lumpy,15.0,,1,TEC,1030其他金属加工机械,北京
SFF-090DS-35KS-45K-300N,1.0,0.9995574314188396,C,Lumpy,15.0,,1,TEC,,浙江
SFF-090DS-38KK-38KK,1.0,0.9995587889911745,C,Lumpy,15.0,,1,TEC,,上海
SFF-090DS-40B-40BJ-300N,1.0,0.9995601465635092,C,Lumpy,15.0,,1,TEC,,江苏
SFF-090DS-40K-45K,1.0,0.9995615041358441,C,Lumpy,15.0,,1,TEC,1090其他机床,广东
SFF-090SS-25B-38BK-250N,1.0,0.999562861708179,C,Lumpy,15.0,,1,TEC,0920压出成型机,山东
SFF-090SS-25B-42B-250N,1.0,0.9995642192805139,C,Lumpy,15.0,,1,TEC,1030其他金属加工机械,北京
ALS-055-R-16B-24B,1.0,0.9995655768528486,C,Lumpy,15.0,,1,TEC,1610印刷机械,天津
SFC-090DA2-30BH-42BH,1.0,0.9995669344251835,C,Lumpy,15.0,,1,TEC,1090其他机床,江苏
ALS-105ARN-35BKA-60BHA,1.0,0.9995682919975184,C,Lumpy,15.0,,1,TEC,1090其他机床,云南
ALS-105ARN-38BHA-55BHA,1.0,0.9995696495698532,C,Lumpy,15.0,,1,TEC,,北京
ALS-105ARN-38BKA-50BHA,1.0,0.999571007142188,C,Lumpy,15.0,,1,TEC,1090其他机床,云南
ALS-105ARN-38BKA-55BHA,1.0,0.9995723647145229,C,Lumpy,15.0,,1,TEC,1090其他机床,云南
ALS-105ARN-40BHA-40BHA,1.0,0.9995737222868577,C,Lumpy,15.0,,1,TEC,1090其他机床,云南
ALS-105ARN-50BHA-60BHA,1.0,0.9995750798591926,C,Lumpy,15.0,,1,TEC,1010切削机械,江苏
ALS-095ARN-50BHA-55BHA,1.0,0.9995764374315275,C,Lumpy,15.0,,1,TEC,1010切削机械,江苏
SFC-100DA2-40B-45B,1.0,0.9995777950038623,C,Lumpy,15.0,,1,TEC,,上海
SFC-100SA2-32B-32B,1.0,0.9995791525761971,C,Lumpy,15.0,,1,TEC,1510测试仪,上海
SFC-100DA2-28B-35B,1.0,0.999580510148532,C,Lumpy,15.0,,1,TEC,,江苏
SFC-100DA2-32BH-32BH,1.0,0.9995818677208669,C,Lumpy,15.0,,1,TEC,,北京
ALS-080ARN-25BHA-38BHA,1.0,0.9995832252932016,C,Lumpy,15.0,,1,TEC,1020锻压·加工机械,山东
ALS-080ARN-28BHA-28BHA,1.0,0.9995845828655365,C,Lumpy,15.0,,1,TEC,9099其他机械,江苏
SFC-090SA2-30BH-32BH,1.0,0.9995859404378714,C,Lumpy,15.0,,1,TEC,,江苏
SFC-090DA2-30BH-42B,1.0,0.9995872980102062,C,Lumpy,15.0,,1,TEC,1090其他机床,重庆
SFC-020DA2-6B-9K,1.0,0.9995886555825411,C,Lumpy,15.0,,1,TEC,1010切削机械,山东
SFC-050DA2-20B-29B,1.0,0.999590013154876,C,Lumpy,15.0,,1,TEC,,安徽
SFC-050DA2-20BH-24BH,1.0,0.9995913707272108,C,Lumpy,15.0,,1,TEC,1210直接驱动机器人,江苏
SFC-050DA2-22B-30B,1.0,0.9995927282995456,C,Lumpy,15.0,,1,TEC,1590其他测试仪·实验器,江苏
SFC-100DA2-35B-38K,1.0,0.9995940858718805,C,Lumpy,15.0,,1,TEC,0920压出成型机,山东
SFC-100DA2-38B-38B,1.0,0.9995954434442154,C,Lumpy,15.0,,1,TEC,0920压出成型机,山东
SFC-100DA2-38B-38K,1.0,0.9995968010165501,C,Lumpy,15.0,,1,TEC,1010切削机械,江苏
SFC-100DA2-38B-40B,1.0,0.999598158588885,C,Lumpy,15.0,,1,TEC,,辽宁
SFF-100DS-38KK-40K,1.0,0.9995995161612199,C,Lumpy,15.0,,1,TEC,,江苏
SFF-100DS-38KK-40KK,1.0,0.9996008737335547,C,Lumpy,15.0,,1,TEC,,山东
SFC-030DA2-9B-12B,1.0,0.9996022313058895,C,Lumpy,15.0,,1,TEC,1510测试仪,浙江
SFC-030DA2-9B-16B,1.0,0.9996035888782244,C,Lumpy,15.0,,1,TEC,1510测试仪,浙江
SFC-030SA2-10B-11BH,1.0,0.9996049464505593,C,Lumpy,15.0,,1,TEC,,江苏
SFC-050DA2-10B-12B L=64,1.0,0.9996063040228941,C,Lumpy,15.0,,1,TEC,1510测试仪,上海
SFC-030DA2-8B-13B,1.0,0.999607661595229,C,Lumpy,15.0,,1,TEC,1410医疗装置,广东
SFC-050SA2-10B-10B,1.0,0.9996090191675638,C,Lumpy,15.0,,1,TEC,8020贸易公司,上海
ALS-095ARN-35BHA-55BHA,1.0,0.9996103767398986,C,Lumpy,15.0,,1,TEC,1010切削机械,浙江
ALS-095ARN-38BHA-45BHA,1.0,0.9996117343122335,C,Lumpy,15.0,,1,TEC,1090其他机床,广东
SFC-090DA2-32K-35K,1.0,0.9996130918845684,C,Lumpy,15.0,,1,TEC,9099其他机械,江苏
ALS-095-B,1.0,0.9996144494569031,C,Lumpy,15.0,,1,TEC,9099其他机械,上海
ALS-105ARN-55BHA-60BHA,1.0,0.999615807029238,C,Lumpy,15.0,,1,TEC,1010切削机械,江苏
AP-124-MAT-19K,1.0,0.9996171646015729,C,Lumpy,15.0,,1,ME,,河南
ALS-020ARN-7BHA-10BHA,1.0,0.9996185221739078,C,Lumpy,15.0,,1,TEC,1190其他半导体关联装置,江苏
SFF-100DS-40B-40BJ-450N,1.0,0.9996198797462426,C,Lumpy,15.0,,1,TEC,,陕西
AL-100 20H-24N,1.0,0.9996212373185774,C,Lumpy,15.0,,1,TEC,,江苏
ASK  100 BB 30H7/30H7 VA,1.0,0.9996225948909123,C,Lumpy,15.0,,1,ME,9099其他机械,江苏
ATS6-02（1包/10PCS） ,1.0,0.9996239524632471,C,Lumpy,15.0,,1,ME,8020贸易公司,江苏
ATS8-02（1包/10PCS） ,1.0,0.999625310035582,C,Lumpy,15.0,,1,ME,8020贸易公司,江苏
ALS-095ARN-24BHA-32BHA,1.0,0.9996266676079169,C,Lumpy,15.0,,1,TEC,,陕西
ALS-095ARN-32BHA-45BHA,1.0,0.9996280251802516,C,Lumpy,15.0,,1,TEC,9099其他机械,江苏
ALS-095ARN-32BHA-55BHA,1.0,0.9996293827525865,C,Lumpy,15.0,,1,TEC,9099其他机械,江苏
ALS-095ARN-35BHA-50BHA,1.0,0.9996307403249214,C,Lumpy,15.0,,1,TEC,1090其他机床,江苏
SFC-050DA2-24B-30B,1.0,0.9996320978972562,C,Lumpy,15.0,,1,TEC,1190其他半导体关联装置,上海
SFC-050DA2-9B-12B,1.0,0.999633455469591,C,Lumpy,15.0,,1,TEC,1510测试仪,浙江
SFC-040SA2-17B-17B,1.0,0.9996348130419259,C,Lumpy,15.0,,1,TEC,,江苏
SFF-100SS-32K-40K,1.0,0.9996361706142608,C,Lumpy,15.0,,1,TEC,1190其他半导体关联装置,广东
SFF-100SS-35B-38BK-450N,1.0,0.9996375281865956,C,Lumpy,15.0,,1,TEC,0920压出成型机,山东
SFF-100SS-35B-40BK-450N,1.0,0.9996388857589305,C,Lumpy,15.0,,1,TEC,,江苏
SFF-100DS-55KK-55KK,1.0,0.9996402433312653,C,Lumpy,15.0,,1,TEC,,湖南
SFF-100DS-CC-48B-48B-250N,1.0,0.9996416009036001,C,Lumpy,15.0,,1,TEC,9099其他机械,安徽
ALS-080ARN-28BHH-35BHH,1.0,0.999642958475935,C,Lumpy,15.0,,1,TEC,1030其他金属加工机械,辽宁
ALS-080ARN-32BKH-35BKH,1.0,0.9996443160482699,C,Lumpy,15.0,,1,TEC,9099其他机械,江苏
ALS-080ARN-38BHA-40BKA,1.0,0.9996456736206046,C,Lumpy,15.0,,1,TEC,1010切削机械,辽宁
ALS-080ARN-38BHA-45BHA,1.0,0.9996470311929395,C,Lumpy,15.0,,1,TEC,1090其他机床,广东
SD-53B-80-15-25R,1.0,0.9996483887652744,C,Lumpy,15.0,,1,ME,,江苏
SDS01-A010EA000A(ETHERCAT通讯）,1.0,0.9996497463376093,C,Lumpy,15.0,,1,ME,1590其他测试仪·实验器,山东
ALS-095ARN-40BKA-50BHA,1.0,0.999651103909944,C,Lumpy,15.0,,1,TEC,1010切削机械,辽宁
ALS-095ARN-42BHA-48BHA,1.0,0.9996524614822789,C,Lumpy,15.0,,1,TEC,9099其他机械,江苏
SFC-080SA2-25BH-30BH,1.0,0.9996538190546138,C,Lumpy,15.0,,1,TEC,,江苏
SFC-050SA2-14K-15B,1.0,0.9996551766269486,C,Lumpy,15.0,,1,TEC,1030其他金属加工机械,河北
SFC-005DA2-6B-6B,1.0,0.9996565341992835,C,Lumpy,15.0,,1,TEC,,北京
SFC-010DA2-3B-8B,1.0,0.9996578917716183,C,Lumpy,15.0,,1,TEC,,江苏
SFC-050SA2-10B-18BH,1.0,0.9996592493439531,C,Lumpy,15.0,,1,TEC,1190其他半导体关联装置,上海
SFC-050SA2-11B-14B,1.0,0.999660606916288,C,Lumpy,15.0,,1,TEC,1190其他半导体关联装置,上海
AP-124-MAT-24H,1.0,0.9996619644886229,C,Lumpy,15.0,,1,ME,,天津
SFC-080SA2-20B-38K,1.0,0.9996633220609578,C,Lumpy,15.0,,1,TEC,0920压出成型机,山东
ALS-105ARN-35BHA-40BHA,1.0,0.9996646796332925,C,Lumpy,15.0,,1,TEC,,北京
ALS-105ARN-35BHA-55BHA,1.0,0.9996660372056274,C,Lumpy,15.0,,1,TEC,1090其他机床,云南
ALS-105ARN-35BKA-55BHA,1.0,0.9996673947779623,C,Lumpy,15.0,,1,TEC,1090其他机床,云南
SFC-080SA2-32B-38B,1.0,0.9996687523502971,C,Lumpy,15.0,,1,TEC,1590其他测试仪·实验器,江苏
SFC-080SA2-32K-35B,1.0,0.9996701099226319,C,Lumpy,15.0,,1,TEC,1030其他金属加工机械,河北
SFC-080SA2-35B-38K,1.0,0.9996714674949668,C,Lumpy,15.0,,1,TEC,1030其他金属加工机械,河北
SFC-080SA2-T158,1.0,0.9996728250673016,C,Lumpy,15.0,,1,TEC,1010切削机械,浙江
BKT-KR-400,1.0,0.9996741826396365,C,Lumpy,15.0,,1,ME,8020贸易公司,上海
SFC-040SA2-14B-16B,1.0,0.9996755402119714,C,Lumpy,15.0,,1,TEC,1590其他测试仪·实验器,江苏
SFC-080SA2-20B-22B,1.0,0.9996768977843062,C,Lumpy,15.0,,1,TEC,0320搬运吊车·起重机,江苏
SFC-080DA2-35B-38K,1.0,0.999678255356641,C,Lumpy,15.0,,1,TEC,1090其他机床,广东
SFC-080SA2-18B-20B,1.0,0.9996796129289759,C,Lumpy,15.0,,1,TEC,,北京
ALS-105-R-24H-60H,1.0,0.9996809705013108,C,Lumpy,15.0,,1,TEC,1190其他半导体关联装置,上海
ALS-105-R-50H-60N,1.0,0.9996823280736455,C,Lumpy,15.0,,1,TEC,,江苏
ALS-105ABN-38BHA-38BHA,1.0,0.9996836856459804,C,Lumpy,15.0,,1,TEC,,四川
ALS-105ABN-38BHA-55BHA,1.0,0.9996850432183153,C,Lumpy,15.0,,1,TEC,,四川
AK-160-AN 28N,1.0,0.9996864007906501,C,Lumpy,15.0,,1,ME,,广东
AK-90-MAT-11,1.0,0.999687758362985,C,Lumpy,15.0,,1,ME,,江苏
SFC-030SA2-6.5B-10B,1.0,0.9996891159353198,C,Lumpy,15.0,,1,TEC,1990其他包装机械,天津
SFC-030SA2-6B-11B,1.0,0.9996904735076547,C,Lumpy,15.0,,1,TEC,,北京
SFC-030SA2-6B-15B,1.0,0.9996918310799895,C,Lumpy,15.0,,1,TEC,1010切削机械,浙江
SFC-030SA2-9B-14B,1.0,0.9996931886523244,C,Lumpy,15.0,,1,TEC,1410医疗装置,辽宁
SFC-035DA2-10B-13B,1.0,0.9996945462246593,C,Lumpy,15.0,,1,TEC,1140半导体检查装置,广东
SFC-040SA2-11BH-20B,1.0,0.999695903796994,C,Lumpy,15.0,,1,TEC,,云南
BXW-05-12S-24V-12,1.0,0.9996972613693289,C,Lumpy,15.0,,1,CB,,天津
CF-A-002-SO-1360,1.0,0.9996986189416638,C,Lumpy,15.0,,1,CF,0290其他动力传动装置,天津
CF-A-004-O1-1360,1.0,0.9996999765139986,C,Lumpy,15.0,,1,CF,0390其他运输机械,安徽
CF-A-022-OC-1360,1.0,0.9997013340863334,C,Lumpy,15.0,,1,CF,0610汽车,吉林
CF-A-050-S0-1360,1.0,0.9997026916586683,C,Lumpy,15.0,,1,CF,1990其他包装机械,天津
BXH-12-10G 90V 24DIN,1.0,0.9997040492310032,C,Lumpy,15.0,,1,CB,,广东
BXH-12-10S1G 24V 24DIN,1.0,0.999705406803338,C,Lumpy,15.0,,1,CB,1520试验器,北京
BXH-16-10G 24V 28DIN,1.0,0.9997067643756729,C,Lumpy,15.0,,1,CB,,安徽
125-10-12G,1.0,0.9997081219480077,C,Lumpy,15.0,,1,CB,,河南
SFF-120DS-48K-55K-600N,1.0,0.9997094795203425,C,Lumpy,15.0,,1,TEC,1610印刷机械,广东
SFF-120DS-60KK-60KM-600N,1.0,0.9997108370926774,C,Lumpy,15.0,,1,TEC,9099其他机械,江苏
SFF-120DS-65K-65K-600N,1.0,0.9997121946650123,C,Lumpy,15.0,,1,TEC,,江苏
SFF-120SS-35B-48BK-600N,1.0,0.999713552237347,C,Lumpy,15.0,,1,TEC,0920压出成型机,山东
SFC-080DA2-22BH-30BH,1.0,0.9997149098096819,C,Lumpy,15.0,,1,TEC,9099其他机械,安徽
SFC-080DA2-22K-30K,1.0,0.9997162673820168,C,Lumpy,15.0,,1,TEC,9099其他机械,江苏
SFC-080DA2-22B-38K,1.0,0.9997176249543517,C,Lumpy,15.0,,1,TEC,,浙江
50VZ-02 ,1.0,0.9997189825266865,C,Lumpy,15.0,,1,ME,8020贸易公司,江苏
8Z-F ,1.0,0.9997203400990213,C,Lumpy,15.0,,1,ME,8020贸易公司,江苏
9GBK50BMH,1.0,0.9997216976713562,C,Lumpy,15.0,,1,ME,9010清洁机械,上海
9IDGG-40G-T,1.0,0.999723055243691,C,Lumpy,15.0,,1,ME,9010清洁机械,上海
SFF-120SS-38B-38B-600N,1.0,0.9997244128160259,C,Lumpy,15.0,,1,TEC,9099其他机械,江苏
SFF-120SS-42KK-55KK-600N,1.0,0.9997257703883607,C,Lumpy,15.0,,1,TEC,,陕西
SFF-120SS-45BK-45BK-600N,1.0,0.9997271279606955,C,Lumpy,15.0,,1,TEC,1090其他机床,重庆
125-10-12EG,1.0,0.9997284855330304,C,Lumpy,15.0,,1,CB,,江苏
SFC-080SA2-22B-28B,1.0,0.9997298431053653,C,Lumpy,15.0,,1,TEC,0920压出成型机,山东
SFC-080SA2-25B-32BH,1.0,0.9997312006777002,C,Lumpy,15.0,,1,TEC,9099其他机械,上海
SFC-080SA2-18B-25B,1.0,0.9997325582500349,C,Lumpy,15.0,,1,TEC,,北京
SFC-080SA2-19B-22B,1.0,0.9997339158223698,C,Lumpy,15.0,,1,TEC,,浙江
SFC-080SA2-19B-36B,1.0,0.9997352733947047,C,Lumpy,15.0,,1,TEC,,北京
SFF-100SS-38KK-48K-450N,1.0,0.9997366309670395,C,Lumpy,15.0,,1,TEC,9099其他机械,江苏
SFC-035DA2-15B-15B L=43,1.0,0.9997379885393743,C,Lumpy,15.0,,1,TEC,1510测试仪,上海
SFC-035DA2-15BH-15BH,1.0,0.9997393461117092,C,Lumpy,15.0,,1,TEC,1190其他半导体关联装置,上海
CF-A-080-S1-1360,1.0,0.999740703684044,C,Lumpy,15.0,,1,CF,1030其他金属加工机械,河北
BXR-06-10-005-24V-15DIN,1.0,0.9997420612563789,C,Lumpy,15.0,,1,CB,,上海
BXR-12-20-030-24V-24DIN,1.0,0.9997434188287138,C,Lumpy,15.0,,1,CB,1520试验器,北京
SFC-080DA2-24B-38K,1.0,0.9997447764010486,C,Lumpy,15.0,,1,TEC,1090其他机床,广东
SFC-080DA2-24BH-25BH,1.0,0.9997461339733834,C,Lumpy,15.0,,1,TEC,1590其他测试仪·实验器,陕西
SFC-080DA2-24K-28B,1.0,0.9997474915457183,C,Lumpy,15.0,,1,TEC,,江苏
BXW-02-10S-24V-7,1.0,0.9997488491180532,C,Lumpy,15.0,,1,CB,1320医疗·看护·福祉用机器人,北京
BXW-05-10S-24V-12,1.0,0.9997502066903879,C,Lumpy,15.0,,1,CB,0140伺服电机,湖北
SFF-140SS-55K-60KK-1000N,1.0,0.9997515642627228,C,Lumpy,15.0,,1,TEC,,山东
SFF-140SS-55K-75K-1000N,1.0,0.9997529218350577,C,Lumpy,15.0,,1,TEC,,山东
SFH-150G-40H-48H海外,1.0,0.9997542794073925,C,Lumpy,15.0,,1,TEC,1590其他测试仪·实验器,广东
SFF-140DS-70K-75K-1000N,1.0,0.9997556369797274,C,Lumpy,15.0,,1,TEC,9099其他机械,上海
SFF-140SS-40K-55K-800N,1.0,0.9997569945520622,C,Lumpy,15.0,,1,TEC,1090其他机床,上海
CF-H-110-O0,1.0,0.9997583521243971,C,Lumpy,15.0,,1,CF,9099其他机械,上海
SFC-060SA2-24J-25B,1.0,0.9997597096967319,C,Lumpy,15.0,,1,TEC,0920压出成型机,山东
CF-A-080-S0-1360,1.0,0.9997610672690668,C,Lumpy,15.0,,1,CF,1030其他金属加工机械,河北
SFC-050SA2-12BH-16BH,1.0,0.9997624248414017,C,Lumpy,15.0,,1,TEC,,江苏
SFC-050SA2-12BH-24B,1.0,0.9997637824137364,C,Lumpy,15.0,,1,TEC,9004其他加工机械,上海
SFF-120SS-35K-40K-600N,1.0,0.9997651399860713,C,Lumpy,15.0,,1,TEC,,江苏
SFF-120SS-35K-45K-600N,1.0,0.9997664975584062,C,Lumpy,15.0,,1,TEC,,江苏
SFF-100SS-40K-45K,1.0,0.999767855130741,C,Lumpy,15.0,,1,TEC,,河北
SFF-100SS-40KK-40KK,1.0,0.9997692127030758,C,Lumpy,15.0,,1,TEC,,山东
SFF-100SS-40KK-50KK,1.0,0.9997705702754107,C,Lumpy,15.0,,1,TEC,,北京
SFC-040DA2-18B-19B L=52,1.0,0.9997719278477456,C,Lumpy,15.0,,1,TEC,,浙江
BXH-16-10S1G 24V 28DIN,1.0,0.9997732854200804,C,Lumpy,15.0,,1,CB,2190其他能源装置,广东
PSL-K-19-B,1.0,0.9997746429924153,C,Lumpy,15.0,,1,TEC,1090其他机床,福建
PSL-K-22-B,1.0,0.9997760005647501,C,Lumpy,15.0,,1,TEC,1090其他机床,福建
PSL-K-24-B,1.0,0.9997773581370849,C,Lumpy,15.0,,1,TEC,1090其他机床,福建
BOLT PACK SFH-220G,1.0,0.9997787157094198,C,Lumpy,15.0,,1,TEC,9099其他机械,上海
BXH-06-10G 24V 11DIN,1.0,0.9997800732817547,C,Lumpy,15.0,,1,CB,0990其他橡胶塑料加工机械,天津
SFC-050SA2-12B-15B,1.0,0.9997814308540894,C,Lumpy,15.0,,1,TEC,8020贸易公司,上海
SFC-050SA2-12B-28B,1.0,0.9997827884264243,C,Lumpy,15.0,,1,TEC,1190其他半导体关联装置,上海
CF-B-080,1.0,0.9997841459987592,C,Lumpy,15.0,,1,CF,1090其他机床,浙江
DL 10.12-04,1.0,0.9997855035710941,C,Lumpy,15.0,,1,TEC,1610印刷机械,北京
DMB-2-80Nm,1.0,0.9997868611434289,C,Lumpy,15.0,,1,ME,1410医疗装置,江苏
DR-A-50X200-N,1.0,0.9997882187157637,C,Lumpy,15.0,,1,TEC,,辽宁
CPU-36-A-12B-15B,1.0,0.9997895762880986,C,Lumpy,15.0,,1,TEC,1510测试仪,北京
SFC-060SA2-22B-32B,1.0,0.9997909338604334,C,Lumpy,15.0,,1,TEC,1190其他半导体关联装置,上海
PSL-G-75,1.0,0.9997922914327683,C,Lumpy,15.0,,1,TEC,9099其他机械,上海
PSL-K-11,1.0,0.9997936490051031,C,Lumpy,15.0,,1,TEC,,上海
SFC-035DA2-11B-12B,1.0,0.9997950065774379,C,Lumpy,15.0,,1,TEC,1140半导体检查装置,广东
SFC-035DA2-11B-14B,1.0,0.9997963641497728,C,Lumpy,15.0,,1,TEC,,北京
SFC-080DA2-18BH-25BH,1.0,0.9997977217221077,C,Lumpy,15.0,,1,TEC,9099其他机械,江苏
SFC-080DA2-20B-25B,1.0,0.9997990792944426,C,Lumpy,15.0,,1,TEC,,辽宁
SFC-080DA2-22B-24K,1.0,0.9998004368667773,C,Lumpy,15.0,,1,TEC,9099其他机械,广东
SFC-080DA2-18B-18B,1.0,0.9998017944391122,C,Lumpy,15.0,,1,TEC,1510测试仪,浙江
SFC-080DA2-18B-32B,1.0,0.9998031520114471,C,Lumpy,15.0,,1,TEC,,湖北
CF-A-200-SB-1360,1.0,0.9998045095837819,C,Lumpy,15.0,,1,CF,9090专用机械,天津
SFM-090SS-45K-45K-300N-G2.5/10000,1.0,0.9998058671561167,C,Lumpy,15.0,,1,TEC,1190其他半导体关联装置,上海
SFM-100SS-38KK-38KK-450N-G2.5/15000,1.0,0.9998072247284516,C,Lumpy,15.0,,1,TEC,1190其他半导体关联装置,上海
"SFM-100SS-45K-48K-450N G2,5/15000",1.0,0.9998085823007864,C,Lumpy,15.0,,1,TEC,1190其他半导体关联装置,上海
SFC-035DA2-12B-18BH,1.0,0.9998099398731213,C,Lumpy,15.0,,1,TEC,1290其他工业机器人,江苏
SFH-190S-75K-85K海外,1.0,0.9998112974454562,C,Lumpy,15.0,,1,TEC,1610印刷机械,广东
SFH-220S海外,1.0,0.9998126550177909,C,Lumpy,15.0,,1,TEC,1510测试仪,北京
SFH-260S 60H-60H海外,1.0,0.9998140125901258,C,Lumpy,15.0,,1,TEC,,天津
SFH-260S 70H-70H海外,1.0,0.9998153701624607,C,Lumpy,15.0,,1,TEC,,山东
SFC-080DA2-22BH-30B,1.0,0.9998167277347956,C,Lumpy,15.0,,1,TEC,1190其他半导体关联装置,广东
SFF-140SS-42K-55K-800N,1.0,0.9998180853071303,C,Lumpy,15.0,,1,TEC,1090其他机床,广东
SFF-140SS-50K-55KK-1000N,1.0,0.9998194428794652,C,Lumpy,15.0,,1,TEC,9099其他机械,江苏
ACRM-100 10-6,1.0,0.9998208004518001,C,Lumpy,15.0,,1,TEC,,河南
SFF-120SS-55BK-55BK-600N,1.0,0.9998221580241349,C,Lumpy,15.0,,1,TEC,0920压出成型机,山东
SFF-140DS-40KK-40KK-800N,1.0,0.9998235155964698,C,Lumpy,15.0,,1,TEC,,江苏
SFF-140DS-42KK-48KK-800N,1.0,0.9998248731688046,C,Lumpy,15.0,,1,TEC,,江苏
SFM-070DS-T001N,1.0,0.9998262307411394,C,Lumpy,15.0,,1,TEC,1090其他机床,浙江
SFC-060SA2-17B-35B,1.0,0.9998275883134743,C,Lumpy,15.0,,1,TEC,1190其他半导体关联装置,上海
DSCR-112 11-11,1.0,0.9998289458858092,C,Lumpy,15.0,,1,TEC,1990其他包装机械,天津
DUST COVER BXW-05-C05,1.0,0.999830303458144,C,Lumpy,15.0,,1,CB,1290其他工业机器人,上海
SFS-05S 12H-16H,1.0,0.9998316610304788,C,Lumpy,15.0,,1,TEC,,江苏
SFM-120SS-45K-45K-600N-G2.5/10000,1.0,0.9998330186028137,C,Lumpy,15.0,,1,TEC,1190其他半导体关联装置,上海
SFM-120SS-45K-45K-600N-G2.5/18000,1.0,0.9998343761751486,C,Lumpy,15.0,,1,TEC,1190其他半导体关联装置,上海
"SFM-140SS-45K-45K-800N-G2,5/15000",1.0,0.9998357337474834,C,Lumpy,15.0,,1,TEC,1190其他半导体关联装置,上海
SFM-140SS-50K-50K-1000N-G2.5/18000,1.0,0.9998370913198182,C,Lumpy,15.0,,1,TEC,1190其他半导体关联装置,上海
SFS-05S,1.0,0.9998384488921531,C,Lumpy,15.0,,1,TEC,,江苏
PMC-38-98SH-A-GS-32BH-38BH,1.0,0.9998398064644879,C,Lumpy,15.0,,1,ME,1090其他机床,江苏
PSL-D-24,1.0,0.9998411640368228,C,Lumpy,15.0,,1,TEC,1090其他机床,浙江
PSL-D-35,1.0,0.9998425216091577,C,Lumpy,15.0,,1,TEC,,辽宁
PSL-G-110,1.0,0.9998438791814925,C,Lumpy,15.0,,1,TEC,,天津
CHP-34-8-10,1.0,0.9998452367538273,C,Lumpy,15.0,,1,TEC,,江苏
COS250H-855型,1.0,0.9998465943261622,C,Lumpy,15.0,,1,ME,8020贸易公司,上海
COS250H型,1.0,0.9998479518984971,C,Lumpy,15.0,,1,ME,8020贸易公司,上海
SFC-040DA2-8B-11B,1.0,0.9998493094708318,C,Lumpy,15.0,,1,TEC,,辽宁
SFC-040DA2-8B-24B,1.0,0.9998506670431667,C,Lumpy,15.0,,1,TEC,1090其他机床,上海
SFC-040DA2-9.525B-16B,1.0,0.9998520246155016,C,Lumpy,15.0,,1,TEC,8020贸易公司,上海
112-02-13 24V,1.0,0.9998533821878364,C,Lumpy,15.0,,1,CB,,广东
121-08-20G,1.0,0.9998547397601713,C,Lumpy,15.0,,1,CB,,江苏
SFS-05W-19J-19J,1.0,0.9998560973325061,C,Lumpy,15.0,,1,TEC,,北京
111-20-13G 24V,1.0,0.999857454904841,C,Lumpy,15.0,,1,CB,0990其他橡胶塑料加工机械,天津
SFR-040SA1-12B-19B,1.0,0.9998588124771758,C,Lumpy,15.0,,1,TEC,1320医疗·看护·福祉用机器人,江苏
CPE-29-8B-10B,1.0,0.9998601700495107,C,Lumpy,15.0,,1,TEC,1610印刷机械,天津
CPE-39-10B-12B,1.0,0.9998615276218455,C,Lumpy,15.0,,1,TEC,1610印刷机械,天津
SFC-050SA2-15B-22B,1.0,0.9998628851941803,C,Lumpy,15.0,,1,TEC,1090其他机床,广东
SFC-050SA2-15B-25B,1.0,0.9998642427665152,C,Lumpy,15.0,,1,TEC,,北京
SFC-050SA2-16BH-20B,1.0,0.9998656003388501,C,Lumpy,15.0,,1,TEC,,广东
SFC-035DA2-12B-15BH,1.0,0.9998669579111849,C,Lumpy,15.0,,1,TEC,,江苏
SFC-040DA2-19B-19BH,1.0,0.9998683154835197,C,Lumpy,15.0,,1,TEC,1520试验器,北京
SFC-040DA2-6B-12B,1.0,0.9998696730558546,C,Lumpy,15.0,,1,TEC,1590其他测试仪·实验器,江苏
PE-185-MAT-22K,1.0,0.9998710306281895,C,Lumpy,15.0,,1,ME,,上海
SFC-055DA2-19B-24B,1.0,0.9998723882005243,C,Lumpy,15.0,,1,TEC,,江苏
SFC-060DA2-24J-28B,1.0,0.9998737457728591,C,Lumpy,15.0,,1,TEC,0920压出成型机,山东
SFC-060DA2-30B-35J,1.0,0.999875103345194,C,Lumpy,15.0,,1,TEC,1010切削机械,山东
PKP243D15A2-SG10,1.0,0.9998764609175288,C,Lumpy,15.0,,1,ME,1030其他金属加工机械,浙江
EDC-2-E,1.0,0.9998778184898637,C,Lumpy,15.0,,1,ME,9004其他加工机械,广东
ELEMENT SFH-220G,1.0,0.9998791760621986,C,Lumpy,15.0,,1,TEC,9099其他机械,上海
ETP-A-45,1.0,0.9998805336345333,C,Lumpy,15.0,,1,TEC,1010切削机械,辽宁
SFC-060SA2-15BH-20BH,1.0,0.9998818912068682,C,Lumpy,15.0,,1,TEC,,云南
SFC-060SA2-16B-16B,1.0,0.9998832487792031,C,Lumpy,15.0,,1,TEC,1190其他半导体关联装置,江苏
CS-16-31G 24V R30DIN A30DIN,1.0,0.999884606351538,C,Lumpy,15.0,,1,CB,,辽宁
SFC-060SA2-12B-18B,1.0,0.9998859639238727,C,Lumpy,15.0,,1,TEC,,山东
SFC-050SA2-18B-25B,1.0,0.9998873214962076,C,Lumpy,15.0,,1,TEC,,上海
SFC-050SA2-18BH-28BH,1.0,0.9998886790685425,C,Lumpy,15.0,,1,TEC,1190其他半导体关联装置,上海
SFC-050SA2-20B-20BH,1.0,0.9998900366408773,C,Lumpy,15.0,,1,TEC,,广东
SFC-060DA2-12B-22B,1.0,0.9998913942132122,C,Lumpy,15.0,,1,TEC,8020贸易公司,上海
SFC-035SA2-10B-13B,1.0,0.999892751785547,C,Lumpy,15.0,,1,TEC,1590其他测试仪·实验器,江苏
SFC-040DA2-14B-19B L=55,1.0,0.9998941093578818,C,Lumpy,15.0,,1,TEC,,山东
SFC-040DA2-15BH-16BH,1.0,0.9998954669302167,C,Lumpy,15.0,,1,TEC,1410医疗装置,广东
LM-14,1.0,0.9998968245025516,C,Lumpy,15.0,,1,TEC,,江苏
SFC-060DA2-18B-25B,1.0,0.9998981820748865,C,Lumpy,15.0,,1,TEC,,江苏
SFC-060DA2-18BH-24BH,1.0,0.9998995396472212,C,Lumpy,15.0,,1,TEC,1010切削机械,辽宁
SFC-060DA2-19B-35J,1.0,0.9999008972195561,C,Lumpy,15.0,,1,TEC,1010切削机械,山东
SFC-060SA2-15B-24B,1.0,0.999902254791891,C,Lumpy,15.0,,1,TEC,,江苏
SFS-06W,1.0,0.9999036123642258,C,Lumpy,15.0,,1,TEC,9099其他机械,广东
SFS-06W 19H-20H,1.0,0.9999049699365606,C,Lumpy,15.0,,1,TEC,,江苏
SFS-08S-22M-24M,1.0,0.9999063275088955,C,Lumpy,15.0,,1,TEC,9099其他机械,江苏
SFS-08W-17J-19J,1.0,0.9999076850812303,C,Lumpy,15.0,,1,TEC,,北京
SFS-09S-22J-35J,1.0,0.9999090426535652,C,Lumpy,15.0,,1,TEC,,江苏
SFC-035DA2-9B-12B L=43,1.0,0.9999104002259,C,Lumpy,15.0,,1,TEC,1510测试仪,上海
SFC-035DA2-9B-14B L=43,1.0,0.9999117577982349,C,Lumpy,15.0,,1,TEC,1510测试仪,上海
SFC-035DA2-9K-16B,1.0,0.9999131153705697,C,Lumpy,15.0,,1,TEC,1130半导体组装装置,广东
SFC-040DA2-11B-12B,1.0,0.9999144729429046,C,Lumpy,15.0,,1,TEC,1590其他测试仪·实验器,江苏
SFC-040DA2-11B-19B,1.0,0.9999158305152395,C,Lumpy,15.0,,1,TEC,1190其他半导体关联装置,江苏
101-08-15G 24V R15DIN A15JIS,1.0,0.9999171880875742,C,Lumpy,15.0,,1,CB,1190其他半导体关联装置,上海
SFC-040DA2-11J-19B,1.0,0.9999185456599091,C,Lumpy,15.0,,1,TEC,1190其他半导体关联装置,江苏
101-20-13G 24V 40JIS,1.0,0.999919903232244,C,Lumpy,15.0,,1,CB,,上海
101-08-11N 24V R20JIS A15JIS,1.0,0.9999212608045788,C,Lumpy,15.0,,1,CB,1610印刷机械,天津
 CF-H-045-O0-A,1.0,0.9999226183769137,C,Lumpy,15.0,,1,CF,9099其他机械,上海
101-25-13G 24V 50DIN,1.0,0.9999239759492485,C,Lumpy,15.0,,1,CB,,江苏
 SFF-100DS-32BK-35B-450N,1.0,0.9999253335215834,C,Lumpy,15.0,,1,TEC,9099其他机械,江苏
101-12-11N 24V R25DIN A25DIN,1.0,0.9999266910939182,C,Lumpy,15.0,,1,CB,9092公司内部设备,北京
101-12-13N 24V 25DIN,1.0,0.9999280486662531,C,Lumpy,15.0,,1,CB,1610印刷机械,广东
101-12-13N 24V 30JIS,1.0,0.999929406238588,C,Lumpy,15.0,,1,CB,1640纸加工机械,天津
101-12-15N 24V R25JIS A25JIS,1.0,0.9999307638109227,C,Lumpy,15.0,,1,CB,1990其他包装机械,天津
101-16-11G 24V R28DIN A40DIN,1.0,0.9999321213832576,C,Lumpy,15.0,,1,CB,,江苏
V7-04-4,1.0,0.9999334789555925,C,Lumpy,15.0,,1,ME,0140伺服电机,浙江
101-10-11G 24V R19DIN A25JIS,1.0,0.9999348365279273,C,Lumpy,15.0,,1,CB,1590其他测试仪·实验器,广东
111-10-11G 24V 25DIN,1.0,0.9999361941002621,C,Lumpy,15.0,,1,CB,1090其他机床,上海
111-10-12G 24V 25DIN,1.0,0.999937551672597,C,Lumpy,15.0,,1,CB,1590其他测试仪·实验器,湖北
111-16-11G 24V 40DIN,1.0,0.9999389092449319,C,Lumpy,15.0,,1,CB,1190其他半导体关联装置,广东
101-06-11G 24V R15DIN A15DIN,1.0,0.9999402668172667,C,Lumpy,15.0,,1,CB,9099其他机械,辽宁
101-06-15G 24V R12DIN A12DIN,1.0,0.9999416243896015,C,Lumpy,15.0,,1,CB,,广东
101-06-13G 24V 15JIS,1.0,0.9999429819619364,C,Lumpy,15.0,,1,CB,,陕西
101-06-13-A-110G,1.0,0.9999443395342712,C,Lumpy,15.0,,1,CB,,上海
101-06-15N 24V R12JIS A12JIS,1.0,0.9999456971066061,C,Lumpy,15.0,,1,CB,,上海
SFC-060DA2-17B-25B,1.0,0.999947054678941,C,Lumpy,15.0,,1,TEC,8020贸易公司,上海
SFC-060DA2-17B-32B,1.0,0.9999484122512757,C,Lumpy,15.0,,1,TEC,,上海
SFC-060DA2-17BH-18BH,1.0,0.9999497698236106,C,Lumpy,15.0,,1,TEC,9099其他机械,江苏
SFC-060DA2-17BH-28BH,1.0,0.9999511273959455,C,Lumpy,15.0,,1,TEC,9099其他机械,浙江
ETP-T-75,1.0,0.9999524849682804,C,Lumpy,15.0,,1,TEC,9092公司内部设备,北京
SFC-060DA2-15B-24B,1.0,0.9999538425406151,C,Lumpy,15.0,,1,TEC,1590其他测试仪·实验器,江苏
111-06-11N 24V 12DIN,1.0,0.99995520011295,C,Lumpy,15.0,,1,CB,9092公司内部设备,河北
SFS-09S-25M-35M,1.0,0.9999565576852849,C,Lumpy,15.0,,1,TEC,9099其他机械,天津
101-25-15G 24V R50JIS A50JIS,1.0,0.9999579152576197,C,Lumpy,15.0,,1,CB,1910包装机械,河北
102-03-11 24V R6DIN A6DIN,1.0,0.9999592728299546,C,Lumpy,15.0,,1,CB,9099其他机械,辽宁
TT-1X-01-8-8-1NM,1.0,0.9999606304022894,C,Lumpy,15.0,,1,ME,1190其他半导体关联装置,上海
VB-007-G2,1.0,0.9999619879746242,C,Lumpy,15.0,,1,ME,0820真空泵,陕西
SFC-025SA2-12B-13B,1.0,0.9999633455469591,C,Lumpy,15.0,,1,TEC,1190其他半导体关联装置,江苏
SFC-025SA2-6B-13B,1.0,0.999964703119294,C,Lumpy,15.0,,1,TEC,1590其他测试仪·实验器,江苏
SFC-050DA2-16BH-19BH,1.0,0.9999660606916289,C,Lumpy,15.0,,1,TEC,1140半导体检查装置,广东
SFC-050DA2-16BH-22BH,1.0,0.9999674182639636,C,Lumpy,15.0,,1,TEC,1140半导体检查装置,广东
U6-B-20 ,1.0,0.9999687758362985,C,Lumpy,15.0,,1,ME,8020贸易公司,江苏
U6-C-20 ,1.0,0.9999701334086334,C,Lumpy,15.0,,1,ME,8020贸易公司,江苏
U8-B-20 ,1.0,0.9999714909809682,C,Lumpy,15.0,,1,ME,8020贸易公司,江苏
101-06-13N 24V 12JIS,1.0,0.999972848553303,C,Lumpy,15.0,,1,CB,1090其他机床,广东
TT-2X-02-20-20-8NM,1.0,0.9999742061256379,C,Lumpy,15.0,,1,ME,1610印刷机械,天津
TT-2X-03-18-12NM,1.0,0.9999755636979727,C,Lumpy,15.0,,1,ME,1990其他包装机械,天津
TT-2X-03-18-8NM,1.0,0.9999769212703076,C,Lumpy,15.0,,1,ME,,广东
TT-2X-03-18H-12NM,1.0,0.9999782788426425,C,Lumpy,15.0,,1,ME,,江苏
SY25D00230M5005-24V,1.0,0.9999796364149773,C,Lumpy,15.0,,1,ME,1590其他测试仪·实验器,山东
TL6-M6M（1包/10PCS） ,1.0,0.9999809939873121,C,Lumpy,15.0,,1,ME,8020贸易公司,江苏
TS6-M5M（1包/10PCS）,1.0,0.999982351559647,C,Lumpy,15.0,,1,ME,8020贸易公司,江苏
TT-1X-01-12-12-2.5NM,1.0,0.9999837091319819,C,Lumpy,15.0,,1,ME,9004其他加工机械,上海
101-10-15N 24V R20DIN A20JIS,1.0,0.9999850667043166,C,Lumpy,15.0,,1,CB,9092公司内部设备,安徽
101-12-11G 24V R24DIN A30JIS,1.0,0.9999864242766515,C,Lumpy,15.0,,1,CB,,江苏
TT-3X-01-28H-25H-20NM,1.0,0.9999877818489864,C,Lumpy,15.0,,1,ME,,江苏
U4-C-20 ,1.0,0.9999891394213212,C,Lumpy,15.0,,1,ME,8020贸易公司,江苏
SRG-070DS-28K-28K,1.0,0.999990496993656,C,Lumpy,15.0,,1,TEC,,河南
SFC-035SA2-15B-19B,1.0,0.9999918545659909,C,Lumpy,15.0,,1,TEC,,北京
SFC-035SA2-16B-16B,1.0,0.9999932121383258,C,Lumpy,15.0,,1,TEC,2190其他能源装置,江苏
SFC-035SA2-6B-16B,1.0,0.9999945697106606,C,Lumpy,15.0,,1,TEC,,辽宁
SFC-040DA2-12B-20B,1.0,0.9999959272829955,C,Lumpy,15.0,,1,TEC,1190其他半导体关联装置,上海
SFC-040DA2-12B-20B L=50,1.0,0.9999972848553303,C,Lumpy,15.0,,1,TEC,1510测试仪,上海
SFC-040DA2-13.5B-19B,1.0,0.9999986424276651,C,Lumpy,15.0,,1,TEC,1590其他测试仪·实验器,江苏
SFC-040DA2-13B-14B,1.0,1.0,C,Lumpy,15.0,,1,TEC,1140半导体检查装置,广东
